{"type":"FeatureCollection","features":[{"type":"Feature","properties":{"osm_id":4832552,"name":"Strada General Magheru","highway":"residential","name_ro":null,"source":"openstreetmap"},"geometry":{"type":"LineString","coordinates":[[24.1535997,45.7970029],[24.1531103,45.796764]]}},{"type":"Feature","properties":{"osm_id":4832553,"name":"Strada 9 Mai","highway":"tertiary","name_ro":"Strada 9 Mai","source":"openstreetmap"},"geometry":{"type":"LineString","coordinates":[[24.1570758,45.800092],[24.1569056,45.8000769],[24.1565658,45.8000466],[24.1563491,45.8000311],[24.1561436,45.8000221],[24.1558149,45.8000168],[24.1555689,45.8000193],[24.155378,45.8000347],[24.1552385,45.8000463],[24.155186,45.8000507],[24.1549903,45.800058],[24.1547279,45.8000597],[24.1543746,45.800056],[24.1539107,45.8000489],[24.153417,45.800039],[24.1532258,45.8000316],[24.1529847,45.8000088],[24.1527393,45.799973],[24.1525331,45.7999401],[24.1518328,45.7998187],[24.1516617,45.7997848],[24.1514593,45.7997403]]}},{"type":"Feature","properties":{"osm_id":4832554,"name":"Strada Bâlea","highway":"primary","name_ro":null,"source":"openstreetmap"},"geometry":{"type":"LineString","coordinates":[[24.1642858,45.7901509],[24.1642543,45.7901922],[24.1642188,45.7902274],[24.1641231,45.7903231],[24.1640123,45.7904308],[24.1638452,45.7905835],[24.1620148,45.7921845],[24.1619327,45.7922518],[24.1609814,45.7930075],[24.160752,45.7932056]]}},{"type":"Feature","properties":{"osm_id":4832556,"name":"Strada Constituției","highway":"primary","name_ro":null,"source":"openstreetmap"},"geometry":{"type":"LineString","coordinates":[[24.159186,45.796582],[24.1590447,45.796706],[24.1587466,45.7969979],[24.1581129,45.7978717]]}},{"type":"Feature","properties":{"osm_id":4832560,"name":"Strada Abatorului","highway":"primary","name_ro":null,"source":"openstreetmap"},"geometry":{"type":"LineString","coordinates":[[24.1569283,45.8016596],[24.1568908,45.8017499],[24.156813,45.801937],[24.1567281,45.8021415],[24.1566218,45.8023744],[24.1565757,45.8024682],[24.1564545,45.8026896],[24.1564266,45.8027527],[24.1563929,45.8028725],[24.1563869,45.8028939],[24.1563735,45.8029317],[24.1563546,45.802972],[24.1563316,45.8030112],[24.1561442,45.8032123],[24.1559576,45.8033978],[24.1559027,45.8034428],[24.1558448,45.8034803],[24.1557524,45.8035119],[24.1556619,45.8035336],[24.1554999,45.803562],[24.1552133,45.8036003],[24.1549929,45.8036317],[24.1547531,45.803666],[24.1546739,45.8036746],[24.1545736,45.803681],[24.1544945,45.803683],[24.1539172,45.8036823],[24.1526077,45.8036565],[24.1524755,45.8036558],[24.1521239,45.8036509],[24.1520486,45.8036549],[24.1520059,45.8036636],[24.1519449,45.8036804],[24.1518839,45.803708],[24.1518055,45.8037496],[24.1517334,45.803812]]}},{"type":"Feature","properties":{"osm_id":4832563,"name":"Strada Justiției","highway":"tertiary","name_ro":null,"source":"openstreetmap"},"geometry":{"type":"LineString","coordinates":[[24.1471888,45.7871632],[24.1452604,45.7884609],[24.1452006,45.7885017],[24.1440198,45.7893024],[24.1439859,45.7893414],[24.1439798,45.7893712],[24.1439856,45.7894004]]}},{"type":"Feature","properties":{"osm_id":4832568,"name":"Strada Ceferiștilor","highway":"tertiary","name_ro":null,"source":"openstreetmap"},"geometry":{"type":"LineString","coordinates":[[24.1693644,45.7856984],[24.1693732,45.785781],[24.1694648,45.7866434],[24.1695441,45.7873889],[24.1695919,45.7878392],[24.1696246,45.788147],[24.1696809,45.7886769],[24.1697043,45.7888969],[24.1697187,45.7890378],[24.1697772,45.7895835],[24.169787,45.7896754]]}},{"type":"Feature","properties":{"osm_id":4832569,"name":"Strada Fochiștilor","highway":"residential","name_ro":null,"source":"openstreetmap"},"geometry":{"type":"LineString","coordinates":[[24.1664408,45.7868162],[24.1694648,45.7866434]]}},{"type":"Feature","properties":{"osm_id":4832571,"name":"Strada Vasile Aaron","highway":"tertiary","name_ro":null,"source":"openstreetmap"},"geometry":{"type":"LineString","coordinates":[[24.1670282,45.7846498],[24.1678054,45.7849992],[24.1684873,45.7853057],[24.1691583,45.7856074],[24.1692032,45.7856273],[24.1693644,45.7856984],[24.1701815,45.786088],[24.1703463,45.786166],[24.17073,45.7863484],[24.1718526,45.786903],[24.1721677,45.7870555],[24.1733082,45.7876315],[24.1734027,45.7876763],[24.1741516,45.7880362],[24.1745632,45.7882593]]}},{"type":"Feature","properties":{"osm_id":4832624,"name":"Șoseaua Sibiului","highway":"primary","name_ro":null,"source":"openstreetmap"},"geometry":{"type":"LineString","coordinates":[[24.1720587,45.7771992],[24.1717039,45.7775772],[24.171496,45.7778036],[24.171224,45.7780664],[24.1710964,45.7781969],[24.1709162,45.7783967]]}},{"type":"Feature","properties":{"osm_id":4832625,"name":"Șoseaua Sibiului","highway":"primary","name_ro":null,"source":"openstreetmap"},"geometry":{"type":"LineString","coordinates":[[24.1726213,45.7763958],[24.1725949,45.7763658],[24.1725776,45.7763328],[24.1725699,45.7762981],[24.1725738,45.7762566],[24.1725915,45.7762169],[24.172622,45.7761812],[24.1726636,45.7761515],[24.1727144,45.7761292],[24.1727713,45.7761159],[24.1728307,45.7761123],[24.1728896,45.7761185],[24.1729448,45.7761341],[24.1729933,45.7761583],[24.1730323,45.7761897],[24.1730477,45.7762078],[24.1730692,45.7762483],[24.1730759,45.7762913],[24.1730675,45.7763341],[24.1730444,45.7763742],[24.173018,45.7764013],[24.1729848,45.7764245],[24.172946,45.7764431],[24.1729039,45.776457],[24.1728652,45.7764641],[24.1728057,45.776465],[24.1727356,45.7764546],[24.1726724,45.7764309],[24.1726213,45.7763958]]}},{"type":"Feature","properties":{"osm_id":4832626,"name":"Șoseaua Sibiului","highway":"primary","name_ro":null,"source":"openstreetmap"},"geometry":{"type":"LineString","coordinates":[[24.1728652,45.7764641],[24.1727811,45.7765055],[24.1727139,45.7765444],[24.172663,45.7765743],[24.1725932,45.7766285],[24.1725224,45.7766942],[24.1724471,45.7767694],[24.1723409,45.7768854],[24.1722379,45.7770025],[24.1720587,45.7771992]]}},{"type":"Feature","properties":{"osm_id":4832627,"name":"Șoseaua Sibiului","highway":"primary","name_ro":null,"source":"openstreetmap"},"geometry":{"type":"LineString","coordinates":[[24.1719855,45.777159],[24.1721533,45.7769762],[24.1723029,45.7767999],[24.1725493,45.7765044],[24.1725826,45.7764584],[24.1726213,45.7763958]]}},{"type":"Feature","properties":{"osm_id":4832628,"name":"Șoseaua Sibiului","highway":"primary","name_ro":null,"source":"openstreetmap"},"geometry":{"type":"LineString","coordinates":[[24.1727713,45.7761159],[24.1728802,45.7760507],[24.1729683,45.7759917],[24.1730618,45.7759198],[24.173132,45.7758607],[24.1731982,45.7758003],[24.1737654,45.7752241]]}},{"type":"Feature","properties":{"osm_id":4832629,"name":"Șoseaua Sibiului","highway":"primary","name_ro":null,"source":"openstreetmap"},"geometry":{"type":"LineString","coordinates":[[24.173565,45.7755345],[24.1733497,45.7757657],[24.1731412,45.7760041],[24.1730967,45.7760637],[24.1730701,45.7761094],[24.1730323,45.7761897]]}},{"type":"Feature","properties":{"osm_id":4832630,"name":"Șoseaua Alba Iulia","highway":"primary","name_ro":null,"source":"openstreetmap"},"geometry":{"type":"LineString","coordinates":[[24.1333914,45.7929343],[24.1330571,45.7930191],[24.1329058,45.7930838]]}},{"type":"Feature","properties":{"osm_id":4832656,"name":"Strada Moldoveanu","highway":"primary","name_ro":null,"source":"openstreetmap"},"geometry":{"type":"LineString","coordinates":[[24.1623997,45.7861685],[24.1626469,45.7865198],[24.1630016,45.7872731],[24.1636374,45.7886291]]}},{"type":"Feature","properties":{"osm_id":4832658,"name":"Strada Semaforului","highway":"primary","name_ro":null,"source":"openstreetmap"},"geometry":{"type":"LineString","coordinates":[[24.1676388,45.7824193],[24.1687012,45.7829898],[24.168774,45.7830295],[24.1690938,45.7831927],[24.1693044,45.783302],[24.1699312,45.7836288],[24.1701574,45.7837487],[24.1703744,45.7838661],[24.170604,45.7839861],[24.1708137,45.7840957],[24.1715338,45.7844758],[24.1719281,45.7846934]]}},{"type":"Feature","properties":{"osm_id":4832659,"name":"Strada Șoimului","highway":"residential","name_ro":null,"source":"openstreetmap"},"geometry":{"type":"LineString","coordinates":[[24.1659002,45.7841261],[24.1664205,45.7836152],[24.1668715,45.7831724],[24.1670757,45.782968],[24.1673343,45.782709],[24.1675461,45.7825075],[24.1675722,45.7824827],[24.1676388,45.7824193]]}},{"type":"Feature","properties":{"osm_id":4832660,"name":"Strada Electricienilor","highway":"residential","name_ro":null,"source":"openstreetmap"},"geometry":{"type":"LineString","coordinates":[[24.1687012,45.7829898],[24.1686478,45.7830448],[24.1670831,45.7845954],[24.1670282,45.7846498]]}},{"type":"Feature","properties":{"osm_id":4847414,"name":"Strada Malului","highway":"primary","name_ro":null,"source":"openstreetmap"},"geometry":{"type":"LineString","coordinates":[[24.133135,45.793966],[24.1331784,45.7940246],[24.1334833,45.7944497],[24.1335426,45.7945157],[24.1335763,45.7945474],[24.1337472,45.794681],[24.133886,45.7947793],[24.1350693,45.7953958],[24.135309,45.7954862],[24.1355691,45.7955453],[24.1359244,45.7956202],[24.1371774,45.7958798],[24.137369,45.7959203],[24.1383906,45.796129],[24.1392999,45.7962882],[24.139516,45.7963246],[24.1397216,45.7963627],[24.1400824,45.7964273],[24.1402829,45.7964599],[24.1404935,45.7964935],[24.1408287,45.7965605],[24.1409873,45.7965989],[24.1410537,45.7966165],[24.1412724,45.7966855],[24.1415554,45.796817],[24.1416325,45.7968536],[24.1417633,45.796934],[24.1418941,45.7970237],[24.142437,45.7975171],[24.1430328,45.7981157],[24.1435589,45.7987119]]}},{"type":"Feature","properties":{"osm_id":4847447,"name":"Strada Măsarilor","highway":"tertiary","name_ro":"Strada Măsarilor","source":"openstreetmap"},"geometry":{"type":"LineString","coordinates":[[24.1457063,45.7975731],[24.1456471,45.797625],[24.1455988,45.7976734],[24.1455621,45.7977146],[24.1455126,45.7977839],[24.1454926,45.7978094],[24.1454685,45.7978314],[24.1454211,45.7978611],[24.1453836,45.7978795],[24.1446063,45.798262],[24.1445728,45.798279],[24.1445364,45.7982975]]}},{"type":"Feature","properties":{"osm_id":4847539,"name":"Strada Alexandru Ioan Cuza","highway":"residential","name_ro":null,"source":"openstreetmap"},"geometry":{"type":"LineString","coordinates":[[24.1535942,45.7851107],[24.1536822,45.785162],[24.1567024,45.7867766],[24.1568006,45.7868286]]}},{"type":"Feature","properties":{"osm_id":4847540,"name":"Strada Călugăreni","highway":"residential","name_ro":null,"source":"openstreetmap"},"geometry":{"type":"LineString","coordinates":[[24.1544369,45.7844115],[24.1545037,45.7844503],[24.1576186,45.786257],[24.1577262,45.7863181],[24.1578268,45.7863764]]}},{"type":"Feature","properties":{"osm_id":4847541,"name":"Strada Mirăslău","highway":"residential","name_ro":null,"source":"openstreetmap"},"geometry":{"type":"LineString","coordinates":[[24.1550194,45.7840944],[24.1551168,45.7841535],[24.1562513,45.7848414],[24.1583114,45.7860592],[24.1584091,45.7861172]]}},{"type":"Feature","properties":{"osm_id":8465675,"name":"Strada Valea Mare","highway":"residential","name_ro":null,"source":"openstreetmap"},"geometry":{"type":"LineString","coordinates":[[24.1478695,45.79964],[24.1475823,45.7995228],[24.1473415,45.7994301],[24.1471007,45.7993476],[24.1468654,45.7992761],[24.146338,45.7991119],[24.1462508,45.7990867]]}},{"type":"Feature","properties":{"osm_id":8465680,"name":"Piața Cibin","highway":"tertiary","name_ro":null,"source":"openstreetmap"},"geometry":{"type":"LineString","coordinates":[[24.1443494,45.7998068],[24.1445606,45.7997473],[24.1450855,45.7995858],[24.1452932,45.7995175],[24.1454671,45.7994554]]}},{"type":"Feature","properties":{"osm_id":8465682,"name":"Strada Faurului","highway":"tertiary","name_ro":"Strada Faurului","source":"openstreetmap"},"geometry":{"type":"LineString","coordinates":[[24.1484266,45.7983635],[24.1484936,45.7984051],[24.1485096,45.798414],[24.1487375,45.7985209],[24.149203,45.798742],[24.1494344,45.7988639],[24.1500877,45.7992399],[24.1502882,45.7993431],[24.1503963,45.799392],[24.1504983,45.7994325]]}},{"type":"Feature","properties":{"osm_id":8465694,"name":"Strada Oștirii","highway":"residential","name_ro":null,"source":"openstreetmap"},"geometry":{"type":"LineString","coordinates":[[24.1554479,45.775979],[24.1552752,45.7760735],[24.155177,45.7761589],[24.1548935,45.7764055],[24.1546305,45.7766343],[24.154353,45.7768757],[24.1542671,45.7769504],[24.1538004,45.7773564],[24.1535632,45.7775626],[24.153369,45.7777316],[24.1529159,45.7781258],[24.1527512,45.778269]]}},{"type":"Feature","properties":{"osm_id":8465698,"name":"Bulevardul Mihai Viteazul","highway":"primary","name_ro":null,"source":"openstreetmap"},"geometry":{"type":"LineString","coordinates":[[24.1581124,45.7778111],[24.1579437,45.7778725],[24.15778,45.7779559],[24.1564745,45.7786196],[24.1559525,45.7788849],[24.1554304,45.7791502],[24.1551718,45.7792835],[24.1551119,45.7793188],[24.1550471,45.7793566]]}},{"type":"Feature","properties":{"osm_id":8465702,"name":"Strada Hipodromului","highway":"tertiary","name_ro":null,"source":"openstreetmap"},"geometry":{"type":"LineString","coordinates":[[24.1529312,45.7857653],[24.1529553,45.7857312],[24.1529959,45.7856619],[24.1530323,45.7856188],[24.1535942,45.7851107],[24.1539834,45.7847595],[24.1542626,45.7845084],[24.1544369,45.7844115],[24.1549652,45.784123],[24.1550194,45.7840944],[24.1555788,45.7837965],[24.1564772,45.7833119],[24.1565692,45.7832649],[24.1566474,45.7832231],[24.1574143,45.7827963],[24.1575039,45.7827409],[24.157574,45.7826881],[24.1576291,45.7826288]]}},{"type":"Feature","properties":{"osm_id":8465704,"name":"Strada Hipodromului","highway":"tertiary","name_ro":null,"source":"openstreetmap"},"geometry":{"type":"LineString","coordinates":[[24.1576291,45.7826288],[24.1576594,45.7825788],[24.1578268,45.7822585],[24.1581201,45.7816571],[24.1581395,45.7816237],[24.15817,45.7816001],[24.1582006,45.7815852],[24.1582388,45.7815703]]}},{"type":"Feature","properties":{"osm_id":8465708,"name":"Strada Mikhail V. Lomonosov","highway":"tertiary","name_ro":null,"source":"openstreetmap"},"geometry":{"type":"LineString","coordinates":[[24.1492837,45.7865068],[24.1490889,45.7865396],[24.1482245,45.7866853],[24.1480306,45.7867214],[24.1479373,45.7867445],[24.1478441,45.7867736],[24.1477431,45.7868156],[24.1476123,45.7868773]]}},{"type":"Feature","properties":{"osm_id":8465714,"name":"Aleea Geniștilor","highway":"residential","name_ro":null,"source":"openstreetmap"},"geometry":{"type":"LineString","coordinates":[[24.1605741,45.7817477],[24.1606074,45.7817183],[24.1606538,45.7816772],[24.1610561,45.7813093],[24.1612447,45.7811349],[24.1611986,45.7810136],[24.1611253,45.7809084],[24.1605302,45.780643],[24.1599986,45.7804134],[24.1595748,45.7802304],[24.1589036,45.7799456]]}},{"type":"Feature","properties":{"osm_id":8465716,"name":"Strada Luptei","highway":"tertiary","name_ro":null,"source":"openstreetmap"},"geometry":{"type":"LineString","coordinates":[[24.1581195,45.7807169],[24.1585565,45.7809047],[24.1596585,45.7813754],[24.1605741,45.7817477]]}},{"type":"Feature","properties":{"osm_id":8465718,"name":"Strada Târgul Fânului","highway":"primary","name_ro":null,"source":"openstreetmap"},"geometry":{"type":"LineString","coordinates":[[24.1513943,45.8024688],[24.1514306,45.8026086],[24.1515784,45.8030844]]}},{"type":"Feature","properties":{"osm_id":8465719,"name":"Strada Râului","highway":"primary","name_ro":null,"source":"openstreetmap"},"geometry":{"type":"LineString","coordinates":[[24.1513167,45.8051815],[24.1512061,45.8051504],[24.1510468,45.805108],[24.1506598,45.8050039],[24.1506324,45.8049964]]}},{"type":"Feature","properties":{"osm_id":8465725,"name":"Strada Țiglari","highway":"tertiary","name_ro":null,"source":"openstreetmap"},"geometry":{"type":"LineString","coordinates":[[24.1451368,45.8065257],[24.1450006,45.8065969],[24.1429274,45.8076572],[24.1426303,45.8078161]]}},{"type":"Feature","properties":{"osm_id":8465726,"name":"Strada Simion Bărnuțiu","highway":"residential","name_ro":null,"source":"openstreetmap"},"geometry":{"type":"LineString","coordinates":[[24.1411003,45.8073071],[24.14113,45.807264],[24.1412773,45.8070426],[24.1413461,45.8069491],[24.1413771,45.8069135],[24.1414021,45.806892],[24.1414447,45.8068643],[24.1417831,45.8067086],[24.1424032,45.8064231],[24.1428508,45.8062168],[24.1434446,45.8059524],[24.1437439,45.8058136],[24.1440894,45.805669],[24.1443494,45.805569],[24.1444693,45.8055265],[24.1445774,45.8054881]]}},{"type":"Feature","properties":{"osm_id":8465729,"name":"Strada Lungă","highway":"primary","name_ro":null,"source":"openstreetmap"},"geometry":{"type":"LineString","coordinates":[[24.1459373,45.8077972],[24.1457284,45.8074633],[24.1456929,45.8074029],[24.1456032,45.8072619],[24.1455649,45.807203],[24.1452496,45.8067097],[24.1451368,45.8065257]]}},{"type":"Feature","properties":{"osm_id":16153602,"name":"Bulevardul Victoriei","highway":"secondary","name_ro":null,"source":"openstreetmap"},"geometry":{"type":"LineString","coordinates":[[24.1423946,45.7882978],[24.1425532,45.7884178],[24.1438435,45.7893023],[24.1439856,45.7894004],[24.1447382,45.7899908],[24.1448223,45.790059],[24.1452238,45.7904084],[24.1454738,45.7906335],[24.1457903,45.7909183],[24.1459365,45.7910469],[24.1460453,45.7911424]]}},{"type":"Feature","properties":{"osm_id":16153604,"name":"Strada Tudor Arghezi","highway":"secondary","name_ro":null,"source":"openstreetmap"},"geometry":{"type":"LineString","coordinates":[[24.1393924,45.7916998],[24.1394647,45.7918124],[24.1394963,45.7918761],[24.1395141,45.7919301],[24.1395185,45.7919815],[24.1395137,45.7920281]]}},{"type":"Feature","properties":{"osm_id":16153606,"name":"Strada Mărășești","highway":"residential","name_ro":null,"source":"openstreetmap"},"geometry":{"type":"LineString","coordinates":[[24.1487061,45.7849585],[24.1488225,45.784937],[24.1496838,45.7847808],[24.1498448,45.7847516],[24.1506732,45.784601],[24.1507756,45.7845834]]}},{"type":"Feature","properties":{"osm_id":16153609,"name":"Strada Berăriei","highway":"residential","name_ro":null,"source":"openstreetmap"},"geometry":{"type":"LineString","coordinates":[[24.1526409,45.790255],[24.1523119,45.790669],[24.1522202,45.7907394],[24.1521057,45.7907844],[24.1520299,45.7908202]]}},{"type":"Feature","properties":{"osm_id":16153610,"name":"Strada Cristian","highway":"tertiary","name_ro":null,"source":"openstreetmap"},"geometry":{"type":"LineString","coordinates":[[24.1341786,45.7833534],[24.1343362,45.7834478],[24.1346091,45.783631],[24.1350575,45.7839282],[24.1352319,45.784046],[24.1353472,45.7841207],[24.1354747,45.7841943],[24.1356438,45.7842716],[24.1364508,45.7846244],[24.1370115,45.7848743],[24.1371045,45.7849215],[24.1371765,45.7849663],[24.1372676,45.785047],[24.1373277,45.7851212],[24.1373878,45.7852201]]}},{"type":"Feature","properties":{"osm_id":16153613,"name":"Calea Dumbrăvii","highway":"secondary","name_ro":null,"source":"openstreetmap"},"geometry":{"type":"LineString","coordinates":[[24.1245134,45.7595706],[24.1246045,45.7596023],[24.1253791,45.7598717],[24.1255801,45.759943],[24.1257293,45.7599971],[24.1258851,45.7600597],[24.1260405,45.7601334],[24.1261907,45.7602206],[24.1263472,45.7603255],[24.1266177,45.7605316],[24.126686,45.7605876],[24.1275175,45.7612518],[24.1276006,45.7613173],[24.1276945,45.7613959],[24.1322709,45.7652793]]}},{"type":"Feature","properties":{"osm_id":19380126,"name":"Șoseaua Alba Iulia","highway":"primary","name_ro":null,"source":"openstreetmap"},"geometry":{"type":"LineString","coordinates":[[24.0969886,45.7907709],[24.09641,45.7906918],[24.096305,45.7906773],[24.0961674,45.7906583],[24.0955193,45.790567],[24.093383,45.7902662],[24.0933151,45.7902574],[24.0932854,45.7902535]]}},{"type":"Feature","properties":{"osm_id":22662606,"name":"Strada Rusciorului","highway":"primary","name_ro":null,"source":"openstreetmap"},"geometry":{"type":"LineString","coordinates":[[24.151838,45.8057196],[24.1518351,45.8057849],[24.1517868,45.8065358],[24.1517682,45.8067317],[24.1517481,45.8069301],[24.1516969,45.8071526],[24.1516465,45.8072979],[24.1515867,45.8074264],[24.1515063,45.8075686],[24.1513876,45.8077297],[24.1512094,45.8079261],[24.1510543,45.808073],[24.1509203,45.8081731],[24.1507939,45.8082589],[24.1506146,45.808365],[24.1505053,45.8084214],[24.1504054,45.8084696],[24.1502265,45.8085415],[24.149994,45.8086132],[24.1497218,45.8086889],[24.1495748,45.8087313],[24.1494658,45.8087613],[24.1493565,45.8087918],[24.1492336,45.8088274],[24.1491043,45.8088648],[24.1488508,45.8089382]]}},{"type":"Feature","properties":{"osm_id":22662607,"name":"Strada Rusciorului","highway":"primary","name_ro":null,"source":"openstreetmap"},"geometry":{"type":"LineString","coordinates":[[24.1518244,45.8046252],[24.1518524,45.8046947]]}},{"type":"Feature","properties":{"osm_id":23004821,"name":"Strada Lungă","highway":"primary","name_ro":null,"source":"openstreetmap"},"geometry":{"type":"LineString","coordinates":[[24.1494652,45.8130459],[24.1494082,45.8129259],[24.1493426,45.8128206],[24.1492691,45.812719],[24.14917,45.8125924],[24.1490194,45.8123963],[24.1487676,45.8120639],[24.148655,45.8119128],[24.148464,45.8116549],[24.1483084,45.8114476],[24.1481616,45.8112366],[24.1480182,45.8110257],[24.1477029,45.810529],[24.1471417,45.8096697]]}},{"type":"Feature","properties":{"osm_id":24025482,"name":"Centura Sibiului","highway":"motorway","name_ro":null,"source":"openstreetmap"},"geometry":{"type":"LineString","coordinates":[[24.2033584,45.7516028],[24.203935,45.7523861],[24.2042622,45.752839],[24.2045231,45.753225]]}},{"type":"Feature","properties":{"osm_id":24025485,"name":"Centura Sibiului","highway":"motorway","name_ro":null,"source":"openstreetmap"},"geometry":{"type":"LineString","coordinates":[[24.2068528,45.7586763],[24.2069716,45.7592447]]}},{"type":"Feature","properties":{"osm_id":24025519,"name":"Centura Sibiului","highway":"motorway","name_ro":null,"source":"openstreetmap"},"geometry":{"type":"LineString","coordinates":[[24.2072579,45.761345],[24.2072817,45.7622271],[24.2072632,45.7629071],[24.2072133,45.7635663],[24.2071205,45.7644334]]}},{"type":"Feature","properties":{"osm_id":24025532,"name":"Centura Sibiului","highway":"motorway","name_ro":null,"source":"openstreetmap"},"geometry":{"type":"LineString","coordinates":[[24.2004488,45.7853686],[24.2000378,45.7865784],[24.1995184,45.7881477],[24.1992528,45.7889308],[24.1991827,45.7891284]]}},{"type":"Feature","properties":{"osm_id":24025538,"name":"Centura Sibiului","highway":"motorway","name_ro":null,"source":"openstreetmap"},"geometry":{"type":"LineString","coordinates":[[24.1885345,45.8005225],[24.1879355,45.800826]]}},{"type":"Feature","properties":{"osm_id":24025545,"name":"Centura Sibiului","highway":"motorway","name_ro":null,"source":"openstreetmap"},"geometry":{"type":"LineString","coordinates":[[24.1855279,45.801995],[24.1849235,45.8022798]]}},{"type":"Feature","properties":{"osm_id":24025553,"name":"Centura Sibiului","highway":"motorway","name_ro":null,"source":"openstreetmap"},"geometry":{"type":"LineString","coordinates":[[24.1519958,45.8233077],[24.1511225,45.823523]]}},{"type":"Feature","properties":{"osm_id":24025564,"name":"Centura Sibiului","highway":"motorway","name_ro":null,"source":"openstreetmap"},"geometry":{"type":"LineString","coordinates":[[24.1427063,45.82462],[24.1422283,45.8246463]]}},{"type":"Feature","properties":{"osm_id":24025569,"name":"Centura Sibiului","highway":"motorway","name_ro":null,"source":"openstreetmap"},"geometry":{"type":"LineString","coordinates":[[24.1072305,45.8265846],[24.1025069,45.82689],[24.1003271,45.8270048],[24.0982581,45.8270965],[24.0967083,45.8271012],[24.0950428,45.8270488],[24.093489,45.8269247],[24.0914065,45.8266794],[24.0894239,45.8263446],[24.0876849,45.8259444],[24.0855156,45.8253575],[24.0842932,45.8249646],[24.0818837,45.8240378],[24.0804995,45.8233928],[24.0784175,45.8222924],[24.0776563,45.8218385]]}},{"type":"Feature","properties":{"osm_id":24025572,"name":"Centura Sibiului","highway":"motorway","name_ro":null,"source":"openstreetmap"},"geometry":{"type":"LineString","coordinates":[[24.2018048,45.7495989],[24.2033584,45.7516028]]}},{"type":"Feature","properties":{"osm_id":24025576,"name":"Centura Sibiului","highway":"motorway","name_ro":null,"source":"openstreetmap"},"geometry":{"type":"LineString","coordinates":[[24.2061054,45.7563303],[24.2063515,45.7569776],[24.2065682,45.757625],[24.2067373,45.7582199],[24.2068528,45.7586763]]}},{"type":"Feature","properties":{"osm_id":24025583,"name":"Centura Sibiului","highway":"motorway","name_ro":null,"source":"openstreetmap"},"geometry":{"type":"LineString","coordinates":[[24.2069716,45.7592447],[24.2070628,45.759725],[24.207154,45.7602726],[24.2072579,45.761345]]}},{"type":"Feature","properties":{"osm_id":24025593,"name":"Centura Sibiului","highway":"motorway","name_ro":null,"source":"openstreetmap"},"geometry":{"type":"LineString","coordinates":[[24.2071205,45.7644334],[24.2070048,45.7651186],[24.2068572,45.7657857],[24.206585,45.7667605],[24.2062504,45.7678039],[24.2059302,45.768781],[24.2056877,45.7695159],[24.2054427,45.770249],[24.2053641,45.770487]]}},{"type":"Feature","properties":{"osm_id":24025643,"name":"Centura Sibiului","highway":"motorway","name_ro":null,"source":"openstreetmap"},"geometry":{"type":"LineString","coordinates":[[24.1879355,45.800826],[24.1870471,45.8012734],[24.1855279,45.801995]]}},{"type":"Feature","properties":{"osm_id":24025647,"name":"Centura Sibiului","highway":"motorway","name_ro":null,"source":"openstreetmap"},"geometry":{"type":"LineString","coordinates":[[24.1826148,45.8033626],[24.1810148,45.8041266],[24.1801391,45.8045823],[24.1788034,45.8053249],[24.1776329,45.806122],[24.1772991,45.8063521],[24.1767985,45.8067205],[24.1762662,45.8071272],[24.1757679,45.8075221],[24.1753683,45.8078503],[24.1750018,45.8081634]]}},{"type":"Feature","properties":{"osm_id":24025657,"name":"Centura Sibiului","highway":"motorway","name_ro":null,"source":"openstreetmap"},"geometry":{"type":"LineString","coordinates":[[24.1511225,45.823523],[24.1507178,45.8236144],[24.150313,45.8237058],[24.149875,45.8237958],[24.1494306,45.8238791],[24.1488479,45.823985],[24.1482394,45.8240853],[24.1478076,45.8241549],[24.1473617,45.8242217],[24.1469214,45.8242818],[24.1464739,45.8243356],[24.1461639,45.8243672],[24.1458625,45.8243989],[24.1455714,45.8244264],[24.1452634,45.8244551],[24.1449625,45.8244816],[24.1446618,45.824504],[24.1440561,45.824543],[24.1434365,45.8245811],[24.1427063,45.82462]]}},{"type":"Feature","properties":{"osm_id":24025664,"name":"Centura Sibiului","highway":"motorway","name_ro":null,"source":"openstreetmap"},"geometry":{"type":"LineString","coordinates":[[24.1422283,45.8246463],[24.1405572,45.8247407],[24.139343,45.8248054],[24.1379641,45.82488],[24.1366251,45.8249569],[24.1118982,45.8263547]]}},{"type":"Feature","properties":{"osm_id":24317060,"name":"Strada Ogorului","highway":"residential","name_ro":null,"source":"openstreetmap"},"geometry":{"type":"LineString","coordinates":[[24.1176214,45.7959799],[24.1178495,45.7959741],[24.1186879,45.795767],[24.120875,45.7951849],[24.1213489,45.795824]]}},{"type":"Feature","properties":{"osm_id":24317061,"name":"Strada Maramureșului","highway":"primary","name_ro":null,"source":"openstreetmap"},"geometry":{"type":"LineString","coordinates":[[24.132235,45.7927888],[24.1323428,45.7928313],[24.1324898,45.7929267],[24.1325599,45.792992]]}},{"type":"Feature","properties":{"osm_id":24317062,"name":"Strada Popa Șapcă","highway":"residential","name_ro":null,"source":"openstreetmap"},"geometry":{"type":"LineString","coordinates":[[24.1441409,45.8036598],[24.1442582,45.8036341],[24.1447751,45.8035025],[24.1449263,45.8034579],[24.1450651,45.8033754],[24.1459979,45.8027968]]}},{"type":"Feature","properties":{"osm_id":24482020,"name":"Strada Ion Neculce","highway":"secondary","name_ro":null,"source":"openstreetmap"},"geometry":{"type":"LineString","coordinates":[[24.139516,45.7963246],[24.1396321,45.7959696],[24.1396815,45.7958367],[24.1398064,45.7955289],[24.1400942,45.7948197],[24.1404429,45.7939457],[24.1405147,45.7937789],[24.1405477,45.793717],[24.1405907,45.7936668],[24.1406275,45.7936335],[24.1406856,45.7935981],[24.1407923,45.7935479]]}},{"type":"Feature","properties":{"osm_id":24482021,"name":"Strada Morilor","highway":"tertiary","name_ro":null,"source":"openstreetmap"},"geometry":{"type":"LineString","coordinates":[[24.1441782,45.7984412],[24.143547,45.7976335],[24.1434836,45.7975594],[24.1434082,45.7974825],[24.1428489,45.7969932],[24.1419955,45.7962651],[24.1418943,45.7961643],[24.1418119,45.7960668],[24.1415833,45.795751],[24.1415412,45.7956855],[24.1415149,45.7956311],[24.1414943,45.7955734],[24.1414801,45.7955078],[24.141477,45.7954581],[24.1414778,45.7954012],[24.1414885,45.7952609],[24.1414998,45.795149],[24.1415238,45.7949573],[24.1415447,45.7948574],[24.1415638,45.7947826],[24.1415922,45.7947013],[24.1416735,45.7944965],[24.1417804,45.7942328],[24.1418099,45.794129],[24.1418234,45.7940355],[24.1418203,45.7939412],[24.1418077,45.7938458],[24.1417904,45.7937649],[24.1417485,45.7936105],[24.1416921,45.7934737],[24.1416446,45.7933754],[24.1416129,45.7933296]]}},{"type":"Feature","properties":{"osm_id":24482025,"name":"Strada Constantin Noica","highway":"tertiary","name_ro":null,"source":"openstreetmap"},"geometry":{"type":"LineString","coordinates":[[24.1603158,45.7938623],[24.1580144,45.7927846],[24.1579159,45.7927395],[24.1564999,45.7920857],[24.1564324,45.7920546]]}},{"type":"Feature","properties":{"osm_id":24482137,"name":"Strada Cristian","highway":"primary","name_ro":null,"source":"openstreetmap"},"geometry":{"type":"LineString","coordinates":[[24.1341786,45.7833534],[24.1342016,45.7833071],[24.1342152,45.7832517],[24.1342093,45.7831747],[24.1341741,45.7830815],[24.1339243,45.7825109],[24.1338279,45.7822327],[24.1338004,45.7821166],[24.1337887,45.7819909],[24.1338018,45.7818664],[24.1338384,45.7817432],[24.1339114,45.7816137],[24.1341344,45.7813477],[24.1342031,45.7812479],[24.1342397,45.7811821],[24.1342614,45.7811069],[24.1342702,45.7810193],[24.1342708,45.7808725]]}},{"type":"Feature","properties":{"osm_id":24536785,"name":"Piața Mare","highway":"pedestrian","name_ro":null,"source":"openstreetmap"},"geometry":{"type":"LineString","coordinates":[[24.152656,45.7966576],[24.1525548,45.7968024],[24.1524699,45.7969902],[24.1524351,45.7971156],[24.1524601,45.7971162],[24.1525895,45.7974039],[24.1525955,45.7974513],[24.1524812,45.797507],[24.1525289,45.7975617],[24.1524184,45.797613],[24.1523658,45.7976291],[24.1523289,45.7975774],[24.1522453,45.7976112],[24.1522239,45.7975851],[24.1521922,45.7975458],[24.1521792,45.7975284],[24.1521693,45.7975102],[24.1522583,45.7974424],[24.1521945,45.7973937],[24.1522371,45.7973619],[24.1520917,45.7972773],[24.1517342,45.7971015],[24.1512501,45.7968617],[24.1511863,45.7969242],[24.1511154,45.7968891],[24.1511058,45.7968773],[24.1510964,45.7968657],[24.1511044,45.7968409],[24.1511065,45.7968234],[24.1511,45.7968013],[24.1510847,45.7967813],[24.1510606,45.796764],[24.1510279,45.7967488],[24.1509913,45.7967401],[24.1507597,45.7967395],[24.150405,45.7968626],[24.1503978,45.7968651],[24.1501806,45.7969475],[24.1501478,45.7969599],[24.1501042,45.7969222],[24.1500565,45.796881],[24.1501991,45.7968321],[24.1503575,45.7967728],[24.150527,45.796697],[24.1505429,45.7967075],[24.1508506,45.7964717],[24.1508246,45.7964541],[24.1509808,45.796326],[24.1509584,45.7963126],[24.1511277,45.7961587],[24.1512535,45.7960336],[24.1513068,45.7959803],[24.1513631,45.7959211],[24.1516528,45.7960787],[24.1517658,45.7961332],[24.1518074,45.7961557],[24.1518332,45.7961355],[24.1520145,45.7962256],[24.1521342,45.7962869],[24.1521561,45.796267],[24.1522079,45.796295],[24.1523921,45.7963884],[24.1524087,45.7963731],[24.1524816,45.7964098],[24.1527246,45.7965268],[24.152743,45.7965082],[24.1528852,45.7965847],[24.1530918,45.7966974],[24.1530558,45.7967415],[24.1530081,45.7967998],[24.152656,45.7966576]]}},{"type":"Feature","properties":{"osm_id":24536787,"name":"Strada Cetății","highway":"residential","name_ro":null,"source":"openstreetmap"},"geometry":{"type":"LineString","coordinates":[[24.1519882,45.7936805],[24.151982,45.7936705],[24.1519748,45.7936627],[24.151177,45.7932883],[24.1505038,45.7929501],[24.150072,45.7927305],[24.1499742,45.7926886],[24.1497768,45.7925966],[24.1496629,45.792548],[24.1496112,45.7925363],[24.1495496,45.7925391],[24.1494869,45.7925546],[24.1494275,45.7925816],[24.1490771,45.7928297],[24.1490582,45.7928428],[24.1489087,45.7929409]]}},{"type":"Feature","properties":{"osm_id":24536788,"name":"Strada Manejului","highway":"residential","name_ro":null,"source":"openstreetmap"},"geometry":{"type":"LineString","coordinates":[[24.156446,45.7960489],[24.1564324,45.7961508],[24.1564121,45.7963259],[24.1563311,45.7969536]]}},{"type":"Feature","properties":{"osm_id":24536789,"name":"Strada Nicolae Bălcescu","highway":"pedestrian","name_ro":"Strada Nicolae Bălcescu","source":"openstreetmap"},"geometry":{"type":"LineString","coordinates":[[24.1512535,45.7960336],[24.1510294,45.795838],[24.1508688,45.795689],[24.1505389,45.7954096],[24.1505429,45.7952939],[24.1504253,45.7949718],[24.1503959,45.7948933],[24.1503703,45.7948263],[24.1503385,45.7946598],[24.1502829,45.7945151],[24.1501821,45.7942765],[24.150084,45.7941368],[24.1499247,45.7939357],[24.1498689,45.7938792],[24.1494692,45.7934888],[24.1493508,45.7933867],[24.1488778,45.7930641],[24.1489772,45.7929831],[24.1490678,45.792909],[24.1490735,45.7929128],[24.149473,45.7931771],[24.1497695,45.7934276],[24.1499743,45.7936729],[24.150212,45.7939006],[24.1502257,45.7939331],[24.1504304,45.7943826],[24.1505809,45.7947089],[24.1507126,45.7948445],[24.1511026,45.7946794],[24.1511537,45.7947322],[24.151373,45.794852],[24.1512555,45.7949402],[24.1511241,45.7948444],[24.1511448,45.7948329],[24.1510905,45.7947796],[24.1507754,45.7949216],[24.1505812,45.794985],[24.1507429,45.7953421],[24.1513631,45.7959211],[24.1513068,45.7959803],[24.1512535,45.7960336]]}},{"type":"Feature","properties":{"osm_id":24536790,"name":"Piața Unirii","highway":"tertiary","name_ro":null,"source":"openstreetmap"},"geometry":{"type":"LineString","coordinates":[[24.1489087,45.7929409],[24.148774,45.792803],[24.1486775,45.7927097],[24.1478132,45.7918851],[24.1477072,45.791796],[24.1475954,45.7917715]]}},{"type":"Feature","properties":{"osm_id":24536791,"name":"Strada Doctor Ioan Lupaș","highway":"residential","name_ro":null,"source":"openstreetmap"},"geometry":{"type":"LineString","coordinates":[[24.1454097,45.7948229],[24.1458742,45.7945294],[24.1466038,45.7941607]]}},{"type":"Feature","properties":{"osm_id":24536797,"name":"Strada Turnului","highway":"pedestrian","name_ro":null,"source":"openstreetmap"},"geometry":{"type":"LineString","coordinates":[[24.14901,45.7980572],[24.1488088,45.7981359],[24.1487991,45.7981236],[24.1483664,45.7983271],[24.1484266,45.7983635],[24.1484936,45.7984051],[24.14857,45.7983627],[24.1488487,45.7981962],[24.1489611,45.79817],[24.1491708,45.7981326],[24.1493202,45.7981102],[24.1496666,45.7980505],[24.1496557,45.7980158],[24.1496503,45.7979987],[24.1494316,45.7980394],[24.1494199,45.7979766],[24.1494029,45.7978906],[24.1493864,45.7978907],[24.1493689,45.797893],[24.149325,45.7979507],[24.149283,45.7979815],[24.1491504,45.7980303],[24.1491377,45.7980138],[24.14901,45.7980572]]}},{"type":"Feature","properties":{"osm_id":24536798,"name":"Strada Gheorghe Barițiu","highway":"residential","name_ro":null,"source":"openstreetmap"},"geometry":{"type":"LineString","coordinates":[[24.1462738,45.7936268],[24.146628,45.7934524],[24.1475812,45.7929829],[24.1479886,45.7927819]]}},{"type":"Feature","properties":{"osm_id":24739753,"name":"Strada Gheorghe Lazăr","highway":"residential","name_ro":"Strada Gheorghe Lazăr","source":"openstreetmap"},"geometry":{"type":"LineString","coordinates":[[24.1531103,45.796764],[24.1537836,45.7961396],[24.1540529,45.7958703],[24.1544595,45.7954669],[24.1545292,45.7954081]]}},{"type":"Feature","properties":{"osm_id":24739754,"name":"Strada Filarmonicii","highway":"residential","name_ro":"Strada Filarmonicii","source":"openstreetmap"},"geometry":{"type":"LineString","coordinates":[[24.1557361,45.7956825],[24.1556667,45.7957463],[24.1554147,45.7959725],[24.1548551,45.7964594],[24.1546823,45.796596],[24.1546327,45.7966353],[24.1544919,45.7967335],[24.1544368,45.7967684],[24.1543566,45.796813],[24.1538414,45.7970628],[24.1537455,45.7971048]]}},{"type":"Feature","properties":{"osm_id":25505459,"name":"Strada Matei Millo","highway":"tertiary","name_ro":null,"source":"openstreetmap"},"geometry":{"type":"LineString","coordinates":[[24.1483852,45.7769344],[24.1483457,45.776949],[24.1470241,45.7774375],[24.1468094,45.7775169],[24.1465864,45.7775993],[24.1445891,45.7783376],[24.1445285,45.77836]]}},{"type":"Feature","properties":{"osm_id":25505461,"name":"Strada Felinarului","highway":"residential","name_ro":null,"source":"openstreetmap"},"geometry":{"type":"LineString","coordinates":[[24.1561406,45.798539],[24.1561022,45.7986086],[24.1560118,45.7987716],[24.1559709,45.7988381],[24.1559179,45.7989085],[24.1558492,45.7989815],[24.1557164,45.7990972],[24.1556836,45.7991294],[24.1556492,45.7991697],[24.1556158,45.7992338],[24.1555947,45.7993051],[24.1555827,45.7993733],[24.1555737,45.7994769],[24.1555658,45.7996982],[24.1555689,45.8000193]]}},{"type":"Feature","properties":{"osm_id":25909294,"name":"Calea Șurii Mici","highway":"secondary","name_ro":null,"source":"openstreetmap"},"geometry":{"type":"LineString","coordinates":[[24.126293,45.8051816],[24.1260343,45.8052435],[24.1258075,45.8052891],[24.1252088,45.8053967],[24.1245077,45.8055203],[24.1239463,45.8056161]]}},{"type":"Feature","properties":{"osm_id":26434124,"name":"Strada Georg Wilhelm Friedrich Hegel","highway":"residential","name_ro":null,"source":"openstreetmap"},"geometry":{"type":"LineString","coordinates":[[24.160752,45.7932056],[24.1606609,45.7931276],[24.1605974,45.7930732],[24.1604229,45.7929237],[24.1593202,45.7919832],[24.1579124,45.7907813]]}},{"type":"Feature","properties":{"osm_id":26434128,"name":"Strada Bastionului","highway":"residential","name_ro":null,"source":"openstreetmap"},"geometry":{"type":"LineString","coordinates":[[24.1460076,45.7953618],[24.1459519,45.7953179],[24.1458432,45.795245],[24.1457398,45.7951665],[24.1456095,45.7950503],[24.1455257,45.7949666],[24.1454097,45.7948229]]}},{"type":"Feature","properties":{"osm_id":26434131,"name":"Piața Teatrului","highway":"residential","name_ro":null,"source":"openstreetmap"},"geometry":{"type":"LineString","coordinates":[[24.1510662,45.7914231],[24.1513831,45.7916011]]}},{"type":"Feature","properties":{"osm_id":26434132,"name":"Bulevardul Corneliu Coposu","highway":"tertiary","name_ro":null,"source":"openstreetmap"},"geometry":{"type":"LineString","coordinates":[[24.1628002,45.7982166],[24.162857,45.798338],[24.1628801,45.7984103],[24.1628738,45.7984822],[24.1628584,45.7985701]]}},{"type":"Feature","properties":{"osm_id":26434142,"name":"Strada Abatorului","highway":"unclassified","name_ro":null,"source":"openstreetmap"},"geometry":{"type":"LineString","coordinates":[[24.1568978,45.8019954],[24.1568972,45.8021825],[24.1568999,45.8023375]]}},{"type":"Feature","properties":{"osm_id":26451127,"name":"Strada Dimitrie Cantemir","highway":"residential","name_ro":null,"source":"openstreetmap"},"geometry":{"type":"LineString","coordinates":[[24.1266422,45.7769172],[24.1264183,45.7772103],[24.1263491,45.7773377],[24.1262468,45.7776514],[24.1262246,45.7776855],[24.1261468,45.7777686],[24.1259015,45.7780305],[24.1256099,45.7783693],[24.1255268,45.7784658]]}},{"type":"Feature","properties":{"osm_id":26451135,"name":"Strada Banatului","highway":"primary","name_ro":"Strada Banatului","source":"openstreetmap"},"geometry":{"type":"LineString","coordinates":[[24.1436744,45.7928404],[24.1436766,45.7928078],[24.1436792,45.7927862],[24.1436894,45.7927645],[24.1437146,45.7927388],[24.1437705,45.7926967],[24.1440391,45.7924966],[24.1444382,45.7921931],[24.1448292,45.7918986]]}},{"type":"Feature","properties":{"osm_id":26503129,"name":"Strada Tribunei","highway":"tertiary","name_ro":null,"source":"openstreetmap"},"geometry":{"type":"LineString","coordinates":[[24.1489087,45.7929409],[24.1488994,45.7929645],[24.1488848,45.7929844],[24.1488336,45.7930452],[24.1485458,45.7933648],[24.1484992,45.7934138],[24.1484499,45.793461],[24.1479997,45.793833],[24.147156,45.7944921]]}},{"type":"Feature","properties":{"osm_id":26689737,"name":"Strada Siretului","highway":"tertiary","name_ro":null,"source":"openstreetmap"},"geometry":{"type":"LineString","coordinates":[[24.1482788,45.7725587],[24.1480802,45.7725497],[24.1478481,45.7725428],[24.1475068,45.7725343],[24.1469955,45.7725178],[24.146895,45.7725109],[24.1467765,45.7724971],[24.1467029,45.7724855],[24.1466081,45.7724669],[24.146472,45.7724343],[24.1462279,45.7723709],[24.1457965,45.772259],[24.1457195,45.7722372],[24.1455129,45.7721837],[24.1453974,45.7721531],[24.1440666,45.7717999],[24.1439846,45.7717799],[24.1438025,45.7717378],[24.1435964,45.7716887],[24.1428609,45.7715089],[24.1422424,45.7713543],[24.142192,45.7713485],[24.1421521,45.7713552],[24.1421082,45.7713682],[24.1409986,45.7717508],[24.1409391,45.7717708],[24.1403298,45.7719757],[24.1402012,45.772019]]}},{"type":"Feature","properties":{"osm_id":27547853,"name":"Strada Lungă","highway":"primary","name_ro":null,"source":"openstreetmap"},"geometry":{"type":"LineString","coordinates":[[24.146855,45.8094164],[24.146854,45.809368],[24.1468508,45.8093323],[24.1468299,45.8092262]]}},{"type":"Feature","properties":{"osm_id":28745690,"name":"Strada Sibiel","highway":"residential","name_ro":null,"source":"openstreetmap"},"geometry":{"type":"LineString","coordinates":[[24.1283531,45.7697059],[24.1282314,45.7694849],[24.1280609,45.7691656],[24.1279767,45.7690078],[24.1279281,45.7689166],[24.1278764,45.7688198],[24.1278174,45.7687093],[24.1277112,45.7685102],[24.1276564,45.7684076],[24.1276035,45.7683084],[24.1273794,45.7678887],[24.1273509,45.7678352]]}},{"type":"Feature","properties":{"osm_id":28745702,"name":"Strada Theodor Mihaly","highway":"residential","name_ro":null,"source":"openstreetmap"},"geometry":{"type":"LineString","coordinates":[[24.1294389,45.7697258],[24.129161,45.7698015],[24.1284031,45.7700052],[24.1274633,45.7702603],[24.1273254,45.7702978],[24.1269897,45.770383],[24.1262193,45.7705845],[24.1258356,45.7706848]]}},{"type":"Feature","properties":{"osm_id":28745944,"name":"Strada General Eremia Grigorescu","highway":"residential","name_ro":null,"source":"openstreetmap"},"geometry":{"type":"LineString","coordinates":[[24.1324981,45.7771824],[24.1324073,45.7772272],[24.1306221,45.7781083],[24.1305444,45.7781214],[24.1304773,45.7781101],[24.130421,45.7780783],[24.1299489,45.7777655],[24.1294746,45.7774174]]}},{"type":"Feature","properties":{"osm_id":28746057,"name":"Strada Ludoș","highway":"tertiary","name_ro":null,"source":"openstreetmap"},"geometry":{"type":"LineString","coordinates":[[24.1234305,45.7688328],[24.1235615,45.7687995],[24.1236781,45.7687699],[24.1238174,45.7687346],[24.1244973,45.768562],[24.125047,45.7684224]]}},{"type":"Feature","properties":{"osm_id":28746070,"name":"Strada Poiana","highway":"residential","name_ro":null,"source":"openstreetmap"},"geometry":{"type":"LineString","coordinates":[[24.1239131,45.7662723],[24.1242628,45.7669315],[24.1246291,45.7676206]]}},{"type":"Feature","properties":{"osm_id":28746091,"name":"Strada Valea Aurie","highway":"residential","name_ro":null,"source":"openstreetmap"},"geometry":{"type":"LineString","coordinates":[[24.1225542,45.7681918],[24.1226788,45.7681118],[24.1227541,45.7680774],[24.1228603,45.7680451],[24.1237944,45.7678191],[24.1246291,45.7676206]]}},{"type":"Feature","properties":{"osm_id":28746109,"name":"Calea Poplăcii","highway":"secondary","name_ro":null,"source":"openstreetmap"},"geometry":{"type":"LineString","coordinates":[[24.1212779,45.7672283],[24.121637,45.7674994],[24.1225542,45.7681918]]}},{"type":"Feature","properties":{"osm_id":28746156,"name":"Strada Iazului","highway":"residential","name_ro":null,"source":"openstreetmap"},"geometry":{"type":"LineString","coordinates":[[24.1282972,45.7678164],[24.1282935,45.7677069],[24.128288,45.7676662],[24.1282696,45.7676071],[24.1281328,45.7673583],[24.1278196,45.7667964]]}},{"type":"Feature","properties":{"osm_id":28747000,"name":"Strada Munteniei","highway":"residential","name_ro":null,"source":"openstreetmap"},"geometry":{"type":"LineString","coordinates":[[24.1387035,45.7876258],[24.1384976,45.7871369]]}},{"type":"Feature","properties":{"osm_id":28747166,"name":"Strada Hațegului","highway":"tertiary","name_ro":null,"source":"openstreetmap"},"geometry":{"type":"LineString","coordinates":[[24.1365403,45.7865394],[24.1364813,45.7864967],[24.1363919,45.7864455],[24.1363464,45.7864246]]}},{"type":"Feature","properties":{"osm_id":28747186,"name":"Strada Vrancei","highway":"residential","name_ro":null,"source":"openstreetmap"},"geometry":{"type":"LineString","coordinates":[[24.1352319,45.784046],[24.1348594,45.784379],[24.1345961,45.7846211],[24.1343581,45.7848776],[24.1340894,45.7851994],[24.1339057,45.7854157]]}},{"type":"Feature","properties":{"osm_id":28747499,"name":"Strada Profesor Cornel Irimie","highway":"residential","name_ro":null,"source":"openstreetmap"},"geometry":{"type":"LineString","coordinates":[[24.1287822,45.7805548],[24.1293019,45.780159]]}},{"type":"Feature","properties":{"osm_id":28747549,"name":"Strada Ioan Slavici","highway":"residential","name_ro":null,"source":"openstreetmap"},"geometry":{"type":"LineString","coordinates":[[24.139615,45.77556],[24.1396332,45.7755256],[24.1402778,45.7745413],[24.1406605,45.7739658],[24.1408893,45.7736019],[24.1409529,45.7734969]]}},{"type":"Feature","properties":{"osm_id":28747659,"name":"Calea Poplăcii","highway":"secondary","name_ro":null,"source":"openstreetmap"},"geometry":{"type":"LineString","coordinates":[[24.1281499,45.772821],[24.1282265,45.7728978],[24.1283326,45.7730043],[24.1284803,45.7731525],[24.1298764,45.7745528],[24.1299688,45.7746455],[24.1305608,45.7752393],[24.1306231,45.7753018],[24.1306645,45.7753433],[24.1307705,45.7754496],[24.1308204,45.7754997],[24.1310636,45.7757436],[24.1315813,45.7762629],[24.1316588,45.7763406],[24.1324981,45.7771824],[24.1325518,45.7772363],[24.1333523,45.7780392],[24.1338977,45.7786066],[24.1339786,45.778692]]}},{"type":"Feature","properties":{"osm_id":28749224,"name":"Aleea Călăreților","highway":"residential","name_ro":null,"source":"openstreetmap"},"geometry":{"type":"LineString","coordinates":[[24.133579,45.7706916],[24.1347738,45.7722498],[24.1376671,45.7749008],[24.1377857,45.7750035],[24.1378235,45.7750278],[24.1378555,45.7750421],[24.1378901,45.775048],[24.1379295,45.7750483],[24.1379705,45.7750453],[24.1380166,45.7750339],[24.1380488,45.7750189],[24.1380792,45.7749975]]}},{"type":"Feature","properties":{"osm_id":28749977,"name":"Strada Rahovei","highway":"tertiary","name_ro":null,"source":"openstreetmap"},"geometry":{"type":"LineString","coordinates":[[24.1529505,45.7748138],[24.1531629,45.7748195],[24.1534147,45.7748402],[24.1535177,45.7748519],[24.1536241,45.7748687],[24.1537946,45.7749037],[24.1539256,45.7749337],[24.1540929,45.7749795],[24.1542794,45.7750454],[24.1544454,45.7751177],[24.1546248,45.7752119],[24.1548019,45.775314],[24.1549952,45.775449],[24.1550988,45.7755418],[24.1551797,45.7756283],[24.1553183,45.7758128],[24.1553772,45.775892],[24.1554479,45.775979],[24.155544,45.7760663],[24.1556538,45.7761537],[24.1558522,45.7763046],[24.1561609,45.7765023],[24.1563407,45.7766136],[24.1569334,45.7769612],[24.1570264,45.7770158]]}},{"type":"Feature","properties":{"osm_id":28750044,"name":"Strada Arieșului","highway":"residential","name_ro":null,"source":"openstreetmap"},"geometry":{"type":"LineString","coordinates":[[24.140634,45.7730756],[24.1411766,45.77296],[24.142249,45.7727418],[24.1424267,45.7727178],[24.1425903,45.7727111],[24.1427422,45.7727197],[24.1429048,45.7727457],[24.144135,45.773016],[24.1450649,45.7732272]]}},{"type":"Feature","properties":{"osm_id":28750818,"name":"Aleea Streiu","highway":"residential","name_ro":null,"source":"openstreetmap"},"geometry":{"type":"LineString","coordinates":[[24.1489101,45.7732164],[24.1490022,45.77322],[24.1496888,45.7732466],[24.1498267,45.7732525],[24.1499252,45.7732558],[24.1502598,45.7732688]]}},{"type":"Feature","properties":{"osm_id":28756818,"name":"Piața Aurel Vlaicu","highway":"primary","name_ro":null,"source":"openstreetmap"},"geometry":{"type":"LineString","coordinates":[[24.1478772,45.7826104],[24.1479388,45.7825775],[24.148011,45.7825575],[24.1480927,45.7825521],[24.148171,45.7825628],[24.1482418,45.7825884],[24.1482995,45.7826268],[24.1483395,45.7826749],[24.1483587,45.7827289],[24.1483544,45.7827877],[24.1483254,45.7828431],[24.1482742,45.7828899],[24.148241,45.7829091],[24.1481765,45.7829329],[24.1481055,45.7829443],[24.1480326,45.7829427],[24.1479627,45.7829281],[24.1479006,45.7829015],[24.1478642,45.7828769],[24.1478196,45.7828275],[24.1477978,45.7827711],[24.1478006,45.7827128],[24.1478279,45.7826576],[24.1478772,45.7826104]]}},{"type":"Feature","properties":{"osm_id":28756857,"name":"Strada Titu Maiorescu","highway":"residential","name_ro":null,"source":"openstreetmap"},"geometry":{"type":"LineString","coordinates":[[24.1432592,45.7817685],[24.1431974,45.7818109],[24.1421047,45.7824954],[24.1416988,45.7827605],[24.1415706,45.7828412]]}},{"type":"Feature","properties":{"osm_id":28757025,"name":"Piața Unirii","highway":"tertiary","name_ro":null,"source":"openstreetmap"},"geometry":{"type":"LineString","coordinates":[[24.1485707,45.7922551],[24.1486409,45.7923272],[24.1486704,45.7923649],[24.1487886,45.7925446],[24.1488041,45.7925708],[24.1488216,45.7926077],[24.1488428,45.7926804],[24.1488973,45.792867],[24.1489087,45.7929409]]}},{"type":"Feature","properties":{"osm_id":28757054,"name":"Strada Turismului","highway":"residential","name_ro":null,"source":"openstreetmap"},"geometry":{"type":"LineString","coordinates":[[24.1372332,45.7944139],[24.137573,45.7943645],[24.1381429,45.7942828],[24.1384778,45.7942382],[24.1385667,45.7942223],[24.1386473,45.7942038],[24.1387427,45.7941749],[24.1388724,45.7941353],[24.1389881,45.7940968],[24.140057,45.7937622],[24.1407923,45.7935479]]}},{"type":"Feature","properties":{"osm_id":28757057,"name":"Strada 16 Februarie","highway":"residential","name_ro":null,"source":"openstreetmap"},"geometry":{"type":"LineString","coordinates":[[24.1394065,45.7948841],[24.1391077,45.7948296],[24.1389548,45.7947906],[24.1388079,45.7947369],[24.1385569,45.7946211],[24.1384115,45.7945379],[24.1382948,45.7944478],[24.1382001,45.7943512],[24.1381429,45.7942828]]}},{"type":"Feature","properties":{"osm_id":28757557,"name":"Strada Ștrandului","highway":"tertiary","name_ro":null,"source":"openstreetmap"},"geometry":{"type":"LineString","coordinates":[[24.1365403,45.7865394],[24.1365739,45.7865774],[24.1366076,45.7866301],[24.1366248,45.7866868],[24.1366357,45.7867735],[24.136641,45.7868606],[24.1366633,45.7872817],[24.1366797,45.7875356],[24.1367037,45.7879234],[24.1367049,45.7880638],[24.1367008,45.7881167],[24.1366459,45.7888192]]}},{"type":"Feature","properties":{"osm_id":28757680,"name":"Strada Pompeiu Onofreiu","highway":"residential","name_ro":null,"source":"openstreetmap"},"geometry":{"type":"LineString","coordinates":[[24.1548328,45.7952015],[24.1549304,45.7952582],[24.1557361,45.7956825]]}},{"type":"Feature","properties":{"osm_id":28757693,"name":"Strada Tipografilor","highway":"residential","name_ro":null,"source":"openstreetmap"},"geometry":{"type":"LineString","coordinates":[[24.1545292,45.7954081],[24.1541995,45.7952038],[24.1539985,45.7950916],[24.1533841,45.794801],[24.1530968,45.7946636],[24.1529012,45.7945695],[24.1516778,45.793986]]}},{"type":"Feature","properties":{"osm_id":28758465,"name":"Strada Rennes","highway":"tertiary","name_ro":null,"source":"openstreetmap"},"geometry":{"type":"LineString","coordinates":[[24.1423946,45.7882978],[24.1424964,45.7882415],[24.1429111,45.7880194],[24.1431588,45.7878867],[24.1433107,45.7878053],[24.14399,45.7874414],[24.1451457,45.7868694],[24.145271,45.7868066],[24.1453812,45.7867422],[24.1456936,45.7865414],[24.1463656,45.7861037],[24.1464345,45.7860549]]}},{"type":"Feature","properties":{"osm_id":28758505,"name":"Strada Konrad Haas","highway":"residential","name_ro":null,"source":"openstreetmap"},"geometry":{"type":"LineString","coordinates":[[24.1461129,45.7955609],[24.146162,45.7956188],[24.1462187,45.7956672],[24.1462629,45.7956994],[24.1464416,45.7958058],[24.1465354,45.795864],[24.1466123,45.7959162],[24.1466696,45.7959586],[24.1467883,45.7960519],[24.1468841,45.7961384],[24.1469483,45.7962024],[24.1469968,45.7962611],[24.1470403,45.7963223],[24.1471019,45.79645],[24.1471341,45.7965269],[24.1471613,45.796598],[24.1472009,45.7967027]]}},{"type":"Feature","properties":{"osm_id":28759882,"name":"Strada Nicolaus Olahus","highway":"tertiary","name_ro":null,"source":"openstreetmap"},"geometry":{"type":"LineString","coordinates":[[24.1451611,45.784326],[24.1452777,45.7842203],[24.1453209,45.7841749],[24.1453549,45.7841284],[24.145389,45.7840586],[24.1454031,45.7840162],[24.1454172,45.7839632],[24.1454257,45.7839141],[24.145425,45.7838014]]}},{"type":"Feature","properties":{"osm_id":28767487,"name":"Fundătura Brazilor","highway":"residential","name_ro":null,"source":"openstreetmap"},"geometry":{"type":"LineString","coordinates":[[24.1269351,45.7738295],[24.1260772,45.7742439],[24.1252839,45.7746278]]}},{"type":"Feature","properties":{"osm_id":28767673,"name":"Piața Tălmaciu","highway":"residential","name_ro":null,"source":"openstreetmap"},"geometry":{"type":"LineString","coordinates":[[24.1299525,45.7762855],[24.129889,45.7763164],[24.1298442,45.7763382],[24.1297504,45.7763467],[24.1296436,45.7763438],[24.1295307,45.7763218],[24.1294308,45.7762771],[24.1293441,45.7762186],[24.1293089,45.7761624],[24.1292721,45.7760857],[24.1292706,45.7760014],[24.1293013,45.7759009],[24.1293466,45.7758458],[24.1302678,45.7753856],[24.1302762,45.7753814],[24.1304566,45.7752913],[24.1305014,45.7752689],[24.1305608,45.7752393]]}},{"type":"Feature","properties":{"osm_id":28768045,"name":"Strada Teleorman","highway":"residential","name_ro":null,"source":"openstreetmap"},"geometry":{"type":"LineString","coordinates":[[24.1314274,45.7829534],[24.1317436,45.783177],[24.1322082,45.7835056],[24.1323301,45.7835918],[24.1327055,45.7838388],[24.1328504,45.7839342],[24.1328488,45.7839854],[24.1327873,45.7840795],[24.1325801,45.7843029]]}},{"type":"Feature","properties":{"osm_id":28768223,"name":"Strada Olteniei","highway":"residential","name_ro":null,"source":"openstreetmap"},"geometry":{"type":"LineString","coordinates":[[24.1340029,45.7890237],[24.1339939,45.7895485],[24.133797,45.790076],[24.133704,45.7902904],[24.1335684,45.7906165]]}},{"type":"Feature","properties":{"osm_id":28768326,"name":"Strada Iosif Velceanu","highway":"residential","name_ro":null,"source":"openstreetmap"},"geometry":{"type":"LineString","coordinates":[[24.1367049,45.7880638],[24.1370387,45.7880638],[24.1370886,45.788066],[24.1371505,45.7880786],[24.1385933,45.7898856],[24.1386849,45.7899884],[24.1388172,45.7901135],[24.1391879,45.790383],[24.1392987,45.7904636]]}},{"type":"Feature","properties":{"osm_id":28768544,"name":"Strada Băii","highway":"residential","name_ro":null,"source":"openstreetmap"},"geometry":{"type":"LineString","coordinates":[[24.1396023,45.7903188],[24.1398278,45.7907212],[24.1401511,45.7911492],[24.1403224,45.7913838],[24.1404318,45.7914768],[24.1404578,45.7914951],[24.140482,45.7915044],[24.1405128,45.7915035],[24.1405371,45.7914953],[24.1416701,45.790914],[24.1417381,45.7908841]]}},{"type":"Feature","properties":{"osm_id":28768572,"name":"Strada Ion Rațiu","highway":"tertiary","name_ro":null,"source":"openstreetmap"},"geometry":{"type":"LineString","coordinates":[[24.1447382,45.7899908],[24.1445969,45.7900869],[24.1441317,45.790417],[24.1435685,45.7908271],[24.1427564,45.7919381],[24.1427303,45.7919688],[24.1427015,45.7919865],[24.1426745,45.7919966],[24.1426469,45.7920032],[24.1425954,45.7920048],[24.1425474,45.7919976],[24.1425107,45.7919827],[24.1424758,45.7919596],[24.1424278,45.7919151]]}},{"type":"Feature","properties":{"osm_id":28768709,"name":"Strada Avocat Ilie Măcelaru","highway":"residential","name_ro":null,"source":"openstreetmap"},"geometry":{"type":"LineString","coordinates":[[24.1447382,45.7899908],[24.1448598,45.7899143],[24.146008,45.7891829],[24.1460997,45.7891243]]}},{"type":"Feature","properties":{"osm_id":28769575,"name":"Strada Șerbota","highway":"residential","name_ro":null,"source":"openstreetmap"},"geometry":{"type":"LineString","coordinates":[[24.1606208,45.7933392],[24.1608265,45.7934317],[24.1609449,45.7934772],[24.161096,45.7935087],[24.1612952,45.7935302],[24.1613178,45.7935325],[24.1621419,45.7936146],[24.1631213,45.7938945],[24.1633173,45.7939663],[24.1633893,45.7940022],[24.1634584,45.7940451],[24.16374,45.7943189],[24.1638875,45.7944664]]}},{"type":"Feature","properties":{"osm_id":28769619,"name":"Strada Doctor Dumitru Bagdazar","highway":"residential","name_ro":null,"source":"openstreetmap"},"geometry":{"type":"LineString","coordinates":[[24.1530125,45.8075507],[24.1531397,45.8076973],[24.1533227,45.8079329],[24.1536861,45.8083967],[24.1539972,45.8088025],[24.1544872,45.8094003],[24.1548666,45.8098565],[24.1548782,45.8098905],[24.1548766,45.8099182]]}},{"type":"Feature","properties":{"osm_id":28769639,"name":"Strada Cerbului","highway":"residential","name_ro":null,"source":"openstreetmap"},"geometry":{"type":"LineString","coordinates":[[24.1548766,45.8099182],[24.1548657,45.8099449],[24.1548365,45.8099732],[24.1544,45.8102262],[24.1537041,45.8106306],[24.1531248,45.8109822],[24.1525596,45.8113102],[24.1516393,45.8117893],[24.1507821,45.8122394],[24.1506309,45.812311],[24.1504495,45.8123885],[24.1502434,45.8124584],[24.1500637,45.8125099],[24.1498554,45.8125591],[24.1496542,45.8126031],[24.1493751,45.8126577]]}},{"type":"Feature","properties":{"osm_id":28769650,"name":"Strada Fagului","highway":"residential","name_ro":null,"source":"openstreetmap"},"geometry":{"type":"LineString","coordinates":[[24.1412614,45.8138954],[24.1419523,45.8136051],[24.1421546,45.8135233],[24.1422362,45.8134913],[24.1439406,45.812823],[24.1440327,45.8127874],[24.1455586,45.8121805],[24.1457117,45.8121239],[24.1458648,45.8120728],[24.1459919,45.8120396],[24.1461269,45.8120119],[24.1464458,45.8119787],[24.1465914,45.8119562],[24.1467395,45.8119226],[24.1468082,45.811899],[24.1468639,45.8118664]]}},{"type":"Feature","properties":{"osm_id":28769669,"name":"Strada Ulmului","highway":"residential","name_ro":null,"source":"openstreetmap"},"geometry":{"type":"LineString","coordinates":[[24.1429631,45.8119459],[24.1428284,45.8120507],[24.1422128,45.8125301],[24.1421045,45.8126144],[24.141709,45.8129237],[24.1416631,45.8129596],[24.1415019,45.8129604],[24.1410997,45.813287],[24.1407039,45.8136102],[24.1403278,45.8139211],[24.1399473,45.8142326]]}},{"type":"Feature","properties":{"osm_id":28769708,"name":"Strada Klagenfurt","highway":"residential","name_ro":null,"source":"openstreetmap"},"geometry":{"type":"LineString","coordinates":[[24.1321984,45.8140506],[24.1326477,45.8145601],[24.1331751,45.8151258],[24.1336328,45.8156088],[24.1338733,45.8159863],[24.1343492,45.8166744],[24.1345029,45.8169034]]}},{"type":"Feature","properties":{"osm_id":28769813,"name":"Strada Frigoriferului","highway":"unclassified","name_ro":null,"source":"openstreetmap"},"geometry":{"type":"LineString","coordinates":[[24.1261026,45.7971505],[24.1254216,45.7975034],[24.1253339,45.7975612],[24.1252543,45.7976195],[24.12518,45.7976835],[24.125105,45.7977668],[24.1249815,45.7979327],[24.1249002,45.7980597],[24.1248227,45.7981983],[24.1247198,45.7983824],[24.124279,45.7993093],[24.1242118,45.7994839],[24.1241737,45.7996051],[24.1241589,45.7996529],[24.1240978,45.7998656],[24.124039,45.800083],[24.1240309,45.8001807],[24.1240413,45.8002914],[24.1240716,45.8004109],[24.1241266,45.8005433],[24.1241664,45.8006176],[24.1242185,45.8007005],[24.1242765,45.8007737],[24.1246441,45.8011631],[24.1246812,45.8012143],[24.1247089,45.8012653],[24.1248231,45.8015446],[24.1250659,45.8021456],[24.1256603,45.8035759],[24.1258318,45.804007],[24.1262495,45.8050713],[24.126293,45.8051816]]}},{"type":"Feature","properties":{"osm_id":28769820,"name":"Strada Lăptăriei","highway":"residential","name_ro":null,"source":"openstreetmap"},"geometry":{"type":"LineString","coordinates":[[24.1477775,45.8108496],[24.1476228,45.8109021],[24.1474418,45.8109539],[24.1471637,45.8110242],[24.1469626,45.8110704],[24.14676,45.8111178],[24.1467254,45.8111223],[24.1467198,45.811123],[24.1466727,45.81112],[24.1466322,45.8111082],[24.1466008,45.8110863],[24.1464246,45.8108139],[24.1464004,45.8107901],[24.1463758,45.8107735],[24.1463441,45.8107642],[24.1463017,45.8107627],[24.1462579,45.810767],[24.1462122,45.8107807],[24.1457609,45.8109198],[24.1452919,45.8110606],[24.1449779,45.8111492],[24.1446664,45.8112386],[24.1445379,45.8112677],[24.1438288,45.8114189],[24.1437207,45.8114419],[24.1435938,45.8114851],[24.1434895,45.811536],[24.1433383,45.8116333]]}},{"type":"Feature","properties":{"osm_id":28773965,"name":"Aleea Iasomiei","highway":"residential","name_ro":null,"source":"openstreetmap"},"geometry":{"type":"LineString","coordinates":[[24.1251121,45.7937372],[24.1245552,45.7939197],[24.1244187,45.7940137]]}},{"type":"Feature","properties":{"osm_id":28774000,"name":"Strada Trifoiului","highway":"residential","name_ro":null,"source":"openstreetmap"},"geometry":{"type":"LineString","coordinates":[[24.1271998,45.7977789],[24.1276187,45.797175],[24.127694,45.7970468],[24.1277533,45.7969224],[24.1279024,45.7965143],[24.127901,45.796468],[24.1278678,45.7963969]]}},{"type":"Feature","properties":{"osm_id":28774003,"name":"Strada Grâului","highway":"residential","name_ro":null,"source":"openstreetmap"},"geometry":{"type":"LineString","coordinates":[[24.1274459,45.7910149],[24.1274284,45.7912961],[24.1274383,45.7913669],[24.1276044,45.7918946],[24.1278136,45.7925612],[24.1278366,45.7926344]]}},{"type":"Feature","properties":{"osm_id":28774018,"name":"Strada Ștefan Octavian Iosif","highway":"residential","name_ro":null,"source":"openstreetmap"},"geometry":{"type":"LineString","coordinates":[[24.1189389,45.7899322],[24.1196284,45.7897548],[24.1201141,45.7896231],[24.1205355,45.7894914],[24.1208137,45.7893844],[24.1209643,45.789323],[24.1210897,45.7892825],[24.1212333,45.7892535],[24.1219074,45.7891176],[24.1225373,45.7889874],[24.1228596,45.7889365],[24.1231869,45.7889011],[24.123521,45.7888767],[24.1235787,45.7888992],[24.1236015,45.7889356],[24.1243051,45.7914678],[24.1246945,45.7928931]]}},{"type":"Feature","properties":{"osm_id":28774026,"name":"Strada Livezii","highway":"residential","name_ro":null,"source":"openstreetmap"},"geometry":{"type":"LineString","coordinates":[[24.1135094,45.7864309],[24.114242,45.7876593],[24.1143996,45.7878808],[24.1145411,45.7880436],[24.1161164,45.7898005]]}},{"type":"Feature","properties":{"osm_id":28774185,"name":"Strada Konrad Haas","highway":"residential","name_ro":null,"source":"openstreetmap"},"geometry":{"type":"LineString","coordinates":[[24.1455565,45.7957852],[24.1456102,45.7957572],[24.1461129,45.7955609]]}},{"type":"Feature","properties":{"osm_id":28774196,"name":"Strada Târgul Peștelui","highway":"residential","name_ro":null,"source":"openstreetmap"},"geometry":{"type":"LineString","coordinates":[[24.1468614,45.7969194],[24.1469261,45.7970536],[24.1470217,45.7972736],[24.1470548,45.79734],[24.1470877,45.7973899],[24.1471172,45.7974276],[24.1471535,45.7974689]]}},{"type":"Feature","properties":{"osm_id":28774200,"name":"Strada Ion Luca Caragiale","highway":"residential","name_ro":null,"source":"openstreetmap"},"geometry":{"type":"LineString","coordinates":[[24.1433731,45.8012808],[24.1432551,45.8013446],[24.1431292,45.8014247],[24.1426735,45.8017145],[24.1426116,45.8017464],[24.1425526,45.8017664],[24.1424904,45.8017814],[24.1424049,45.8017916],[24.1423075,45.8017938],[24.1421969,45.8017915],[24.1418179,45.8017754],[24.1417329,45.8017733],[24.1416174,45.8017706],[24.141483,45.8017678],[24.1414216,45.8017657]]}},{"type":"Feature","properties":{"osm_id":28774214,"name":"Strada Țiglari","highway":"tertiary","name_ro":null,"source":"openstreetmap"},"geometry":{"type":"LineString","coordinates":[[24.1426303,45.8078161],[24.1427131,45.8077106],[24.1427625,45.8076634],[24.1428199,45.8076246],[24.1440426,45.806914],[24.1448875,45.8064194],[24.1450279,45.8063423]]}},{"type":"Feature","properties":{"osm_id":28774267,"name":"Strada Târgul Cailor","highway":"residential","name_ro":null,"source":"openstreetmap"},"geometry":{"type":"LineString","coordinates":[[24.1450064,45.8063024],[24.1451061,45.8062428],[24.1454942,45.8060105],[24.1455687,45.805966],[24.1456141,45.8059387],[24.1456473,45.8059171],[24.1456709,45.8059003],[24.1456909,45.8058795],[24.1457082,45.8058518],[24.1457208,45.8058155],[24.1457537,45.8056659],[24.1458245,45.8052767],[24.1458393,45.8052033],[24.1459055,45.8048655],[24.1458707,45.8044235],[24.1458234,45.8041168],[24.1456037,45.8039843],[24.1453818,45.8038464]]}},{"type":"Feature","properties":{"osm_id":28774337,"name":"Strada Aleea Postăvarilor","highway":"residential","name_ro":null,"source":"openstreetmap"},"geometry":{"type":"LineString","coordinates":[[24.1505465,45.8059187],[24.1505937,45.8059378],[24.1512505,45.8062111],[24.1512668,45.8062179],[24.1510066,45.8065492],[24.1509912,45.8065688]]}},{"type":"Feature","properties":{"osm_id":28774341,"name":"Aleea Rusciorului","highway":"residential","name_ro":null,"source":"openstreetmap"},"geometry":{"type":"LineString","coordinates":[[24.1489813,45.8082445],[24.1493941,45.8081273],[24.1494894,45.8080967],[24.1500456,45.8078769],[24.1501582,45.8078205],[24.1503067,45.8077228],[24.1503765,45.8076633],[24.1504347,45.8076071],[24.1504818,45.8075532],[24.1508066,45.8071819],[24.1508531,45.8071295],[24.1512245,45.806711],[24.1512707,45.806659]]}},{"type":"Feature","properties":{"osm_id":28774429,"name":"Strada Plopilor","highway":"residential","name_ro":"Strada Plopilor","source":"openstreetmap"},"geometry":{"type":"LineString","coordinates":[[24.1481073,45.7995485],[24.1481279,45.7995592],[24.1486916,45.7998515],[24.1487365,45.7998748]]}},{"type":"Feature","properties":{"osm_id":28774432,"name":"Strada Pielarilor","highway":"residential","name_ro":null,"source":"openstreetmap"},"geometry":{"type":"LineString","coordinates":[[24.1503378,45.8008244],[24.1505786,45.8008521],[24.1506324,45.8008642],[24.1506848,45.8008829],[24.1513015,45.8012582],[24.1517528,45.8015718],[24.1518951,45.8016642],[24.1525757,45.8020716]]}},{"type":"Feature","properties":{"osm_id":28774435,"name":"Strada Rotarilor","highway":"residential","name_ro":null,"source":"openstreetmap"},"geometry":{"type":"LineString","coordinates":[[24.1525757,45.8020716],[24.1526555,45.8020608],[24.1527445,45.8020565],[24.1536346,45.8020779],[24.1537083,45.8020775],[24.1537759,45.8020686],[24.1546751,45.8018813],[24.1547535,45.8018638]]}},{"type":"Feature","properties":{"osm_id":28774438,"name":"Strada Vopsitorilor","highway":"residential","name_ro":null,"source":"openstreetmap"},"geometry":{"type":"LineString","coordinates":[[24.1503452,45.8009037],[24.1501111,45.8009188],[24.1500289,45.800923],[24.1499268,45.8009244],[24.1496116,45.8009147],[24.1495341,45.8009154],[24.1494787,45.800916],[24.149306,45.80092],[24.1492057,45.8009209],[24.1491402,45.8009144],[24.1490738,45.8008958],[24.1490291,45.8008714],[24.1489939,45.80084],[24.1489686,45.8008115],[24.1489054,45.800712],[24.1488645,45.8006505],[24.1487917,45.8005599],[24.1487207,45.80049],[24.1485451,45.8003429],[24.1485138,45.8003101],[24.1484931,45.8002715],[24.1484919,45.8002344],[24.1485055,45.8002005],[24.1487365,45.7998748]]}},{"type":"Feature","properties":{"osm_id":28774478,"name":"Strada Alexandru Xenopol","highway":"residential","name_ro":"Strada Alexandru Xenopol","source":"openstreetmap"},"geometry":{"type":"LineString","coordinates":[[24.1504612,45.7954529],[24.1500555,45.7956736],[24.1500382,45.7956802],[24.1500187,45.7956835],[24.1500027,45.7956852],[24.1499821,45.7956852],[24.1499632,45.795682],[24.1499436,45.7956767],[24.1499264,45.795668],[24.1499121,45.7956586],[24.149892,45.7956411],[24.1494998,45.7952512],[24.149489,45.7952213],[24.1494949,45.7951814],[24.1495191,45.7951207],[24.1495259,45.7950897],[24.1495221,45.7950587],[24.1495102,45.7950333],[24.1493076,45.7947866],[24.1490991,45.7945675],[24.1488946,45.794408],[24.1486438,45.7942462],[24.1479997,45.793833]]}},{"type":"Feature","properties":{"osm_id":28774484,"name":"Strada Tudor Arghezi","highway":"residential","name_ro":null,"source":"openstreetmap"},"geometry":{"type":"LineString","coordinates":[[24.1421243,45.792789],[24.1419318,45.7926884],[24.1416957,45.7925551],[24.1416137,45.7924982],[24.1415234,45.7924186],[24.1414211,45.7923185],[24.1412896,45.7921586],[24.1412121,45.7920707],[24.1411631,45.7920341],[24.1411093,45.7920065],[24.1410452,45.7919827],[24.1409787,45.7919672],[24.1408886,45.7919554],[24.1407972,45.7919502],[24.1406572,45.7919447],[24.1405264,45.7919255],[24.1404391,45.7919079],[24.1403052,45.7918726],[24.140134,45.7918177],[24.1396205,45.7916533],[24.1395656,45.7916404]]}},{"type":"Feature","properties":{"osm_id":28774520,"name":"Strada Izvorului","highway":"residential","name_ro":null,"source":"openstreetmap"},"geometry":{"type":"LineString","coordinates":[[24.160195,45.7943385],[24.1586931,45.7938957],[24.1581148,45.7936825],[24.1574369,45.7934225],[24.1573445,45.7934056]]}},{"type":"Feature","properties":{"osm_id":28774525,"name":"Strada Simion Mehedinți","highway":"residential","name_ro":null,"source":"openstreetmap"},"geometry":{"type":"LineString","coordinates":[[24.1609089,45.7950898],[24.1608872,45.7951252],[24.1605709,45.795605],[24.1604621,45.7957701],[24.1602672,45.7958944],[24.160014,45.7960847],[24.1600097,45.7961521],[24.1600556,45.7962727],[24.1603888,45.7964738]]}},{"type":"Feature","properties":{"osm_id":28774549,"name":"Strada Forjorilor","highway":"residential","name_ro":null,"source":"openstreetmap"},"geometry":{"type":"LineString","coordinates":[[24.1724074,45.7978128],[24.1722497,45.7974637],[24.1721688,45.797301],[24.1721179,45.797231],[24.1720693,45.797185],[24.1720001,45.7971343],[24.1719182,45.797082],[24.1715232,45.7968792],[24.1714615,45.7968212],[24.1713797,45.7966828],[24.1711909,45.796244],[24.1710166,45.7959268],[24.1706145,45.7955576]]}},{"type":"Feature","properties":{"osm_id":28774551,"name":"Strada Topitorilor","highway":"residential","name_ro":null,"source":"openstreetmap"},"geometry":{"type":"LineString","coordinates":[[24.1669783,45.7985667],[24.1669812,45.7985369],[24.1673376,45.798239],[24.16764,45.7979933],[24.1677792,45.7978573],[24.1678958,45.7977232],[24.1680052,45.7975749],[24.168071,45.7974663],[24.1681378,45.7973569],[24.1681525,45.7972828]]}},{"type":"Feature","properties":{"osm_id":28774619,"name":"Strada Podului","highway":"tertiary","name_ro":null,"source":"openstreetmap"},"geometry":{"type":"LineString","coordinates":[[24.2086302,45.7910198],[24.2085363,45.7911248],[24.2084706,45.7911795],[24.2083834,45.7912333],[24.2082392,45.7913132],[24.2081279,45.7913717],[24.2078727,45.7914949],[24.2077127,45.7916083],[24.2075562,45.7917193],[24.2053855,45.7936111],[24.2050658,45.7938601],[24.2033256,45.7950728]]}},{"type":"Feature","properties":{"osm_id":28774717,"name":"Strada Nicolae Teclu","highway":"primary","name_ro":null,"source":"openstreetmap"},"geometry":{"type":"LineString","coordinates":[[24.1528534,45.8023882],[24.1530132,45.8023854],[24.1531566,45.8023868],[24.1533492,45.8023929],[24.1536228,45.8024032],[24.1537613,45.8024101],[24.1544418,45.8024443],[24.1545043,45.8024467],[24.1545529,45.8024443],[24.1546041,45.8024374],[24.1546588,45.8024244],[24.1550131,45.8023071],[24.1551147,45.8022739],[24.1551688,45.8022558],[24.1554746,45.8021457],[24.1556305,45.8020849],[24.1557034,45.802053],[24.1557713,45.8020198],[24.1559401,45.8019163],[24.156086,45.8018305],[24.1561834,45.8017821],[24.1562839,45.8017392],[24.1564501,45.8016707],[24.1565648,45.8016309],[24.1566685,45.8015957]]}},{"type":"Feature","properties":{"osm_id":28775094,"name":"Strada Măgheranului","highway":"tertiary","name_ro":null,"source":"openstreetmap"},"geometry":{"type":"LineString","coordinates":[[24.1360015,45.8059227],[24.1361115,45.8059851]]}},{"type":"Feature","properties":{"osm_id":28775176,"name":"Strada Grădinarilor","highway":"residential","name_ro":null,"source":"openstreetmap"},"geometry":{"type":"LineString","coordinates":[[24.1406503,45.7978715],[24.1407072,45.7979126],[24.1412603,45.7983118],[24.1416893,45.7986187],[24.1417601,45.7986746],[24.1418268,45.7987485],[24.1418568,45.7988131],[24.1419102,45.7989847],[24.142097,45.7996413],[24.1421209,45.799753],[24.1421346,45.79986],[24.142148,45.8000939],[24.1421525,45.8002444],[24.1421551,45.8003405]]}},{"type":"Feature","properties":{"osm_id":28775270,"name":"Strada Brutarilor","highway":"residential","name_ro":null,"source":"openstreetmap"},"geometry":{"type":"LineString","coordinates":[[24.1523022,45.800896],[24.1525395,45.8004085],[24.1526474,45.8001873],[24.1527251,45.800006],[24.1527393,45.799973]]}},{"type":"Feature","properties":{"osm_id":28775350,"name":"Strada Constituției","highway":"primary","name_ro":null,"source":"openstreetmap"},"geometry":{"type":"LineString","coordinates":[[24.1566431,45.8014351],[24.1566491,45.8013233],[24.156661,45.801202],[24.1568243,45.8007593],[24.1570228,45.8002419],[24.1570758,45.800092]]}},{"type":"Feature","properties":{"osm_id":28775471,"name":"Strada Funarilor","highway":"service","name_ro":null,"source":"openstreetmap"},"geometry":{"type":"LineString","coordinates":[[24.1568133,45.7981402],[24.1569048,45.7981456],[24.1570106,45.7981574],[24.1574361,45.7982417],[24.1577083,45.7982956]]}},{"type":"Feature","properties":{"osm_id":28775492,"name":"Strada Timotei Popovici","highway":"residential","name_ro":null,"source":"openstreetmap"},"geometry":{"type":"LineString","coordinates":[[24.151093,45.7944532],[24.1524117,45.7950636],[24.1524522,45.7950816],[24.1525471,45.795126],[24.1526321,45.7951665],[24.1526588,45.7951787],[24.153244,45.7954448],[24.1540529,45.7958703]]}},{"type":"Feature","properties":{"osm_id":28775694,"name":"Strada General Magheru","highway":"residential","name_ro":"Strada General Magheru","source":"openstreetmap"},"geometry":{"type":"LineString","coordinates":[[24.1537455,45.7971048],[24.1535997,45.7970029]]}},{"type":"Feature","properties":{"osm_id":28776375,"name":"Strada Alexandru Odobescu","highway":"tertiary","name_ro":"Strada Alexandru Odobescu","source":"openstreetmap"},"geometry":{"type":"LineString","coordinates":[[24.1500475,45.7969435],[24.1499589,45.7969837],[24.1493254,45.797269],[24.1492802,45.7972797],[24.1492254,45.797288],[24.1491627,45.7972902],[24.1491039,45.797281],[24.1490461,45.7972609],[24.1489872,45.7972311],[24.1487002,45.7970461],[24.1485937,45.7969703],[24.1482335,45.796731],[24.1481427,45.7966779],[24.1480579,45.7966387],[24.1479811,45.796611],[24.1479133,45.7965924],[24.1478288,45.7965771],[24.1477339,45.7965695],[24.147657,45.7965717],[24.1475402,45.7965853],[24.1474381,45.796607],[24.1473548,45.7966323],[24.1472759,45.7966633],[24.1472009,45.7967027],[24.1471314,45.7967483],[24.1468614,45.7969194]]}},{"type":"Feature","properties":{"osm_id":28776489,"name":"Strada N.R. Korsakov","highway":"residential","name_ro":null,"source":"openstreetmap"},"geometry":{"type":"LineString","coordinates":[[24.1475358,45.8006707],[24.1477023,45.8003909],[24.147734,45.8003201],[24.1477578,45.8002438],[24.1477821,45.8001396],[24.1478269,45.7998991],[24.1478695,45.79964]]}},{"type":"Feature","properties":{"osm_id":28776936,"name":"Aleea Târgul Cailor","highway":"residential","name_ro":null,"source":"openstreetmap"},"geometry":{"type":"LineString","coordinates":[[24.1455649,45.807203],[24.1456862,45.8071977],[24.1457373,45.8071909],[24.1462334,45.8070401],[24.1462614,45.8070239],[24.1462814,45.8070064],[24.1462956,45.8069824],[24.1463019,45.8069526],[24.1462947,45.8069277],[24.1466649,45.8067226]]}},{"type":"Feature","properties":{"osm_id":28777038,"name":"Strada Sălciilor","highway":"residential","name_ro":null,"source":"openstreetmap"},"geometry":{"type":"LineString","coordinates":[[24.1487725,45.8119253],[24.1479379,45.8122177],[24.147774,45.8122814],[24.1475917,45.8123647],[24.1469125,45.8127019],[24.1468401,45.8127269],[24.146763,45.8127389],[24.1465218,45.8127474],[24.1464109,45.8127559],[24.1463058,45.8127722],[24.1461755,45.8127981],[24.1455868,45.812959],[24.1453308,45.8130317],[24.1451198,45.8131038]]}},{"type":"Feature","properties":{"osm_id":28777230,"name":"Strada Lupeni","highway":"tertiary","name_ro":null,"source":"openstreetmap"},"geometry":{"type":"LineString","coordinates":[[24.1712537,45.8072432],[24.1705769,45.807008],[24.1704736,45.8069754],[24.1695799,45.8066856],[24.1693085,45.8065779],[24.1684303,45.8062234],[24.1679194,45.8060024],[24.1669512,45.8055468],[24.1661641,45.8050872],[24.1660482,45.8050118],[24.1657601,45.8048228],[24.1657052,45.8047854],[24.164962,45.8042784],[24.1648638,45.804212],[24.1644764,45.8039503],[24.1644064,45.8038954],[24.1643721,45.803864],[24.1643407,45.8038326],[24.1642825,45.8037602],[24.1640906,45.8035507],[24.1640218,45.8034949],[24.1639361,45.8034332],[24.163615,45.8032148],[24.1634391,45.8030976],[24.1633399,45.8030374],[24.1632545,45.8029912],[24.1631551,45.8029535],[24.1630466,45.8029207],[24.1624874,45.8027848],[24.1619717,45.8026601],[24.1618206,45.8026256],[24.1612503,45.802508],[24.1605967,45.8024385],[24.1605205,45.8024281],[24.1604628,45.8024161],[24.1603961,45.802391],[24.1603257,45.8023554],[24.1602494,45.8023068],[24.1601894,45.8022479],[24.1601414,45.8021903]]}},{"type":"Feature","properties":{"osm_id":28777289,"name":"Strada Ana Ipătescu","highway":"residential","name_ro":null,"source":"openstreetmap"},"geometry":{"type":"LineString","coordinates":[[24.1640069,45.80174],[24.1639558,45.8016697],[24.1639187,45.8016259],[24.1638545,45.8015913],[24.1634461,45.8014464],[24.1628305,45.8012386],[24.1620855,45.8009879],[24.1619989,45.8009575],[24.1619153,45.8009293],[24.1615868,45.8008187],[24.1615189,45.8007956]]}},{"type":"Feature","properties":{"osm_id":28777301,"name":"Strada Abrud","highway":"tertiary","name_ro":null,"source":"openstreetmap"},"geometry":{"type":"LineString","coordinates":[[24.174425,45.8082213],[24.1743496,45.8082795],[24.1742103,45.8083903],[24.1741768,45.8084063],[24.1741442,45.8084108],[24.1741092,45.8084062],[24.1740819,45.8083957],[24.1727769,45.8078376],[24.1720926,45.8075746],[24.1712537,45.8072432]]}},{"type":"Feature","properties":{"osm_id":28789815,"name":"Strada Frații Grachi","highway":"residential","name_ro":null,"source":"openstreetmap"},"geometry":{"type":"LineString","coordinates":[[24.160891,45.7913962],[24.160845,45.7913373],[24.1608127,45.7912965],[24.1607683,45.7912369],[24.1607421,45.7911892],[24.1607298,45.7911287],[24.1606153,45.7902782]]}},{"type":"Feature","properties":{"osm_id":28789828,"name":"Strada Ștefan cel Mare","highway":"secondary","name_ro":null,"source":"openstreetmap"},"geometry":{"type":"LineString","coordinates":[[24.1637342,45.7900552],[24.1636002,45.7900648],[24.1606153,45.7902782],[24.1583572,45.790436],[24.1581417,45.7904544],[24.1580579,45.7904742],[24.1579913,45.7905011]]}},{"type":"Feature","properties":{"osm_id":28789849,"name":"Strada Nicolae Titulescu","highway":"residential","name_ro":null,"source":"openstreetmap"},"geometry":{"type":"LineString","coordinates":[[24.1605431,45.7915215],[24.1604694,45.7914263],[24.1604005,45.7913374],[24.1603406,45.7912893],[24.1602488,45.7912517],[24.1581395,45.7906337],[24.1580683,45.7906125],[24.1580002,45.7905924]]}},{"type":"Feature","properties":{"osm_id":28789853,"name":"Vârtopu","highway":"service","name_ro":null,"source":"openstreetmap"},"geometry":{"type":"LineString","coordinates":[[24.1571889,45.793599],[24.1571458,45.7936491]]}},{"type":"Feature","properties":{"osm_id":28789909,"name":"Strada Oncești","highway":"residential","name_ro":null,"source":"openstreetmap"},"geometry":{"type":"LineString","coordinates":[[24.1674014,45.7814577],[24.1675051,45.781506],[24.1675655,45.7815341],[24.1683169,45.7817779],[24.1689938,45.7819902],[24.1690942,45.7820249],[24.1692324,45.7820727],[24.1694858,45.7821712],[24.1696102,45.7822262],[24.169834,45.7823484],[24.1699712,45.7824206],[24.1703341,45.7826124],[24.170647,45.7827781],[24.1708269,45.7828771],[24.171298,45.7831277],[24.1715419,45.7832603],[24.1716459,45.7833169]]}},{"type":"Feature","properties":{"osm_id":28789943,"name":"Strada Șureanu","highway":"residential","name_ro":null,"source":"openstreetmap"},"geometry":{"type":"LineString","coordinates":[[24.1733897,45.7854719],[24.1733297,45.7855266],[24.1728668,45.7859594],[24.1726001,45.7862106],[24.1718526,45.786903]]}},{"type":"Feature","properties":{"osm_id":28789974,"name":"Strada Măgura","highway":"tertiary","name_ro":null,"source":"openstreetmap"},"geometry":{"type":"LineString","coordinates":[[24.1756606,45.7892792],[24.175723,45.7892626],[24.1758652,45.7892129],[24.1760438,45.7891459],[24.1765649,45.7888958],[24.1767341,45.7888164],[24.1769546,45.7886841]]}},{"type":"Feature","properties":{"osm_id":28790029,"name":"Strada Semaforului","highway":"primary","name_ro":null,"source":"openstreetmap"},"geometry":{"type":"LineString","coordinates":[[24.1759613,45.7882086],[24.1760849,45.7880888],[24.1761505,45.7880045],[24.1761981,45.7879069],[24.1762137,45.7878498],[24.1762223,45.787657]]}},{"type":"Feature","properties":{"osm_id":28790070,"name":"Strada Ștefan cel Mare","highway":"primary","name_ro":null,"source":"openstreetmap"},"geometry":{"type":"LineString","coordinates":[[24.1760737,45.7885118],[24.1757089,45.788594],[24.1756338,45.7886048],[24.1755437,45.7886124],[24.1754474,45.7886153],[24.1753228,45.7886112]]}},{"type":"Feature","properties":{"osm_id":28790333,"name":"Piața 1 Decembrie 1918","highway":"pedestrian","name_ro":null,"source":"openstreetmap"},"geometry":{"type":"LineString","coordinates":[[24.161343,45.7998923],[24.1614083,45.7998528],[24.1619347,45.7994241],[24.1619891,45.7993798],[24.1620551,45.7994161],[24.1620815,45.7994305],[24.1620276,45.7994756],[24.1619749,45.7995196],[24.1619232,45.7994895],[24.1617757,45.7996129],[24.1618249,45.7996415],[24.1615314,45.7998868],[24.1614934,45.7998647],[24.1612519,45.8000666],[24.1612839,45.8000853],[24.1610036,45.8003196],[24.1609644,45.8002968],[24.1608026,45.800432],[24.1609964,45.8005447],[24.1610197,45.8005583],[24.1609578,45.8006044],[24.1609288,45.8005884],[24.1607458,45.8004874],[24.1606483,45.8004373],[24.1605363,45.800382],[24.1604106,45.8002572],[24.1609407,45.8002606],[24.161343,45.7998923]]}},{"type":"Feature","properties":{"osm_id":28792383,"name":"Strada Luptei","highway":"tertiary","name_ro":null,"source":"openstreetmap"},"geometry":{"type":"LineString","coordinates":[[24.1581195,45.7807169],[24.1580904,45.7807781],[24.158053,45.7808361],[24.1578555,45.7809957],[24.157813,45.7810252],[24.1576934,45.7810971]]}},{"type":"Feature","properties":{"osm_id":28792401,"name":"Aleea Biruinței","highway":"residential","name_ro":null,"source":"openstreetmap"},"geometry":{"type":"LineString","coordinates":[[24.1563571,45.7809059],[24.156293,45.7808687],[24.1553975,45.7803692],[24.1550171,45.7801513],[24.1549812,45.780134],[24.1549373,45.7801343],[24.1548892,45.7801526],[24.1544217,45.7805582],[24.1542525,45.7806909],[24.1541203,45.7807991],[24.1533966,45.7814576],[24.1533484,45.7814996],[24.1533002,45.78154],[24.153269,45.7815659],[24.1525762,45.7821459],[24.1524013,45.7822998],[24.1521926,45.7824867],[24.152155,45.7825217]]}},{"type":"Feature","properties":{"osm_id":28792402,"name":"Strada Mirăslău","highway":"residential","name_ro":null,"source":"openstreetmap"},"geometry":{"type":"LineString","coordinates":[[24.152155,45.7825217],[24.1525149,45.7827326],[24.1525894,45.7827539],[24.1526461,45.7827776],[24.1535748,45.7832983],[24.1543275,45.7837191],[24.1548123,45.7840093],[24.1549652,45.784123]]}},{"type":"Feature","properties":{"osm_id":28792403,"name":"Strada Mirăslău","highway":"residential","name_ro":null,"source":"openstreetmap"},"geometry":{"type":"LineString","coordinates":[[24.1525149,45.7827326],[24.1524605,45.782779],[24.1522836,45.7829297],[24.1519128,45.7832752],[24.1518504,45.7833309],[24.1517171,45.7834498],[24.1513131,45.7838187],[24.1512854,45.783841]]}},{"type":"Feature","properties":{"osm_id":28792451,"name":"Strada Plugarilor","highway":"residential","name_ro":null,"source":"openstreetmap"},"geometry":{"type":"LineString","coordinates":[[24.1529017,45.7752713],[24.1529484,45.7753051],[24.152986,45.775327],[24.1538681,45.7758432],[24.1544745,45.7761732]]}},{"type":"Feature","properties":{"osm_id":28792458,"name":"Strada Profesor Victor Lazăr","highway":"residential","name_ro":null,"source":"openstreetmap"},"geometry":{"type":"LineString","coordinates":[[24.1454452,45.7757207],[24.1453911,45.7756434],[24.1453054,45.7755334],[24.1447921,45.7748753],[24.1447489,45.7748199],[24.1447043,45.7747627],[24.144165,45.7740707],[24.1441293,45.7740249]]}},{"type":"Feature","properties":{"osm_id":28792474,"name":"Strada Unirii","highway":"tertiary","name_ro":null,"source":"openstreetmap"},"geometry":{"type":"LineString","coordinates":[[24.1926208,45.7736773],[24.192075,45.7736123],[24.1917148,45.7735747],[24.1916052,45.7735637],[24.1912562,45.7735319],[24.1909479,45.7735091],[24.1906707,45.7734796],[24.1902462,45.7734352],[24.1896984,45.7733643],[24.1892809,45.7733065]]}},{"type":"Feature","properties":{"osm_id":28792479,"name":"Strada Mihai Viteazul","highway":"secondary","name_ro":null,"source":"openstreetmap"},"geometry":{"type":"LineString","coordinates":[[24.1734635,45.7762421],[24.1734072,45.7762817],[24.1733742,45.7762984],[24.173336,45.7763149],[24.1732801,45.7763329],[24.1732109,45.776348],[24.1731364,45.7763602],[24.1730444,45.7763742]]}},{"type":"Feature","properties":{"osm_id":28792502,"name":"Șelimbăr-Bungard","highway":"tertiary","name_ro":null,"source":"openstreetmap"},"geometry":{"type":"LineString","coordinates":[[24.1999554,45.7663662],[24.2000753,45.766493],[24.2004964,45.7669804],[24.2005947,45.7671116],[24.2007029,45.7672797],[24.2007574,45.767358],[24.2008397,45.767436],[24.2009678,45.7675173],[24.2010538,45.7675712],[24.2012192,45.7676726],[24.2012876,45.7677131],[24.2013346,45.7677436],[24.2014895,45.7678508],[24.2015631,45.7679045]]}},{"type":"Feature","properties":{"osm_id":28792518,"name":"Strada 1 Decembrie","highway":"tertiary","name_ro":null,"source":"openstreetmap"},"geometry":{"type":"LineString","coordinates":[[24.1999554,45.7663662],[24.1992411,45.7667072],[24.1985249,45.7670659],[24.1983064,45.7671665],[24.1981088,45.7672551],[24.1979253,45.7673199],[24.1977382,45.7673744],[24.1975525,45.7674135],[24.197352,45.7674474],[24.1960679,45.7675591],[24.196003,45.7675632],[24.195942,45.7675543],[24.1958629,45.7675224],[24.1957745,45.7674588]]}},{"type":"Feature","properties":{"osm_id":28792555,"name":"Strada Podului","highway":"residential","name_ro":null,"source":"openstreetmap"},"geometry":{"type":"LineString","coordinates":[[24.2015376,45.7644068],[24.2014606,45.7644113],[24.2013802,45.7644375],[24.2004513,45.7648344],[24.1993999,45.7653284],[24.1986046,45.7656802],[24.1984029,45.765747],[24.1982211,45.7657886],[24.1980387,45.7658177],[24.1978531,45.7658297],[24.1976805,45.7658345],[24.1974682,45.7658252],[24.1972845,45.7658058],[24.1967579,45.7657092],[24.19663,45.7656949],[24.1964948,45.7656913],[24.1963489,45.7657017],[24.1959782,45.7657847]]}},{"type":"Feature","properties":{"osm_id":28797425,"name":"Strada Triajului","highway":"service","name_ro":null,"source":"openstreetmap"},"geometry":{"type":"LineString","coordinates":[[24.1759784,45.7928586],[24.1758017,45.7925624],[24.175758,45.7925128],[24.175695,45.79249],[24.1756329,45.7924914],[24.1755393,45.792511],[24.1751196,45.7926258],[24.1745929,45.7927737]]}},{"type":"Feature","properties":{"osm_id":28797441,"name":"Strada Anul 1907","highway":"residential","name_ro":null,"source":"openstreetmap"},"geometry":{"type":"LineString","coordinates":[[24.172877,45.8065863],[24.1729755,45.8065436],[24.173674,45.8061882],[24.1737426,45.806161],[24.1738493,45.8061421],[24.1739333,45.8061176],[24.1741247,45.8060267],[24.1745311,45.8058413],[24.1746321,45.8058109],[24.1747187,45.8057971],[24.1747949,45.8057918],[24.1749329,45.8057978],[24.1753726,45.8058243],[24.1756063,45.8058265],[24.1758158,45.8058204]]}},{"type":"Feature","properties":{"osm_id":28797448,"name":"Strada Băicoi","highway":"residential","name_ro":null,"source":"openstreetmap"},"geometry":{"type":"LineString","coordinates":[[24.1699194,45.8059565],[24.1687673,45.8054434],[24.1682759,45.8051969],[24.1680584,45.8050138],[24.1679865,45.8049379],[24.1679349,45.8048652],[24.1678086,45.8046203],[24.1677891,45.8045823],[24.1677595,45.8045272],[24.1677005,45.804429],[24.16765,45.8043644],[24.1675953,45.8043175],[24.1674648,45.8042282],[24.1673418,45.804146],[24.1672075,45.8040677],[24.1668848,45.8038788],[24.166846,45.8038561]]}},{"type":"Feature","properties":{"osm_id":28797455,"name":"Strada Șerpuită","highway":"residential","name_ro":null,"source":"openstreetmap"},"geometry":{"type":"LineString","coordinates":[[24.1612503,45.802508],[24.161288,45.8024596],[24.1615292,45.8021259],[24.1615977,45.8020345],[24.1616182,45.8020069],[24.1616426,45.8019734],[24.1616603,45.8019398],[24.1616723,45.8018962],[24.1616978,45.801602],[24.1617077,45.8015717],[24.1619989,45.8009575],[24.1620321,45.8009047],[24.1622571,45.8005472],[24.162306,45.8005094],[24.1623668,45.8004845],[24.162952,45.8002916],[24.1630294,45.8002661]]}},{"type":"Feature","properties":{"osm_id":28797488,"name":"Strada Eftimie Murgu","highway":"residential","name_ro":null,"source":"openstreetmap"},"geometry":{"type":"LineString","coordinates":[[24.1611288,45.7882751],[24.1619782,45.7889843],[24.1620605,45.7890452],[24.163414,45.7896527],[24.163453,45.7896761],[24.1634812,45.7897043],[24.1637342,45.7900552],[24.1637645,45.7900958],[24.1638803,45.7902529],[24.1639706,45.7903737],[24.1640123,45.7904308]]}},{"type":"Feature","properties":{"osm_id":28797528,"name":"Strada Bucegi","highway":"residential","name_ro":null,"source":"openstreetmap"},"geometry":{"type":"LineString","coordinates":[[24.1606153,45.7902782],[24.1605867,45.7900224],[24.1606029,45.7899702],[24.1606405,45.7899179],[24.1607354,45.7898209],[24.1609449,45.7896443],[24.1614968,45.7893321],[24.161954,45.7890893],[24.1620605,45.7890452],[24.1621339,45.7890224],[24.1623719,45.7889607],[24.1629605,45.7888081],[24.1636374,45.7886291]]}},{"type":"Feature","properties":{"osm_id":28881676,"name":"Strada Nicolaus Olahus","highway":"secondary","name_ro":null,"source":"openstreetmap"},"geometry":{"type":"LineString","coordinates":[[24.1478642,45.7828769],[24.1476981,45.7828672],[24.1476163,45.7828631],[24.1475453,45.7828641],[24.1474726,45.7828723],[24.1473831,45.782889],[24.1472833,45.7829133],[24.1472049,45.7829366],[24.1471204,45.7829642],[24.1470152,45.7830064],[24.1469191,45.7830486],[24.1467769,45.7831195],[24.1466776,45.7831762],[24.1465844,45.7832351],[24.1461178,45.7835713],[24.1459437,45.7837086],[24.1458282,45.7837957]]}},{"type":"Feature","properties":{"osm_id":28881686,"name":"Bulevardul Mihai Viteazul","highway":"primary","name_ro":null,"source":"openstreetmap"},"geometry":{"type":"LineString","coordinates":[[24.1480927,45.7825521],[24.1484307,45.7824537],[24.148528,45.7824233],[24.1486233,45.7823867],[24.1487979,45.782314],[24.1489221,45.7822565]]}},{"type":"Feature","properties":{"osm_id":28881899,"name":"Strada Locomotivei","highway":"residential","name_ro":null,"source":"openstreetmap"},"geometry":{"type":"LineString","coordinates":[[24.1696246,45.788147],[24.1665565,45.7883151]]}},{"type":"Feature","properties":{"osm_id":30679822,"name":"Pasajul Scărilor","highway":"pedestrian","name_ro":null,"source":"openstreetmap"},"geometry":{"type":"LineString","coordinates":[[24.1493864,45.7978907],[24.1493754,45.7977357],[24.1493713,45.7977075],[24.1493575,45.7976528],[24.1493367,45.7975993],[24.1493059,45.797537],[24.1492664,45.7974746],[24.1491422,45.7973356],[24.1491251,45.7973251],[24.1490881,45.7973187],[24.1490033,45.7973007],[24.1489809,45.7972925],[24.1489678,45.7972815],[24.1489633,45.7972714],[24.1489651,45.7972554],[24.1489872,45.7972311]]}},{"type":"Feature","properties":{"osm_id":30679824,"name":"Piața Albert Huet","highway":"service","name_ro":null,"source":"openstreetmap"},"geometry":{"type":"LineString","coordinates":[[24.1504716,45.798124],[24.150503,45.798119],[24.1508144,45.7978621],[24.1508315,45.7978356],[24.1508434,45.7978078],[24.1508429,45.7977632],[24.1508237,45.7977228],[24.1503491,45.7972597]]}},{"type":"Feature","properties":{"osm_id":30679830,"name":"Podul Minciunilor","highway":"pedestrian","name_ro":null,"source":"openstreetmap"},"geometry":{"type":"LineString","coordinates":[[24.1507493,45.7982797],[24.1508412,45.7983625]]}},{"type":"Feature","properties":{"osm_id":30679831,"name":"Strada Azilului","highway":"residential","name_ro":null,"source":"openstreetmap"},"geometry":{"type":"LineString","coordinates":[[24.1505663,45.7987716],[24.1504489,45.7987705],[24.1501406,45.7987636],[24.150077,45.798761],[24.1499927,45.7987536],[24.1498144,45.7987296],[24.1497522,45.798724],[24.1496871,45.7987297],[24.1496289,45.7987437],[24.1495768,45.7987666],[24.1495194,45.7988011],[24.1494344,45.7988639]]}},{"type":"Feature","properties":{"osm_id":30679835,"name":"Strada Argintarilor","highway":"residential","name_ro":"Strada Argintarilor","source":"openstreetmap"},"geometry":{"type":"LineString","coordinates":[[24.1521251,45.7990957],[24.152074,45.7991783],[24.1520259,45.799291],[24.1518328,45.7998187]]}},{"type":"Feature","properties":{"osm_id":30679836,"name":"Piața Aurarilor","highway":"pedestrian","name_ro":null,"source":"openstreetmap"},"geometry":{"type":"LineString","coordinates":[[24.1521203,45.7990864],[24.1521098,45.7991047],[24.1521844,45.7991172],[24.1522796,45.7991294],[24.152358,45.7991341],[24.152433,45.7991279],[24.1524367,45.7991204],[24.1523977,45.7988235],[24.1523428,45.7988266],[24.1523233,45.7988339],[24.152328,45.7989908],[24.1523029,45.799038],[24.1522548,45.7990511],[24.1521644,45.7990299],[24.1521325,45.7990849],[24.1521203,45.7990864]]}},{"type":"Feature","properties":{"osm_id":30679839,"name":"Strada Târgului","highway":"pedestrian","name_ro":"Strada Târgului","source":"openstreetmap"},"geometry":{"type":"LineString","coordinates":[[24.1525331,45.7999401],[24.1525533,45.7998687],[24.1526157,45.7996486],[24.1526238,45.799592],[24.1526197,45.799541],[24.1526095,45.7994974],[24.1525901,45.7994434],[24.1525214,45.799307],[24.1525002,45.7992694],[24.1524531,45.7991569],[24.1524367,45.7991204]]}},{"type":"Feature","properties":{"osm_id":30679841,"name":"Strada Movilei","highway":"residential","name_ro":null,"source":"openstreetmap"},"geometry":{"type":"LineString","coordinates":[[24.1537894,45.7990422],[24.1534394,45.7990558],[24.1533262,45.7990623],[24.1532204,45.7990721],[24.1530928,45.7990925],[24.152993,45.7991025],[24.152871,45.7991104],[24.152713,45.799115],[24.1524367,45.7991204],[24.1523675,45.7991224],[24.1522842,45.7991188],[24.1522146,45.7991108],[24.1521251,45.7990957]]}},{"type":"Feature","properties":{"osm_id":32493137,"name":"Șoseaua Alba Iulia","highway":"primary","name_ro":null,"source":"openstreetmap"},"geometry":{"type":"LineString","coordinates":[[24.0969886,45.7907709],[24.0972557,45.790809],[24.0974466,45.7908355],[24.0978575,45.7908926],[24.0979873,45.7909106],[24.0999189,45.791179],[24.1001514,45.7912113],[24.1011148,45.7913451],[24.101295,45.7913701],[24.1035734,45.7916866],[24.1046459,45.7918356],[24.1053554,45.7919342],[24.106354,45.7920729],[24.1080983,45.7923172],[24.1082918,45.7923421]]}},{"type":"Feature","properties":{"osm_id":32952622,"name":"Strada Gării","highway":"residential","name_ro":null,"source":"openstreetmap"},"geometry":{"type":"LineString","coordinates":[[24.1661376,45.8000972],[24.1657591,45.8000457],[24.1648488,45.7996394],[24.1647291,45.7995986],[24.1645945,45.799576],[24.1645078,45.7995723],[24.1643928,45.7995766],[24.1642597,45.7995946],[24.1641202,45.7996339],[24.163437,45.7998754],[24.1629185,45.800064],[24.1624604,45.8002328],[24.162349,45.8002874],[24.1615189,45.8007956],[24.1610701,45.8010661],[24.1604403,45.8015041],[24.1600675,45.8018531],[24.1600403,45.801894],[24.1600349,45.8019269]]}},{"type":"Feature","properties":{"osm_id":32952901,"name":"Strada Uzinei","highway":"tertiary","name_ro":null,"source":"openstreetmap"},"geometry":{"type":"LineString","coordinates":[[24.1597515,45.7969166],[24.1597611,45.7968896],[24.1597741,45.7968388],[24.1597771,45.7967999],[24.1597641,45.7967636],[24.1597003,45.7966995]]}},{"type":"Feature","properties":{"osm_id":33264242,"name":"Calea Poplăcii","highway":"secondary","name_ro":null,"source":"openstreetmap"},"geometry":{"type":"LineString","coordinates":[[24.1212779,45.7672283],[24.1205761,45.7666939],[24.1201077,45.7663372],[24.1180534,45.7647728],[24.1164205,45.7635663],[24.1161468,45.7633494],[24.1150676,45.7623687],[24.1149532,45.7622611],[24.1139067,45.7612765],[24.1131689,45.7605499],[24.1113764,45.7587595],[24.1112439,45.7586559],[24.1110042,45.7585373]]}},{"type":"Feature","properties":{"osm_id":33267125,"name":"Strada Sibiel","highway":"residential","name_ro":null,"source":"openstreetmap"},"geometry":{"type":"LineString","coordinates":[[24.1277112,45.7685102],[24.1280979,45.7684146],[24.1281336,45.7684061],[24.1282247,45.7683836],[24.1282929,45.7683668],[24.1283557,45.7683593],[24.1284147,45.7683686],[24.1284496,45.768403],[24.1286649,45.7688248],[24.129161,45.7698015]]}},{"type":"Feature","properties":{"osm_id":33267257,"name":"Strada Mărăști","highway":"residential","name_ro":null,"source":"openstreetmap"},"geometry":{"type":"LineString","coordinates":[[24.1521856,45.7853602],[24.1491628,45.7859021],[24.1490575,45.7859202]]}},{"type":"Feature","properties":{"osm_id":33267268,"name":"Strada Dorului","highway":"residential","name_ro":null,"source":"openstreetmap"},"geometry":{"type":"LineString","coordinates":[[24.1542626,45.7845084],[24.15237,45.7835152],[24.1519128,45.7832752]]}},{"type":"Feature","properties":{"osm_id":33267457,"name":"Strada Ioan Cătină","highway":"residential","name_ro":null,"source":"openstreetmap"},"geometry":{"type":"LineString","coordinates":[[24.1406605,45.7739658],[24.1406092,45.7739488],[24.1391219,45.7734569],[24.1389735,45.7734025]]}},{"type":"Feature","properties":{"osm_id":33267636,"name":"Strada Petuniei","highway":"residential","name_ro":null,"source":"openstreetmap"},"geometry":{"type":"LineString","coordinates":[[24.1467645,45.8072585],[24.1468128,45.8073368],[24.1472898,45.8081103],[24.1473561,45.8082087],[24.1475475,45.8085213],[24.147619,45.808635],[24.1477083,45.8087888]]}},{"type":"Feature","properties":{"osm_id":33268108,"name":"Strada Granitului","highway":"residential","name_ro":null,"source":"openstreetmap"},"geometry":{"type":"LineString","coordinates":[[24.1267441,45.8072164],[24.1277331,45.8090775]]}},{"type":"Feature","properties":{"osm_id":33268165,"name":"Strada Metalurgiștilor","highway":"residential","name_ro":null,"source":"openstreetmap"},"geometry":{"type":"LineString","coordinates":[[24.1379591,45.7970028],[24.1378507,45.7972644],[24.1378505,45.7973001],[24.1378815,45.7973177],[24.1386534,45.7974765],[24.138724,45.7974759],[24.1387775,45.7974614],[24.1388485,45.7974246],[24.1392465,45.7971252],[24.1392886,45.797063],[24.1393076,45.7970232],[24.1393236,45.7969766],[24.1393613,45.7968555],[24.1393811,45.7967902]]}},{"type":"Feature","properties":{"osm_id":33301441,"name":"Calea Rășinari","highway":"secondary","name_ro":null,"source":"openstreetmap"},"geometry":{"type":"LineString","coordinates":[[24.1073065,45.741065],[24.10826,45.7418577],[24.1091095,45.7426327],[24.1094176,45.7429419],[24.1096186,45.7431792],[24.1097184,45.7433412],[24.1098524,45.7436276],[24.1101069,45.7442619],[24.1105485,45.745446],[24.1109267,45.7463931],[24.1112908,45.7473097],[24.1113719,45.74749],[24.111469,45.7476489],[24.1122195,45.748686],[24.112536,45.7491183],[24.1140823,45.751252],[24.1150841,45.7526191],[24.1159692,45.7538253]]}},{"type":"Feature","properties":{"osm_id":35425488,"name":"Strada Sofocle","highway":"residential","name_ro":null,"source":"openstreetmap"},"geometry":{"type":"LineString","coordinates":[[24.1564239,45.7986282],[24.1564896,45.7984485],[24.1564967,45.7982941],[24.1564019,45.7982939]]}},{"type":"Feature","properties":{"osm_id":35425781,"name":"Strada Șelarilor","highway":"residential","name_ro":null,"source":"openstreetmap"},"geometry":{"type":"LineString","coordinates":[[24.1562979,45.7976115],[24.1558573,45.7973858],[24.1556152,45.7972603],[24.155402,45.7971266],[24.1546327,45.7966353]]}},{"type":"Feature","properties":{"osm_id":35425865,"name":"Strada Bărbierilor","highway":"residential","name_ro":null,"source":"openstreetmap"},"geometry":{"type":"LineString","coordinates":[[24.1563311,45.7969536],[24.1561973,45.7970443],[24.1560798,45.7971296],[24.1558573,45.7973858]]}},{"type":"Feature","properties":{"osm_id":35428121,"name":"Strada Parcul Tineretului","highway":"service","name_ro":null,"source":"openstreetmap"},"geometry":{"type":"LineString","coordinates":[[24.158488,45.7970615],[24.1584175,45.7970488],[24.1583599,45.7970362],[24.1579318,45.7969422],[24.1572708,45.7968009],[24.1570658,45.7967907],[24.1569365,45.7967841],[24.1569091,45.7967827],[24.1567457,45.7967743]]}},{"type":"Feature","properties":{"osm_id":40118413,"name":"Strada Școala de Înot","highway":"tertiary","name_ro":null,"source":"openstreetmap"},"geometry":{"type":"LineString","coordinates":[[24.1449559,45.7846216],[24.1449253,45.7846755],[24.144917,45.7847265],[24.1449236,45.7847642],[24.144945,45.7848031],[24.1449973,45.7848404],[24.1458106,45.785383],[24.1465302,45.7858547],[24.1466633,45.7859487],[24.1471898,45.7863137],[24.1477013,45.7866752],[24.1477196,45.7867049],[24.14773,45.7867374],[24.1477431,45.7868156]]}},{"type":"Feature","properties":{"osm_id":40118670,"name":"Strada Centumvirilor","highway":"living_street","name_ro":"Strada Centumvirilor","source":"openstreetmap"},"geometry":{"type":"LineString","coordinates":[[24.1487002,45.7970461],[24.1486411,45.7969012],[24.1483838,45.7967041],[24.1482799,45.7966369],[24.148171,45.7965779],[24.147923,45.7964619],[24.1477275,45.7963779],[24.1476575,45.7963445],[24.1476344,45.7963332],[24.1474842,45.7962596],[24.1473919,45.7962083],[24.1472778,45.796139],[24.1470141,45.7959445],[24.1465488,45.7956762],[24.146331,45.795572],[24.1462021,45.7955114],[24.1460788,45.795458]]}},{"type":"Feature","properties":{"osm_id":40119186,"name":"Strada Lungă","highway":"residential","name_ro":null,"source":"openstreetmap"},"geometry":{"type":"LineString","coordinates":[[24.1459754,45.8093116],[24.1462421,45.8092303],[24.1462932,45.8092045],[24.1463092,45.8091834],[24.1463119,45.8091579],[24.1463016,45.8091333],[24.1460396,45.808737],[24.1458412,45.8084372],[24.1458172,45.8084006],[24.1458099,45.8083761],[24.1458152,45.8083502],[24.1458086,45.8083202],[24.1457371,45.8081993],[24.1452807,45.8075312],[24.1451989,45.8074006],[24.1449183,45.8069466]]}},{"type":"Feature","properties":{"osm_id":40119593,"name":"Strada Pulberăriei","highway":"residential","name_ro":null,"source":"openstreetmap"},"geometry":{"type":"LineString","coordinates":[[24.1475358,45.8006707],[24.1474859,45.8006457],[24.1474365,45.8006149],[24.1471379,45.8004112],[24.1470054,45.8003234],[24.1468821,45.8002408]]}},{"type":"Feature","properties":{"osm_id":40121017,"name":"Bulevardul Corneliu Coposu","highway":"tertiary","name_ro":null,"source":"openstreetmap"},"geometry":{"type":"LineString","coordinates":[[24.161481,45.7974947],[24.1615334,45.7975095],[24.1615845,45.7975289],[24.1623544,45.7979521],[24.1625975,45.7980926],[24.1628002,45.7982166]]}},{"type":"Feature","properties":{"osm_id":40122615,"name":"Pasajul Tălmaciu","highway":"service","name_ro":null,"source":"openstreetmap"},"geometry":{"type":"LineString","coordinates":[[24.1293441,45.7762186],[24.1289748,45.7764151],[24.1288336,45.7762496]]}},{"type":"Feature","properties":{"osm_id":40122617,"name":"Pasajul Tălmaciu","highway":"service","name_ro":null,"source":"openstreetmap"},"geometry":{"type":"LineString","coordinates":[[24.1291905,45.7765364],[24.1290659,45.7764825],[24.1289748,45.7764151]]}},{"type":"Feature","properties":{"osm_id":40122646,"name":"Strada Islazului","highway":"residential","name_ro":null,"source":"openstreetmap"},"geometry":{"type":"LineString","coordinates":[[24.1268726,45.7754525],[24.1271323,45.7754961],[24.1272386,45.7755288],[24.1272835,45.7755631],[24.1272989,45.7756244],[24.1272959,45.7756634],[24.1272979,45.7758623],[24.1272819,45.7760625],[24.1272754,45.7762178],[24.1272343,45.7762929],[24.127171,45.7764084]]}},{"type":"Feature","properties":{"osm_id":40122712,"name":"Strada Siretului","highway":"residential","name_ro":null,"source":"openstreetmap"},"geometry":{"type":"LineString","coordinates":[[24.1438025,45.7717378],[24.1437301,45.771764],[24.1432383,45.7719512],[24.1425685,45.7722035],[24.142456,45.7722305],[24.1423757,45.7722412],[24.1422928,45.7722503],[24.142066,45.7722643],[24.1418398,45.7722656],[24.1416044,45.7722617],[24.1413243,45.7722471],[24.1411377,45.7722309],[24.1409221,45.7722073],[24.1406277,45.7721671],[24.1403757,45.7721291],[24.1403418,45.7721211],[24.1403003,45.7721076],[24.1402583,45.7720812],[24.1402012,45.772019]]}},{"type":"Feature","properties":{"osm_id":40122761,"name":"Intrarea Siretului","highway":"residential","name_ro":null,"source":"openstreetmap"},"geometry":{"type":"LineString","coordinates":[[24.1405318,45.7710495],[24.1413609,45.7707795],[24.1417399,45.7706531],[24.1418383,45.7708002],[24.1421645,45.77131],[24.142192,45.7713485]]}},{"type":"Feature","properties":{"osm_id":40122778,"name":"Aleea Streiu","highway":"residential","name_ro":null,"source":"openstreetmap"},"geometry":{"type":"LineString","coordinates":[[24.1487749,45.7742091],[24.1488132,45.773915]]}},{"type":"Feature","properties":{"osm_id":40122786,"name":"Aleea Streiu","highway":"residential","name_ro":null,"source":"openstreetmap"},"geometry":{"type":"LineString","coordinates":[[24.1490059,45.7724981],[24.1496555,45.7725331],[24.149719,45.7725472],[24.1498195,45.7725749],[24.1499629,45.7726186],[24.149942,45.7729792],[24.1499338,45.7731246],[24.1499252,45.7732558]]}},{"type":"Feature","properties":{"osm_id":40122818,"name":"Aleea Seviș","highway":"residential","name_ro":null,"source":"openstreetmap"},"geometry":{"type":"LineString","coordinates":[[24.153546,45.7742696],[24.1537119,45.774072],[24.1537416,45.7740017],[24.1537577,45.7736893]]}},{"type":"Feature","properties":{"osm_id":40122887,"name":"Strada Seviș","highway":"residential","name_ro":null,"source":"openstreetmap"},"geometry":{"type":"LineString","coordinates":[[24.153546,45.7742696],[24.154112,45.7745287]]}},{"type":"Feature","properties":{"osm_id":40122892,"name":"Aleea Seviș","highway":"residential","name_ro":null,"source":"openstreetmap"},"geometry":{"type":"LineString","coordinates":[[24.154112,45.7745287],[24.1544864,45.7746922],[24.1547709,45.7748306],[24.15505,45.7749835],[24.1552699,45.7751172],[24.1552747,45.7751915],[24.1551963,45.7752642],[24.1550496,45.7754002],[24.1549952,45.775449]]}},{"type":"Feature","properties":{"osm_id":40122948,"name":"Aleea Călărașilor","highway":"residential","name_ro":null,"source":"openstreetmap"},"geometry":{"type":"LineString","coordinates":[[24.1631846,45.7829363],[24.1632594,45.7829038],[24.1635322,45.7827372],[24.1636815,45.7826435],[24.1638404,45.7825433],[24.164631,45.7820026],[24.1647776,45.7819097]]}},{"type":"Feature","properties":{"osm_id":40123387,"name":"Strada Caprelor","highway":"residential","name_ro":null,"source":"openstreetmap"},"geometry":{"type":"LineString","coordinates":[[24.1830494,45.7883155],[24.1830371,45.7885373],[24.1830217,45.7888432],[24.1830388,45.7888788],[24.1830931,45.7889249],[24.1831143,45.7889382],[24.1831303,45.7889738],[24.1831359,45.7890474],[24.1831319,45.7894493]]}},{"type":"Feature","properties":{"osm_id":40123389,"name":"Strada Triajului","highway":"residential","name_ro":null,"source":"openstreetmap"},"geometry":{"type":"LineString","coordinates":[[24.1772376,45.7894083],[24.1772942,45.7893729],[24.1773491,45.7893193],[24.1774217,45.789221],[24.177641,45.7889516],[24.1779114,45.788694],[24.1780785,45.7885812],[24.1782456,45.7884929],[24.1784261,45.7884119],[24.1786371,45.7883533],[24.1788671,45.7883034],[24.1791676,45.7882382],[24.1794698,45.7882259],[24.1799318,45.7882312]]}},{"type":"Feature","properties":{"osm_id":40123391,"name":"Strada Ștefan cel Mare","highway":"residential","name_ro":null,"source":"openstreetmap"},"geometry":{"type":"LineString","coordinates":[[24.1818657,45.7882896],[24.1818842,45.7881211],[24.1818868,45.7879414],[24.1818805,45.7879004],[24.181857,45.7878695],[24.1817974,45.7878312],[24.1817068,45.7878141]]}},{"type":"Feature","properties":{"osm_id":40123393,"name":"Strada Caprelor","highway":"residential","name_ro":null,"source":"openstreetmap"},"geometry":{"type":"LineString","coordinates":[[24.1838552,45.7894696],[24.1838658,45.7890674],[24.1838722,45.7889479],[24.1838105,45.7889174],[24.1837871,45.7888892],[24.1837615,45.7888343],[24.1837423,45.7887257]]}},{"type":"Feature","properties":{"osm_id":40123397,"name":"Strada Caprelor","highway":"residential","name_ro":null,"source":"openstreetmap"},"geometry":{"type":"LineString","coordinates":[[24.1843494,45.7883496],[24.184307,45.7889543],[24.1842964,45.7894957]]}},{"type":"Feature","properties":{"osm_id":40123398,"name":"Strada Cantonului","highway":"residential","name_ro":null,"source":"openstreetmap"},"geometry":{"type":"LineString","coordinates":[[24.1819425,45.7882907],[24.18194,45.7883685],[24.1819342,45.7887206],[24.1819121,45.7894049],[24.1818907,45.7899042]]}},{"type":"Feature","properties":{"osm_id":40123484,"name":"Strada N.D. Cocea","highway":"residential","name_ro":null,"source":"openstreetmap"},"geometry":{"type":"LineString","coordinates":[[24.1421047,45.7824954],[24.1420662,45.7824758],[24.1411884,45.7818031],[24.1411729,45.7817955],[24.1411541,45.781796],[24.1411332,45.7817982],[24.1411116,45.7818073],[24.140828,45.7819809]]}},{"type":"Feature","properties":{"osm_id":40123658,"name":"Strada Steflești","highway":"residential","name_ro":null,"source":"openstreetmap"},"geometry":{"type":"LineString","coordinates":[[24.1735407,45.7845135],[24.1732977,45.7843804],[24.1729246,45.7841979],[24.1723351,45.7839089],[24.1720758,45.7837748],[24.1719765,45.783726],[24.1718099,45.7836441],[24.1715749,45.7835241],[24.1715356,45.783504],[24.1714843,45.7834778]]}},{"type":"Feature","properties":{"osm_id":40123698,"name":"Aleea Valea Frumoasei","highway":"residential","name_ro":null,"source":"openstreetmap"},"geometry":{"type":"LineString","coordinates":[[24.1683149,45.7821221],[24.1681928,45.7822715],[24.1688975,45.7826476],[24.1692924,45.7828583],[24.1693798,45.7829051],[24.1697947,45.7831269],[24.1702905,45.783392],[24.1703836,45.7834435],[24.1704023,45.7834659],[24.170397,45.7834996],[24.1702093,45.7836947],[24.1701574,45.7837487]]}},{"type":"Feature","properties":{"osm_id":40123726,"name":"Strada Muncel","highway":"residential","name_ro":null,"source":"openstreetmap"},"geometry":{"type":"LineString","coordinates":[[24.1750375,45.784601],[24.175463,45.7842145],[24.1755133,45.7841812],[24.1755648,45.7841547],[24.1756286,45.7841379],[24.1756924,45.7841293],[24.1758462,45.7841143],[24.1759206,45.7841086],[24.1759689,45.7841093],[24.1760229,45.7841219],[24.1760692,45.784154],[24.1761067,45.784207],[24.1761561,45.7843146],[24.1762897,45.7847848],[24.1764414,45.7853843],[24.1765159,45.7856953],[24.1766169,45.7862167],[24.1766553,45.7863185],[24.1766969,45.7864143],[24.1772621,45.7867167],[24.1773164,45.7867708],[24.1773494,45.7868302],[24.1773621,45.7868814],[24.1773563,45.786911],[24.1773387,45.786949],[24.1771042,45.7871971],[24.1770693,45.7872453],[24.1770565,45.7872882],[24.1770501,45.7873288],[24.1770559,45.7875287],[24.1770411,45.7876124],[24.1770103,45.7876834],[24.1769317,45.7878438],[24.176854,45.7879054],[24.1767629,45.7879599]]}},{"type":"Feature","properties":{"osm_id":40126769,"name":"Strada M. Viteazul","highway":"residential","name_ro":null,"source":"openstreetmap"},"geometry":{"type":"LineString","coordinates":[[24.1589288,45.7773172],[24.1589811,45.7773704],[24.1591877,45.7775807],[24.159193,45.7775994],[24.1591783,45.77762],[24.1590334,45.7777491],[24.1590254,45.7777594],[24.1590281,45.7777837],[24.1591729,45.7779296],[24.1593219,45.7779782],[24.1595028,45.7781298],[24.1595377,45.7781344],[24.1596356,45.7780914],[24.1596584,45.7780905],[24.1596785,45.7780998],[24.1597993,45.7782143]]}},{"type":"Feature","properties":{"osm_id":40127393,"name":"Strada Rusciorului","highway":"residential","name_ro":null,"source":"openstreetmap"},"geometry":{"type":"LineString","coordinates":[[24.1459754,45.8093116],[24.145831,45.8091446],[24.1457905,45.8091108],[24.1457676,45.8090999],[24.145738,45.8090938],[24.1456941,45.8090912],[24.1451601,45.8092613]]}},{"type":"Feature","properties":{"osm_id":40127413,"name":"Strada Ogorului","highway":"service","name_ro":null,"source":"openstreetmap"},"geometry":{"type":"LineString","coordinates":[[24.1190593,45.7969088],[24.1195844,45.7961061]]}},{"type":"Feature","properties":{"osm_id":40127414,"name":"Strada Frunzei","highway":"residential","name_ro":null,"source":"openstreetmap"},"geometry":{"type":"LineString","coordinates":[[24.1209672,45.7975852],[24.1215305,45.7967231],[24.1217385,45.7964098],[24.1217901,45.7963062],[24.1217998,45.7962723],[24.1218333,45.7961533],[24.1218585,45.7961066],[24.1219179,45.7960715],[24.1228818,45.7957403],[24.123055,45.7956722],[24.1231926,45.7956083],[24.1233939,45.7954698]]}},{"type":"Feature","properties":{"osm_id":40127415,"name":"Strada Ogorului","highway":"service","name_ro":null,"source":"openstreetmap"},"geometry":{"type":"LineString","coordinates":[[24.1195326,45.7979184],[24.1197021,45.7979715],[24.1197436,45.7979763],[24.1197761,45.7979644],[24.1202007,45.7973431]]}},{"type":"Feature","properties":{"osm_id":40127416,"name":"Piața Cluj","highway":"residential","name_ro":null,"source":"openstreetmap"},"geometry":{"type":"LineString","coordinates":[[24.1391505,45.8021621],[24.1383016,45.8026082],[24.1382414,45.8026393]]}},{"type":"Feature","properties":{"osm_id":40127417,"name":"Strada Ogorului","highway":"residential","name_ro":null,"source":"openstreetmap"},"geometry":{"type":"LineString","coordinates":[[24.1175546,45.7965073],[24.11885,45.7969165],[24.1190707,45.7969862],[24.1192332,45.7970375],[24.1195431,45.7971354],[24.1196582,45.7971717],[24.1198603,45.7972356],[24.1202007,45.7973431],[24.1205341,45.7974484],[24.1206358,45.7974805],[24.1209672,45.7975852]]}},{"type":"Feature","properties":{"osm_id":40132738,"name":"Strada Fântânele","highway":"residential","name_ro":null,"source":"openstreetmap"},"geometry":{"type":"LineString","coordinates":[[24.126211,45.7681253],[24.1262489,45.7681997],[24.1262708,45.7682427],[24.1264514,45.7685922],[24.1266101,45.7688981],[24.1268215,45.7692985],[24.1268322,45.7693247],[24.1268295,45.7693715],[24.1267785,45.7694052],[24.1265009,45.7694724],[24.1257076,45.7696665]]}},{"type":"Feature","properties":{"osm_id":40132739,"name":"Aleea Fântânele","highway":"service","name_ro":null,"source":"openstreetmap"},"geometry":{"type":"LineString","coordinates":[[24.1269897,45.770383],[24.1269625,45.7703324],[24.1268511,45.7701248],[24.1265009,45.7694724]]}},{"type":"Feature","properties":{"osm_id":40164370,"name":"Aleea Octavian Goga","highway":"residential","name_ro":null,"source":"openstreetmap"},"geometry":{"type":"LineString","coordinates":[[24.1730473,45.7801041],[24.1723538,45.7808327]]}},{"type":"Feature","properties":{"osm_id":40166516,"name":"Strada Abatorului","highway":"unclassified","name_ro":null,"source":"openstreetmap"},"geometry":{"type":"LineString","coordinates":[[24.1576025,45.8033885],[24.1579257,45.8031014],[24.157927,45.8030332],[24.1578954,45.8029918],[24.1576994,45.8028859]]}},{"type":"Feature","properties":{"osm_id":40166524,"name":"Aleea Țesătorilor","highway":"residential","name_ro":null,"source":"openstreetmap"},"geometry":{"type":"LineString","coordinates":[[24.1568978,45.8019954],[24.1569804,45.801989],[24.1575307,45.8019466],[24.1580257,45.8019078]]}},{"type":"Feature","properties":{"osm_id":40166526,"name":"Aleea Țesătorilor","highway":"service","name_ro":null,"source":"openstreetmap"},"geometry":{"type":"LineString","coordinates":[[24.1585158,45.8017367],[24.158527,45.8018053],[24.1583335,45.8019223],[24.1583146,45.801926],[24.1582957,45.8019194],[24.1582797,45.8019064],[24.1582559,45.8018955],[24.1582248,45.8018938],[24.1581763,45.8018968],[24.1580257,45.8019078]]}},{"type":"Feature","properties":{"osm_id":40167457,"name":"Aleea Petuniei","highway":"residential","name_ro":null,"source":"openstreetmap"},"geometry":{"type":"LineString","coordinates":[[24.1486598,45.8084604],[24.1486583,45.8084751],[24.1486516,45.8084871],[24.1486441,45.8084946],[24.1486337,45.8085001],[24.1485277,45.8085315],[24.1483871,45.8085758],[24.1477451,45.8087766],[24.1477083,45.8087888]]}},{"type":"Feature","properties":{"osm_id":40167693,"name":"Strada Fabricii","highway":"residential","name_ro":null,"source":"openstreetmap"},"geometry":{"type":"LineString","coordinates":[[24.1601499,45.7948379],[24.1602874,45.7948932]]}},{"type":"Feature","properties":{"osm_id":40172802,"name":"Bulevardul Corneliu Coposu","highway":"secondary","name_ro":null,"source":"openstreetmap"},"geometry":{"type":"LineString","coordinates":[[24.1612731,45.7974692],[24.1614758,45.7975839],[24.1615406,45.7976206]]}},{"type":"Feature","properties":{"osm_id":40205573,"name":"Calea Dumbrăvii","highway":"residential","name_ro":null,"source":"openstreetmap"},"geometry":{"type":"LineString","coordinates":[[24.1504871,45.7863105],[24.1509909,45.7876314],[24.1510638,45.7878258],[24.1511035,45.78795]]}},{"type":"Feature","properties":{"osm_id":40205576,"name":"Calea Dumbrăvii","highway":"residential","name_ro":null,"source":"openstreetmap"},"geometry":{"type":"LineString","coordinates":[[24.1498049,45.7878602],[24.1499094,45.787839],[24.1506927,45.7876902],[24.1509909,45.7876314]]}},{"type":"Feature","properties":{"osm_id":40205586,"name":"Bulevardul Vasile Milea","highway":"residential","name_ro":null,"source":"openstreetmap"},"geometry":{"type":"LineString","coordinates":[[24.1536923,45.786994],[24.1535627,45.7870351],[24.1526404,45.7873215],[24.152102,45.7874857],[24.1519216,45.7875387],[24.1517652,45.7875846],[24.1515648,45.787647],[24.1515238,45.7876807],[24.1515072,45.7877208],[24.1515072,45.7877779],[24.1514799,45.787817],[24.1514374,45.7878433],[24.1511035,45.78795],[24.150508,45.7881246]]}},{"type":"Feature","properties":{"osm_id":40206919,"name":"Strada Valea Hotarului","highway":"residential","name_ro":null,"source":"openstreetmap"},"geometry":{"type":"LineString","coordinates":[[24.1553772,45.775892],[24.1554822,45.7758405],[24.1556429,45.7757666],[24.1561127,45.77555],[24.1564457,45.7754375],[24.1568042,45.7753996],[24.1569132,45.7753944]]}},{"type":"Feature","properties":{"osm_id":40207017,"name":"Intrarea Siretului","highway":"residential","name_ro":null,"source":"openstreetmap"},"geometry":{"type":"LineString","coordinates":[[24.1405318,45.7710495],[24.140207,45.7711526],[24.1401751,45.7711572],[24.1401433,45.7711557],[24.1399428,45.7711171],[24.1399177,45.7711069],[24.1399017,45.7710879],[24.1399012,45.7710628],[24.140317,45.7701115],[24.1403228,45.7700743],[24.140295,45.77004],[24.1402572,45.7700168],[24.1400018,45.7699543],[24.1399683,45.7699571],[24.1399388,45.7699805],[24.1394462,45.7711717]]}},{"type":"Feature","properties":{"osm_id":40207154,"name":"Strada Săcel","highway":"residential","name_ro":null,"source":"openstreetmap"},"geometry":{"type":"LineString","coordinates":[[24.1313583,45.7799775],[24.1312887,45.7799395],[24.1312232,45.7799047],[24.1290499,45.7787115],[24.1275856,45.7779274],[24.1274732,45.7778894],[24.1273277,45.777856],[24.1272893,45.7778472],[24.1267671,45.7777757],[24.1263412,45.7777048],[24.1262898,45.7776963],[24.1262246,45.7776855]]}},{"type":"Feature","properties":{"osm_id":40207162,"name":"Strada Nicolae Beldiceanu","highway":"residential","name_ro":null,"source":"openstreetmap"},"geometry":{"type":"LineString","coordinates":[[24.1281548,45.7795093],[24.1282143,45.779457],[24.1290499,45.7787115]]}},{"type":"Feature","properties":{"osm_id":40207477,"name":"Strada Litovoi Vodă","highway":"residential","name_ro":null,"source":"openstreetmap"},"geometry":{"type":"LineString","coordinates":[[24.1314353,45.7800295],[24.1314549,45.7800833],[24.1314764,45.7801268],[24.1324068,45.7813847],[24.1326704,45.7817593],[24.1329323,45.7820359],[24.1334087,45.7823448],[24.1335536,45.782414],[24.1337612,45.7824794],[24.1339243,45.7825109]]}},{"type":"Feature","properties":{"osm_id":40207760,"name":"Strada Tălmăcel","highway":"residential","name_ro":null,"source":"openstreetmap"},"geometry":{"type":"LineString","coordinates":[[24.1272893,45.7778472],[24.1272955,45.7777569],[24.127311,45.7777089],[24.1273424,45.7776846],[24.1273767,45.7776902],[24.1275148,45.7777425],[24.1276449,45.7777753],[24.1277883,45.7777971],[24.1297253,45.7779638],[24.129848,45.7779845],[24.1299414,45.778013],[24.130071,45.7780867],[24.1301578,45.7781579]]}},{"type":"Feature","properties":{"osm_id":40208085,"name":"Strada Colinei","highway":"residential","name_ro":null,"source":"openstreetmap"},"geometry":{"type":"LineString","coordinates":[[24.12198,45.7719028],[24.1219072,45.7719489],[24.1208602,45.7726583],[24.1203969,45.7729528]]}},{"type":"Feature","properties":{"osm_id":40210254,"name":"Strada Eduard Albert Bielz","highway":"tertiary","name_ro":null,"source":"openstreetmap"},"geometry":{"type":"LineString","coordinates":[[24.1210372,45.7935331],[24.120798,45.7932593]]}},{"type":"Feature","properties":{"osm_id":40210550,"name":"Strada Pomicultorilor","highway":"residential","name_ro":null,"source":"openstreetmap"},"geometry":{"type":"LineString","coordinates":[[24.1276044,45.7918946],[24.1261042,45.792113]]}},{"type":"Feature","properties":{"osm_id":40213561,"name":"Strada Lyon","highway":"unclassified","name_ro":null,"source":"openstreetmap"},"geometry":{"type":"LineString","coordinates":[[24.0826034,45.7989122],[24.0827673,45.798638],[24.0836761,45.7970712],[24.083769,45.7968938],[24.0839658,45.7965177],[24.0840193,45.7964537],[24.0840731,45.7964167],[24.0842534,45.796295],[24.0845613,45.7962035],[24.0846686,45.7961324],[24.0847276,45.7960202],[24.0850977,45.7952946],[24.0851567,45.7952348],[24.0852318,45.7952161]]}},{"type":"Feature","properties":{"osm_id":40214840,"name":"Strada Căprioarelor","highway":"residential","name_ro":null,"source":"openstreetmap"},"geometry":{"type":"LineString","coordinates":[[24.1526753,45.8130598],[24.151852,45.8133294],[24.1517275,45.8133678],[24.1510724,45.8135695],[24.1500592,45.8138879],[24.1493671,45.8141234],[24.1493158,45.8141371],[24.1492798,45.8141439],[24.1491957,45.8141584]]}},{"type":"Feature","properties":{"osm_id":40214862,"name":"Strada Oborul de vite","highway":"residential","name_ro":null,"source":"openstreetmap"},"geometry":{"type":"LineString","coordinates":[[24.1537554,45.8142685],[24.1521006,45.8145642],[24.1507329,45.81481],[24.1493005,45.8150666],[24.1491965,45.8150805],[24.1491143,45.8150807]]}},{"type":"Feature","properties":{"osm_id":40214885,"name":"Strada Căpriorilor","highway":"residential","name_ro":null,"source":"openstreetmap"},"geometry":{"type":"LineString","coordinates":[[24.151852,45.8133294],[24.1515625,45.8128141],[24.1511927,45.8123568],[24.1511775,45.8123391],[24.1511786,45.8123265],[24.1511907,45.8123144],[24.1527149,45.811533]]}},{"type":"Feature","properties":{"osm_id":40214901,"name":"Strada Căprioarelor","highway":"residential","name_ro":null,"source":"openstreetmap"},"geometry":{"type":"LineString","coordinates":[[24.1526753,45.8130598],[24.1524828,45.8128273],[24.152302,45.8126565],[24.1521647,45.8125215],[24.1524901,45.8123493],[24.1528261,45.8121845],[24.1533589,45.8118921],[24.1539994,45.8115372]]}},{"type":"Feature","properties":{"osm_id":40214929,"name":"Strada Mărului","highway":"residential","name_ro":null,"source":"openstreetmap"},"geometry":{"type":"LineString","coordinates":[[24.1493724,45.8130937],[24.1494759,45.813099]]}},{"type":"Feature","properties":{"osm_id":40214941,"name":"Strada Gutuilor","highway":"residential","name_ro":null,"source":"openstreetmap"},"geometry":{"type":"LineString","coordinates":[[24.1475665,45.8136135],[24.1470833,45.8144383],[24.1466001,45.8152786],[24.1460928,45.8161355],[24.1460723,45.8161708],[24.1460152,45.8162846],[24.1460064,45.8163424],[24.1460397,45.8166568],[24.1461134,45.8171257],[24.1461223,45.8171888],[24.1461813,45.8175942],[24.1461974,45.8176494],[24.1462192,45.8176919],[24.1462655,45.817739],[24.1467341,45.8181033],[24.146761,45.8181308],[24.1467819,45.8181646],[24.1467876,45.8182035],[24.1467716,45.8182504],[24.1467258,45.8183069],[24.1464692,45.818592],[24.1462198,45.8188559],[24.1460142,45.8190525],[24.1457151,45.8193056],[24.1456897,45.8193459],[24.1456944,45.8193996],[24.1457075,45.8194481]]}},{"type":"Feature","properties":{"osm_id":40214944,"name":"Strada Părului","highway":"residential","name_ro":null,"source":"openstreetmap"},"geometry":{"type":"LineString","coordinates":[[24.1452663,45.8132883],[24.1456536,45.813155],[24.1457793,45.8131313],[24.1458682,45.8131236],[24.1459354,45.8131289],[24.1459886,45.8131391],[24.1475665,45.8136135],[24.1490758,45.8140419],[24.1492239,45.81408]]}},{"type":"Feature","properties":{"osm_id":40214947,"name":"Strada Vișinilor","highway":"residential","name_ro":null,"source":"openstreetmap"},"geometry":{"type":"LineString","coordinates":[[24.145661,45.814015],[24.1458045,45.8140577],[24.1470833,45.8144383],[24.1488238,45.8149714],[24.148881,45.8149948],[24.1489499,45.815036]]}},{"type":"Feature","properties":{"osm_id":40214968,"name":"Strada Fragilor","highway":"residential","name_ro":null,"source":"openstreetmap"},"geometry":{"type":"LineString","coordinates":[[24.1459839,45.8150877],[24.1466001,45.8152786],[24.1484982,45.8158288]]}},{"type":"Feature","properties":{"osm_id":40215143,"name":"Strada Strugurilor","highway":"residential","name_ro":null,"source":"openstreetmap"},"geometry":{"type":"LineString","coordinates":[[24.1452663,45.8132883],[24.1453965,45.813519],[24.1455907,45.8138845],[24.145661,45.814015],[24.1457562,45.8143261],[24.1459839,45.8150877]]}},{"type":"Feature","properties":{"osm_id":40215172,"name":"Strada Nucului","highway":"residential","name_ro":null,"source":"openstreetmap"},"geometry":{"type":"LineString","coordinates":[[24.1460928,45.8161355],[24.146197,45.8161654],[24.1479082,45.8166565],[24.1479974,45.8166827]]}},{"type":"Feature","properties":{"osm_id":40215207,"name":"Strada Prunelor","highway":"residential","name_ro":null,"source":"openstreetmap"},"geometry":{"type":"LineString","coordinates":[[24.1461134,45.8171257],[24.1461881,45.8171469],[24.1474205,45.8174976],[24.1474855,45.8175161]]}},{"type":"Feature","properties":{"osm_id":40215305,"name":"Drumul Ocnei","highway":"residential","name_ro":null,"source":"openstreetmap"},"geometry":{"type":"LineString","coordinates":[[24.1489302,45.8151291],[24.1488971,45.8151825],[24.1487081,45.8154881],[24.1484982,45.8158288],[24.1480647,45.8165709],[24.1479974,45.8166827],[24.1474855,45.8175161],[24.1470539,45.8182531],[24.1469665,45.8184024],[24.1469099,45.8184836],[24.1466532,45.8187944],[24.1462445,45.8192222],[24.1461862,45.8192724],[24.1461215,45.8193235],[24.1460462,45.8193747],[24.1459341,45.8194302],[24.145879,45.8194489],[24.1458204,45.8194532],[24.1457677,45.8194518],[24.1457075,45.8194481],[24.1453136,45.8197969],[24.1447675,45.8203071],[24.1441402,45.8209471],[24.144073,45.8210162],[24.1427196,45.8225457],[24.1422141,45.8231806],[24.1414207,45.8241771],[24.1413805,45.8241939],[24.1412652,45.8241846],[24.1395754,45.8237285],[24.139511,45.8236855],[24.1394815,45.8236257],[24.1394902,45.8235893]]}},{"type":"Feature","properties":{"osm_id":40215330,"name":"Strada Macului","highway":"unclassified","name_ro":null,"source":"openstreetmap"},"geometry":{"type":"LineString","coordinates":[[24.1500074,45.8181033],[24.1501709,45.8180101],[24.1506672,45.8178107],[24.1513555,45.8175368],[24.1519092,45.8173324],[24.1525272,45.8170902]]}},{"type":"Feature","properties":{"osm_id":40215628,"name":"Strada Aviator Gheorghe Bănciulescu","highway":"residential","name_ro":null,"source":"openstreetmap"},"geometry":{"type":"LineString","coordinates":[[24.1453136,45.8197969],[24.1447943,45.8195781],[24.143943,45.8192349],[24.1431256,45.8189294],[24.1410545,45.8181563],[24.1407232,45.8180207],[24.1401767,45.8178037],[24.139674,45.8176197]]}},{"type":"Feature","properties":{"osm_id":40215665,"name":"Strada General Gheorghe Mărdărescu","highway":"residential","name_ro":null,"source":"openstreetmap"},"geometry":{"type":"LineString","coordinates":[[24.1447675,45.8203071],[24.1446206,45.8202387],[24.1440021,45.8199812],[24.1433535,45.8197169],[24.142711,45.8194768],[24.1414984,45.8190064],[24.1409517,45.8188228],[24.1408215,45.8187644],[24.1406655,45.8186815]]}},{"type":"Feature","properties":{"osm_id":40215867,"name":"Strada Oslo","highway":"residential","name_ro":null,"source":"openstreetmap"},"geometry":{"type":"LineString","coordinates":[[24.1312079,45.8151092],[24.131322,45.8150657],[24.1326477,45.8145601],[24.1337636,45.8141277],[24.1343256,45.8139073],[24.1349207,45.8136752],[24.1350343,45.8136309],[24.1354769,45.8134538],[24.1362178,45.8131573],[24.1363343,45.8131107]]}},{"type":"Feature","properties":{"osm_id":40215915,"name":"Strada Landshut","highway":"residential","name_ro":null,"source":"openstreetmap"},"geometry":{"type":"LineString","coordinates":[[24.1350343,45.8136309],[24.1350807,45.813687],[24.1359383,45.8147241]]}},{"type":"Feature","properties":{"osm_id":40215992,"name":"Strada Orhideelor","highway":"residential","name_ro":null,"source":"openstreetmap"},"geometry":{"type":"LineString","coordinates":[[24.1359383,45.8147241],[24.1346578,45.8152119],[24.1341044,45.8154228],[24.133776,45.815552],[24.1336328,45.8156088],[24.1330009,45.8158635],[24.132894,45.8158912]]}},{"type":"Feature","properties":{"osm_id":40215994,"name":"Strada Michelangelo","highway":"residential","name_ro":null,"source":"openstreetmap"},"geometry":{"type":"LineString","coordinates":[[24.1337636,45.8141277],[24.1338146,45.8141897],[24.1341441,45.8145879],[24.1342776,45.8147528],[24.1346578,45.8152119]]}},{"type":"Feature","properties":{"osm_id":40216025,"name":"Strada Michelangelo","highway":"residential","name_ro":null,"source":"openstreetmap"},"geometry":{"type":"LineString","coordinates":[[24.1335033,45.8148626],[24.1334988,45.8148484],[24.1335119,45.8148346],[24.1341441,45.8145879],[24.1349902,45.8142616],[24.1350169,45.8142572],[24.1350418,45.8142651],[24.1351403,45.8143927],[24.1351383,45.8144128],[24.1351202,45.8144271],[24.1342776,45.8147528],[24.1336529,45.8149968],[24.1336282,45.8150001],[24.1336081,45.8149909],[24.1335033,45.8148626]]}},{"type":"Feature","properties":{"osm_id":40216196,"name":"Strada Faianței","highway":"residential","name_ro":null,"source":"openstreetmap"},"geometry":{"type":"LineString","coordinates":[[24.140299,45.8115613],[24.1403633,45.8115988],[24.1420121,45.8125605],[24.1421045,45.8126144]]}},{"type":"Feature","properties":{"osm_id":40216996,"name":"Strada Lisabona","highway":"residential","name_ro":null,"source":"openstreetmap"},"geometry":{"type":"LineString","coordinates":[[24.1296504,45.81418],[24.1297876,45.8143876]]}},{"type":"Feature","properties":{"osm_id":40217467,"name":"Strada Viena","highway":"residential","name_ro":null,"source":"openstreetmap"},"geometry":{"type":"LineString","coordinates":[[24.1303449,45.8158897],[24.1307177,45.8158429],[24.1308147,45.8158819],[24.131093,45.8159939],[24.1313561,45.8161028],[24.1316994,45.8162535],[24.1319596,45.8163626],[24.1326033,45.8166243],[24.1327739,45.8166983],[24.1338987,45.817169]]}},{"type":"Feature","properties":{"osm_id":40217549,"name":"Aleea Monet","highway":"residential","name_ro":null,"source":"openstreetmap"},"geometry":{"type":"LineString","coordinates":[[24.1315478,45.8165925],[24.1324046,45.817121],[24.1325309,45.8171982],[24.1325828,45.8172224],[24.1326316,45.8172181],[24.1326864,45.8171945],[24.1328325,45.8170495]]}},{"type":"Feature","properties":{"osm_id":40217577,"name":"Strada Rembrandt","highway":"residential","name_ro":null,"source":"openstreetmap"},"geometry":{"type":"LineString","coordinates":[[24.1330476,45.8160934],[24.1326033,45.8166243]]}},{"type":"Feature","properties":{"osm_id":40217595,"name":"Strada El Greco","highway":"residential","name_ro":null,"source":"openstreetmap"},"geometry":{"type":"LineString","coordinates":[[24.1325249,45.8157406],[24.1319596,45.8163626]]}},{"type":"Feature","properties":{"osm_id":40217597,"name":"Strada Rubens","highway":"residential","name_ro":null,"source":"openstreetmap"},"geometry":{"type":"LineString","coordinates":[[24.1319106,45.8154503],[24.1318499,45.8155217],[24.1313561,45.8161028]]}},{"type":"Feature","properties":{"osm_id":40217601,"name":"Strada Boticelli","highway":"residential","name_ro":null,"source":"openstreetmap"},"geometry":{"type":"LineString","coordinates":[[24.1313226,45.8151661],[24.1312535,45.8152434],[24.1307177,45.8158429]]}},{"type":"Feature","properties":{"osm_id":40217677,"name":"Strada Londra","highway":"residential","name_ro":null,"source":"openstreetmap"},"geometry":{"type":"LineString","coordinates":[[24.1282671,45.8147027],[24.1283696,45.8147523],[24.1292947,45.8152002],[24.1299774,45.815512],[24.1301188,45.8155951],[24.1301973,45.815654],[24.1302617,45.8157214],[24.1303114,45.8158013],[24.1303449,45.8158897],[24.1303629,45.8159938],[24.1304709,45.8166187],[24.1304548,45.8167309],[24.1303717,45.8167832],[24.1302376,45.8167982],[24.1294115,45.816643],[24.1287355,45.816572]]}},{"type":"Feature","properties":{"osm_id":40217711,"name":"Strada Berlin","highway":"residential","name_ro":null,"source":"openstreetmap"},"geometry":{"type":"LineString","coordinates":[[24.1279498,45.8148257],[24.1279921,45.8149148],[24.1283775,45.8157265],[24.1287355,45.816572]]}},{"type":"Feature","properties":{"osm_id":40217729,"name":"Aleea Rafael","highway":"residential","name_ro":null,"source":"openstreetmap"},"geometry":{"type":"LineString","coordinates":[[24.1292947,45.8152002],[24.1289287,45.8155849],[24.1289287,45.8156242],[24.1289743,45.8156691],[24.1291669,45.815756],[24.1294383,45.8158784],[24.1295778,45.8159663],[24.1296368,45.8160729],[24.1296413,45.8161274],[24.1296582,45.8163346],[24.1294946,45.8163533],[24.1294115,45.816643]]}},{"type":"Feature","properties":{"osm_id":40217735,"name":"Strada Deventer","highway":"tertiary","name_ro":null,"source":"openstreetmap"},"geometry":{"type":"LineString","coordinates":[[24.1279498,45.8148257],[24.1281532,45.8147456],[24.1282671,45.8147027],[24.1293738,45.8142912],[24.1296504,45.81418]]}},{"type":"Feature","properties":{"osm_id":40217765,"name":"Strada Leonardo da Vinci","highway":"residential","name_ro":null,"source":"openstreetmap"},"geometry":{"type":"LineString","coordinates":[[24.1331751,45.8151258],[24.132829,45.8152888],[24.1326694,45.815461]]}},{"type":"Feature","properties":{"osm_id":40217819,"name":"Strada Madrid","highway":"residential","name_ro":null,"source":"openstreetmap"},"geometry":{"type":"LineString","coordinates":[[24.1290302,45.8171818],[24.1294125,45.8172389],[24.1299221,45.817338],[24.1303853,45.8174477],[24.1307858,45.8175623],[24.1310459,45.8176595],[24.1312149,45.8177666],[24.1313894,45.817889],[24.1315037,45.8180574]]}},{"type":"Feature","properties":{"osm_id":40217904,"name":"Aleea Tizian","highway":"residential","name_ro":null,"source":"openstreetmap"},"geometry":{"type":"LineString","coordinates":[[24.1294358,45.818144],[24.1298374,45.8180767],[24.129906,45.818067],[24.1302225,45.8180072],[24.1304103,45.8179492],[24.1307241,45.817824],[24.1310459,45.8176595]]}},{"type":"Feature","properties":{"osm_id":40217966,"name":"Strada Zidarilor","highway":"residential","name_ro":null,"source":"openstreetmap"},"geometry":{"type":"LineString","coordinates":[[24.1351604,45.8097426],[24.135475,45.8102006],[24.1363029,45.8114173]]}},{"type":"Feature","properties":{"osm_id":40218253,"name":"Strada Zugravilor","highway":"residential","name_ro":null,"source":"openstreetmap"},"geometry":{"type":"LineString","coordinates":[[24.1390042,45.8114428],[24.1399105,45.8107365]]}},{"type":"Feature","properties":{"osm_id":40218292,"name":"Strada Mesteacănului","highway":"residential","name_ro":null,"source":"openstreetmap"},"geometry":{"type":"LineString","coordinates":[[24.1429631,45.8119459],[24.1430209,45.8119824],[24.1434475,45.8122519],[24.1435251,45.8123116],[24.1435928,45.8123813],[24.1439406,45.812823]]}},{"type":"Feature","properties":{"osm_id":40220441,"name":"Strada Henri Coandă","highway":"residential","name_ro":null,"source":"openstreetmap"},"geometry":{"type":"LineString","coordinates":[[24.1791512,45.796669],[24.1794768,45.7965955],[24.1804543,45.7963653],[24.1808967,45.796264]]}},{"type":"Feature","properties":{"osm_id":40220465,"name":"Strada Oțelarilor","highway":"residential","name_ro":null,"source":"openstreetmap"},"geometry":{"type":"LineString","coordinates":[[24.1794768,45.7965955],[24.1796298,45.7969363],[24.1800261,45.7978193]]}},{"type":"Feature","properties":{"osm_id":40220487,"name":"Strada Oțelarilor","highway":"residential","name_ro":null,"source":"openstreetmap"},"geometry":{"type":"LineString","coordinates":[[24.1803942,45.7977291],[24.1802434,45.7974037],[24.1802393,45.7973616],[24.1802708,45.7973365],[24.1804723,45.7972865],[24.1808337,45.7972022],[24.1813332,45.7970857]]}},{"type":"Feature","properties":{"osm_id":40223222,"name":"Strada General Dragalina","highway":"residential","name_ro":null,"source":"openstreetmap"},"geometry":{"type":"LineString","coordinates":[[24.1342708,45.7808725],[24.1339226,45.7807488],[24.13345,45.7805816],[24.1317583,45.7799832],[24.1316506,45.779968],[24.1315757,45.7799649],[24.1315134,45.779967]]}},{"type":"Feature","properties":{"osm_id":40223274,"name":"Strada Nicolae Copernic","highway":"residential","name_ro":null,"source":"openstreetmap"},"geometry":{"type":"LineString","coordinates":[[24.13345,45.7805816],[24.1328895,45.7793932]]}},{"type":"Feature","properties":{"osm_id":40227093,"name":"Strada Sergiu Celibidache","highway":"residential","name_ro":null,"source":"openstreetmap"},"geometry":{"type":"LineString","coordinates":[[24.1740158,45.8106118],[24.1739379,45.8106348],[24.1737236,45.810698],[24.1734979,45.8107649],[24.1728238,45.8109747],[24.172613,45.8110508]]}},{"type":"Feature","properties":{"osm_id":40227410,"name":"Strada Podului","highway":"residential","name_ro":null,"source":"openstreetmap"},"geometry":{"type":"LineString","coordinates":[[24.1786606,45.8093887],[24.1799317,45.8106258]]}},{"type":"Feature","properties":{"osm_id":40227521,"name":"Strada Irisului","highway":"residential","name_ro":null,"source":"openstreetmap"},"geometry":{"type":"LineString","coordinates":[[24.1753503,45.8091931],[24.1754059,45.8091595],[24.1755651,45.8090633],[24.1759366,45.8088455],[24.17607,45.808732],[24.1761958,45.808625],[24.1767973,45.8081037],[24.1769439,45.8080016],[24.1772732,45.8077312]]}},{"type":"Feature","properties":{"osm_id":40228077,"name":"Strada Gorunului","highway":"residential","name_ro":null,"source":"openstreetmap"},"geometry":{"type":"LineString","coordinates":[[24.1829964,45.8112752],[24.1832229,45.8116263],[24.1832549,45.8117161],[24.1832605,45.8120002],[24.183284,45.8120609],[24.1833125,45.8121101],[24.183743,45.8125539],[24.1842466,45.8130673],[24.1843057,45.8131217],[24.1843817,45.8131822],[24.1846745,45.81337],[24.1850222,45.8136161],[24.1851193,45.8137015],[24.1851702,45.8137651],[24.185637,45.8144397]]}},{"type":"Feature","properties":{"osm_id":40228137,"name":"Strada Bradului","highway":"residential","name_ro":null,"source":"openstreetmap"},"geometry":{"type":"LineString","coordinates":[[24.185637,45.8144397],[24.1863531,45.8147203],[24.1869981,45.8149404],[24.1886383,45.8152774]]}},{"type":"Feature","properties":{"osm_id":40232233,"name":"Strada Varului","highway":"residential","name_ro":null,"source":"openstreetmap"},"geometry":{"type":"LineString","coordinates":[[24.1270949,45.804925],[24.1271063,45.8050261],[24.1271214,45.8051974],[24.1271077,45.8053263],[24.1270648,45.8056726],[24.1270369,45.8058327],[24.1269903,45.805979],[24.126889,45.8062128],[24.1268883,45.8062549],[24.1269205,45.8063035],[24.1269575,45.8063233],[24.1270152,45.8063225],[24.1275578,45.8061308],[24.1276499,45.8060762],[24.1280734,45.8057799],[24.128362,45.8056003],[24.1285584,45.8054932],[24.1287664,45.8053873]]}},{"type":"Feature","properties":{"osm_id":40232771,"name":"Strada Mozaicului","highway":"residential","name_ro":null,"source":"openstreetmap"},"geometry":{"type":"LineString","coordinates":[[24.1264018,45.807308],[24.1267441,45.8072164],[24.1271716,45.807095],[24.127663,45.8069419],[24.1283779,45.8066833],[24.1293853,45.8063581]]}},{"type":"Feature","properties":{"osm_id":40233644,"name":"Strada Smaraldului","highway":"residential","name_ro":null,"source":"openstreetmap"},"geometry":{"type":"LineString","coordinates":[[24.1288439,45.8124288],[24.1274063,45.8110228]]}},{"type":"Feature","properties":{"osm_id":40233676,"name":"Strada Bratislava","highway":"residential","name_ro":null,"source":"openstreetmap"},"geometry":{"type":"LineString","coordinates":[[24.1300654,45.8140096],[24.1286391,45.8125148]]}},{"type":"Feature","properties":{"osm_id":40233709,"name":"Strada Lutului","highway":"residential","name_ro":null,"source":"openstreetmap"},"geometry":{"type":"LineString","coordinates":[[24.1345042,45.8073437],[24.1357089,45.8081077],[24.1369045,45.8089243],[24.1389593,45.8102908],[24.1390397,45.8103443]]}},{"type":"Feature","properties":{"osm_id":40238554,"name":"Strada Frigoriferului","highway":"service","name_ro":null,"source":"openstreetmap"},"geometry":{"type":"LineString","coordinates":[[24.1265039,45.8014165],[24.1274732,45.8017385],[24.1271124,45.8022243],[24.1270548,45.8022469],[24.1269197,45.8022864],[24.126285,45.8024676],[24.1262421,45.8024731],[24.1262166,45.8024741],[24.1261763,45.8024657],[24.1250659,45.8021456]]}},{"type":"Feature","properties":{"osm_id":40239602,"name":"Calea Turnișorului","highway":"residential","name_ro":null,"source":"openstreetmap"},"geometry":{"type":"LineString","coordinates":[[24.1318356,45.7999933],[24.1321083,45.8003574],[24.1323229,45.8006454],[24.1323323,45.8006798],[24.1323332,45.8007125],[24.1323212,45.800741],[24.1322992,45.8007682],[24.13225,45.8008153]]}},{"type":"Feature","properties":{"osm_id":40243613,"name":"Strada Viilor","highway":"residential","name_ro":null,"source":"openstreetmap"},"geometry":{"type":"LineString","coordinates":[[24.187776,45.8087298],[24.1879249,45.8088766],[24.1881437,45.8091352],[24.1883331,45.8093145],[24.1890027,45.8098818],[24.1892961,45.8101298],[24.1894454,45.8102477],[24.1895434,45.8103006],[24.1899704,45.8104872],[24.190082,45.8105732],[24.1902054,45.8107152],[24.1902865,45.8107827],[24.190377,45.8108087],[24.190538,45.8108087],[24.1909617,45.8107788],[24.1912292,45.8107609],[24.1913579,45.8107721],[24.1914604,45.8107902]]}},{"type":"Feature","properties":{"osm_id":40244015,"name":"Strada Măceșului","highway":"residential","name_ro":null,"source":"openstreetmap"},"geometry":{"type":"LineString","coordinates":[[24.1908675,45.806745],[24.1908817,45.8067993],[24.1908751,45.8068536],[24.1908253,45.8069286],[24.1907299,45.8070085],[24.1904809,45.8072309],[24.1904142,45.8072833],[24.1903352,45.8073302],[24.1901397,45.8074192],[24.1898274,45.8075114],[24.1898009,45.8075151],[24.1897759,45.8075125]]}},{"type":"Feature","properties":{"osm_id":40252290,"name":"Strada Poștei","highway":"residential","name_ro":null,"source":"openstreetmap"},"geometry":{"type":"LineString","coordinates":[[24.1476575,45.7963445],[24.1480541,45.7959264]]}},{"type":"Feature","properties":{"osm_id":40261127,"name":"Strada Rusciorului","highway":"residential","name_ro":null,"source":"openstreetmap"},"geometry":{"type":"LineString","coordinates":[[24.1468609,45.8095326],[24.1468006,45.8095522],[24.146509,45.8096469],[24.1463084,45.809708],[24.1462356,45.8097303],[24.1456988,45.8098992],[24.1456202,45.8099228],[24.1451962,45.8100504],[24.1450497,45.8100944],[24.1448767,45.8101375],[24.1447137,45.8101735],[24.1443476,45.8102432],[24.1441951,45.8102732]]}},{"type":"Feature","properties":{"osm_id":40261131,"name":"Strada Autogării","highway":"primary","name_ro":null,"source":"openstreetmap"},"geometry":{"type":"LineString","coordinates":[[24.1311409,45.7947329],[24.1311283,45.7944922],[24.1311028,45.7942909],[24.1310593,45.7940161],[24.1309842,45.7937047],[24.1309743,45.7936743],[24.1309517,45.7936025],[24.1309036,45.7935309]]}},{"type":"Feature","properties":{"osm_id":40336315,"name":"Strada Călan","highway":"residential","name_ro":null,"source":"openstreetmap"},"geometry":{"type":"LineString","coordinates":[[24.1578171,45.8043997],[24.1575423,45.8042548],[24.1575059,45.8042444],[24.1574664,45.8042469],[24.1574351,45.8042645],[24.1562686,45.8052296],[24.1562587,45.8052414],[24.1562614,45.8052601],[24.1562842,45.8052742],[24.1566652,45.8054737]]}},{"type":"Feature","properties":{"osm_id":40415406,"name":"Strada Moș Ion Roată","highway":"pedestrian","name_ro":null,"source":"openstreetmap"},"geometry":{"type":"LineString","coordinates":[[24.149057,45.7981028],[24.14901,45.7980572],[24.1488082,45.7978729],[24.1486397,45.7977307],[24.148501,45.7976221]]}},{"type":"Feature","properties":{"osm_id":40418042,"name":"Bulevardul Corneliu Coposu","highway":"primary","name_ro":null,"source":"openstreetmap"},"geometry":{"type":"LineString","coordinates":[[24.1587441,45.7963875],[24.158737,45.796355],[24.1587359,45.7963222],[24.1587409,45.7962896],[24.1587518,45.7962576],[24.1587684,45.796227],[24.1587906,45.796198],[24.1588179,45.7961713],[24.1588499,45.7961472],[24.158886,45.7961261],[24.1589257,45.7961085],[24.1589565,45.7960979],[24.1590125,45.7960846],[24.1590708,45.7960777],[24.15913,45.7960774],[24.1591884,45.7960838],[24.1592446,45.7960966],[24.1592971,45.7961156],[24.1593446,45.7961401],[24.1593859,45.7961697],[24.1594197,45.7962035],[24.1594454,45.7962407],[24.1594539,45.7962578],[24.1594663,45.7962966],[24.1594699,45.7963364],[24.1594646,45.796376],[24.1594507,45.7964145],[24.1594283,45.7964511],[24.159398,45.7964849],[24.1593606,45.7965149],[24.159317,45.7965406],[24.1592682,45.7965612],[24.1592154,45.7965764],[24.159186,45.796582],[24.1591312,45.7965879],[24.1590757,45.796588],[24.1590209,45.7965823],[24.1589679,45.7965708],[24.158918,45.7965539],[24.1588723,45.796532],[24.1588319,45.7965055],[24.1587976,45.7964751],[24.1587704,45.7964414],[24.1587507,45.7964052],[24.1587441,45.7963875]]}},{"type":"Feature","properties":{"osm_id":40419775,"name":"Strada Hermann Oberth","highway":"primary","name_ro":null,"source":"openstreetmap"},"geometry":{"type":"LineString","coordinates":[[24.1589565,45.7960979],[24.1590987,45.795928],[24.1596801,45.7953213],[24.1597298,45.7952578],[24.1597979,45.7951604],[24.1598714,45.7950419],[24.1598956,45.7949847],[24.1599167,45.7949235]]}},{"type":"Feature","properties":{"osm_id":40467337,"name":"Piața Schiller","highway":"pedestrian","name_ro":null,"source":"openstreetmap"},"geometry":{"type":"LineString","coordinates":[[24.1524522,45.7950816],[24.1524791,45.7950528],[24.1527726,45.7947141],[24.1528496,45.7946252],[24.1529012,45.7945695]]}},{"type":"Feature","properties":{"osm_id":40467365,"name":"Strada Cetății","highway":"pedestrian","name_ro":null,"source":"openstreetmap"},"geometry":{"type":"LineString","coordinates":[[24.1536522,45.7945549],[24.1534875,45.7947034]]}},{"type":"Feature","properties":{"osm_id":45756593,"name":"Aleea Mihai Eminescu","highway":"pedestrian","name_ro":null,"source":"openstreetmap"},"geometry":{"type":"LineString","coordinates":[[24.1405217,45.7861648],[24.1409474,45.785677],[24.1411719,45.785427],[24.1413169,45.7852122],[24.1413912,45.7851303],[24.1414724,45.7850739]]}},{"type":"Feature","properties":{"osm_id":45777351,"name":"Strada Avrig","highway":"primary","name_ro":null,"source":"openstreetmap"},"geometry":{"type":"LineString","coordinates":[[24.1383896,45.7778934],[24.1387832,45.7777787],[24.1389146,45.7777322],[24.1390059,45.7776911],[24.1390907,45.7776409],[24.1391493,45.7775881],[24.1392067,45.7775256],[24.1392683,45.7774356],[24.1393763,45.7772925]]}},{"type":"Feature","properties":{"osm_id":45779257,"name":"Bulevardul Mihai Viteazul","highway":"primary","name_ro":null,"source":"openstreetmap"},"geometry":{"type":"LineString","coordinates":[[24.1546861,45.7795239],[24.1545049,45.7796081],[24.1535122,45.780112],[24.1532942,45.7802227],[24.1518287,45.7809669],[24.1505953,45.7815718],[24.1505665,45.7815857],[24.1498914,45.7819284],[24.149237,45.7822423],[24.1490776,45.7823187],[24.1488868,45.7824086],[24.1486086,45.7825545],[24.1485406,45.7825921],[24.1484539,45.7826499],[24.1483587,45.7827289]]}},{"type":"Feature","properties":{"osm_id":45779260,"name":"Bulevardul Mihai Viteazul","highway":"primary","name_ro":null,"source":"openstreetmap"},"geometry":{"type":"LineString","coordinates":[[24.1549145,45.7792181],[24.1550375,45.7791825],[24.1563716,45.7785212],[24.1573051,45.7780455]]}},{"type":"Feature","properties":{"osm_id":45833791,"name":"Aleea Principală","highway":"service","name_ro":null,"source":"openstreetmap"},"geometry":{"type":"LineString","coordinates":[[24.1381054,45.7703313],[24.138118,45.7702182]]}},{"type":"Feature","properties":{"osm_id":45833792,"name":"Calea Dumbrăvii","highway":"primary","name_ro":null,"source":"openstreetmap"},"geometry":{"type":"LineString","coordinates":[[24.1431645,45.7765673],[24.1433712,45.776844],[24.1437957,45.7774124],[24.1438394,45.7774715],[24.143875,45.7775171],[24.1445285,45.77836]]}},{"type":"Feature","properties":{"osm_id":45833793,"name":"Strada Rahovei","highway":"primary","name_ro":null,"source":"openstreetmap"},"geometry":{"type":"LineString","coordinates":[[24.1589221,45.7782682],[24.1585431,45.7780219],[24.1584647,45.7779753],[24.1582948,45.7778764],[24.1582303,45.7778488],[24.1581262,45.7778116]]}},{"type":"Feature","properties":{"osm_id":45833794,"name":"Strada Nicolae Iorga","highway":"secondary","name_ro":null,"source":"openstreetmap"},"geometry":{"type":"LineString","coordinates":[[24.1552874,45.7796604],[24.1550415,45.7795764],[24.1549523,45.7795558],[24.1548468,45.7795406]]}},{"type":"Feature","properties":{"osm_id":45833795,"name":"Calea Dumbrăvii","highway":"secondary","name_ro":null,"source":"openstreetmap"},"geometry":{"type":"LineString","coordinates":[[24.1384576,45.7708415],[24.1381803,45.7706458],[24.1381042,45.7705921]]}},{"type":"Feature","properties":{"osm_id":45834510,"name":"Strada Andrei Șaguna","highway":"primary","name_ro":"Strada Andrei Șaguna","source":"openstreetmap"},"geometry":{"type":"LineString","coordinates":[[24.1470934,45.7920335],[24.1468047,45.792189],[24.1455822,45.792846],[24.1455013,45.7928895]]}},{"type":"Feature","properties":{"osm_id":45834511,"name":"Bulevardul Victoriei","highway":"secondary","name_ro":null,"source":"openstreetmap"},"geometry":{"type":"LineString","coordinates":[[24.1423946,45.7882978],[24.1423077,45.7882162],[24.1422781,45.7881877],[24.142122,45.7880408],[24.1413154,45.7872996],[24.1412232,45.7872148],[24.1409094,45.7869381],[24.140838,45.7868685]]}},{"type":"Feature","properties":{"osm_id":45834514,"name":"Calea Dumbrăvii","highway":"secondary","name_ro":null,"source":"openstreetmap"},"geometry":{"type":"LineString","coordinates":[[24.1384576,45.7708415],[24.1384672,45.7708508]]}},{"type":"Feature","properties":{"osm_id":45835037,"name":"Calea Șurii Mari","highway":"primary","name_ro":null,"source":"openstreetmap"},"geometry":{"type":"LineString","coordinates":[[24.1491635,45.8142542],[24.1491957,45.8141584],[24.1492239,45.81408],[24.1492682,45.8139595],[24.1494104,45.8135731],[24.1494678,45.813388],[24.149485,45.8132977],[24.1494872,45.8132151],[24.149481,45.8131421],[24.1494759,45.813099]]}},{"type":"Feature","properties":{"osm_id":45837856,"name":"Strada Poet Vasile Cârlova","highway":"tertiary","name_ro":null,"source":"openstreetmap"},"geometry":{"type":"LineString","coordinates":[[24.1358654,45.7910673],[24.1356486,45.7910288],[24.135586,45.7910177],[24.1345835,45.7908213]]}},{"type":"Feature","properties":{"osm_id":45837858,"name":"Calea Cisnădiei","highway":"secondary","name_ro":null,"source":"openstreetmap"},"geometry":{"type":"LineString","coordinates":[[24.1489221,45.7822565],[24.1488479,45.7821811],[24.1488069,45.7821144],[24.1487923,45.7820853],[24.1487874,45.7820534],[24.1487906,45.7820185],[24.148893,45.7816804],[24.1489755,45.7813896],[24.1489856,45.7813453],[24.1489912,45.7812873],[24.1489737,45.7807296],[24.1489717,45.7806895],[24.1489394,45.7804141],[24.1489246,45.7802979],[24.1487677,45.7794134],[24.1486983,45.7790337],[24.1486116,45.7785418],[24.1485708,45.7783102],[24.1485615,45.7782571],[24.1485425,45.7781491]]}},{"type":"Feature","properties":{"osm_id":45837859,"name":"Calea Dumbrăvii","highway":"primary","name_ro":null,"source":"openstreetmap"},"geometry":{"type":"LineString","coordinates":[[24.1445285,45.77836],[24.1445546,45.7783944],[24.1446138,45.7784708],[24.1447193,45.7786068],[24.1451833,45.7792066],[24.1452361,45.7792796],[24.1454486,45.779559],[24.1458237,45.7800559],[24.1459442,45.7802137],[24.1463406,45.7807453],[24.146527,45.7809989],[24.1465773,45.7810672]]}},{"type":"Feature","properties":{"osm_id":45837860,"name":"Strada Transilvaniei","highway":"secondary","name_ro":null,"source":"openstreetmap"},"geometry":{"type":"LineString","coordinates":[[24.1405439,45.7897553],[24.1405918,45.7897076],[24.1409632,45.7894258],[24.1412054,45.7892438],[24.1417396,45.788805],[24.1422261,45.788415],[24.1423946,45.7882978]]}},{"type":"Feature","properties":{"osm_id":45837864,"name":"Strada Râului","highway":"primary","name_ro":null,"source":"openstreetmap"},"geometry":{"type":"LineString","coordinates":[[24.1494011,45.8046567],[24.1490875,45.8044899],[24.1484284,45.8041398],[24.1467628,45.8032787],[24.1465059,45.803153],[24.1463702,45.8030758],[24.1461981,45.8029764],[24.1460835,45.8028857],[24.1459979,45.8027968],[24.1458099,45.8025732],[24.1450772,45.8017022]]}},{"type":"Feature","properties":{"osm_id":45837865,"name":"Strada Râului","highway":"primary","name_ro":null,"source":"openstreetmap"},"geometry":{"type":"LineString","coordinates":[[24.1415427,45.7973912],[24.1414435,45.7973132],[24.141286,45.7972126],[24.1411281,45.797133],[24.1409712,45.7970746],[24.1408183,45.7970274],[24.1406371,45.7969856],[24.1403939,45.7969438],[24.1401191,45.7969022],[24.1396412,45.7968279],[24.1396014,45.7968212],[24.1393811,45.7967902]]}},{"type":"Feature","properties":{"osm_id":45837868,"name":"Calea Turnișorului","highway":"tertiary","name_ro":null,"source":"openstreetmap"},"geometry":{"type":"LineString","coordinates":[[24.1335699,45.8015439],[24.133499,45.8015225],[24.1334314,45.8014972],[24.1333522,45.8014614],[24.1332566,45.801408],[24.1324824,45.8009528],[24.13225,45.8008153],[24.1314534,45.8003434],[24.131006,45.8000661],[24.1303785,45.7996604],[24.1299753,45.7993998],[24.129948,45.7993837],[24.1299094,45.7993691]]}},{"type":"Feature","properties":{"osm_id":45837958,"name":"Șoseaua Alba Iulia","highway":"primary","name_ro":null,"source":"openstreetmap"},"geometry":{"type":"LineString","coordinates":[[24.1373365,45.7921537],[24.1385409,45.7919284],[24.1387578,45.7919047],[24.1389556,45.7918996],[24.1391004,45.7919134]]}},{"type":"Feature","properties":{"osm_id":45860420,"name":"Aleea Mihai Eminescu","highway":"pedestrian","name_ro":null,"source":"openstreetmap"},"geometry":{"type":"LineString","coordinates":[[24.1414724,45.7850739],[24.141581,45.7849946]]}},{"type":"Feature","properties":{"osm_id":45869561,"name":"Piața Mică","highway":"service","name_ro":null,"source":"openstreetmap"},"geometry":{"type":"LineString","coordinates":[[24.1503146,45.7972265],[24.1503665,45.7972158],[24.1506539,45.7971375]]}},{"type":"Feature","properties":{"osm_id":45871766,"name":"Strada Samuel Brukenthal","highway":"residential","name_ro":null,"source":"openstreetmap"},"geometry":{"type":"LineString","coordinates":[[24.1501277,45.7969136],[24.1506288,45.7967209]]}},{"type":"Feature","properties":{"osm_id":45871767,"name":"Strada Nicolae Bălcescu","highway":"pedestrian","name_ro":null,"source":"openstreetmap"},"geometry":{"type":"LineString","coordinates":[[24.1490227,45.793016],[24.1494631,45.793324],[24.1496503,45.7934843],[24.1498317,45.7936543],[24.1501125,45.7939733],[24.1501814,45.7940675],[24.1502363,45.7941771],[24.1503035,45.7943408],[24.1504287,45.7947569],[24.1504967,45.7949827],[24.1506442,45.795366],[24.1513068,45.7959803],[24.1513916,45.7960362]]}},{"type":"Feature","properties":{"osm_id":45871768,"name":"Strada Nicolae Bălcescu","highway":"service","name_ro":"Strada Nicolae Bălcescu","source":"openstreetmap"},"geometry":{"type":"LineString","coordinates":[[24.1489087,45.7929409],[24.1489772,45.7929831],[24.1490227,45.793016]]}},{"type":"Feature","properties":{"osm_id":45871770,"name":"Strada Ocnei","highway":"residential","name_ro":null,"source":"openstreetmap"},"geometry":{"type":"LineString","coordinates":[[24.1506251,45.7985129],[24.1506563,45.7984507],[24.1506825,45.7984069],[24.1507148,45.798371],[24.1507575,45.7983413],[24.1508396,45.7983019],[24.1508761,45.7982874],[24.150921,45.798273],[24.1511114,45.798221],[24.1511675,45.7982049],[24.1512126,45.7981892],[24.1512559,45.798168],[24.1513006,45.7981387],[24.1516528,45.7978878]]}},{"type":"Feature","properties":{"osm_id":45871771,"name":"Strada Mitropoliei","highway":"residential","name_ro":null,"source":"openstreetmap"},"geometry":{"type":"LineString","coordinates":[[24.1500981,45.797],[24.1500875,45.7969882],[24.1500475,45.7969435]]}},{"type":"Feature","properties":{"osm_id":45871772,"name":"Strada Samuel Brukenthal","highway":"residential","name_ro":null,"source":"openstreetmap"},"geometry":{"type":"LineString","coordinates":[[24.1500475,45.7969435],[24.1501042,45.7969222],[24.1501277,45.7969136]]}},{"type":"Feature","properties":{"osm_id":45871773,"name":"Piața Mare","highway":"pedestrian","name_ro":null,"source":"openstreetmap"},"geometry":{"type":"LineString","coordinates":[[24.1506288,45.7967209],[24.150735,45.796703],[24.1508367,45.7966956],[24.15091,45.7966975],[24.1509773,45.7967014],[24.1510454,45.796712],[24.1510952,45.7967257],[24.151142,45.7967425],[24.1512025,45.7967711],[24.1521624,45.7972478],[24.1522331,45.7972942],[24.1522842,45.7973353],[24.1523721,45.7974261]]}},{"type":"Feature","properties":{"osm_id":45871774,"name":"Piața Mare","highway":"pedestrian","name_ro":null,"source":"openstreetmap"},"geometry":{"type":"LineString","coordinates":[[24.1523815,45.7974841],[24.1523721,45.7974261],[24.1523637,45.7972635],[24.1523794,45.7971208],[24.1524025,45.797033],[24.1524385,45.7969369],[24.1524939,45.796825],[24.1525512,45.7967319],[24.1526567,45.7965833]]}},{"type":"Feature","properties":{"osm_id":45871775,"name":"Strada Avram Iancu","highway":"service","name_ro":null,"source":"openstreetmap"},"geometry":{"type":"LineString","coordinates":[[24.1523815,45.7974841],[24.1524184,45.797613]]}},{"type":"Feature","properties":{"osm_id":45874478,"name":"Strada Arhivelor","highway":"pedestrian","name_ro":null,"source":"openstreetmap"},"geometry":{"type":"LineString","coordinates":[[24.1526588,45.7951787],[24.1524996,45.7953209],[24.1518678,45.7958852]]}},{"type":"Feature","properties":{"osm_id":45874873,"name":"Strada Gheorghe Lazăr","highway":"residential","name_ro":"Strada Gheorghe Lazăr","source":"openstreetmap"},"geometry":{"type":"LineString","coordinates":[[24.1548328,45.7952015],[24.1551804,45.7949589]]}},{"type":"Feature","properties":{"osm_id":45877374,"name":"Fundătura Lânii","highway":"residential","name_ro":null,"source":"openstreetmap"},"geometry":{"type":"LineString","coordinates":[[24.1374132,45.7956464],[24.137436,45.7955267],[24.1375015,45.7952873],[24.1375389,45.795174],[24.1375834,45.7950695],[24.1376554,45.7949396]]}},{"type":"Feature","properties":{"osm_id":45879468,"name":"Strada Sergiu Celibidache","highway":"residential","name_ro":null,"source":"openstreetmap"},"geometry":{"type":"LineString","coordinates":[[24.1525436,45.8053158],[24.1529728,45.805456],[24.1532291,45.8055425],[24.1536824,45.8056955],[24.1542612,45.8058904],[24.1544531,45.8059462]]}},{"type":"Feature","properties":{"osm_id":45917677,"name":"Strada Lânii","highway":"residential","name_ro":null,"source":"openstreetmap"},"geometry":{"type":"LineString","coordinates":[[24.1396815,45.7958367],[24.139578,45.7957876],[24.1389903,45.7955086],[24.1383346,45.795207],[24.1376554,45.7949396],[24.1375882,45.7948866],[24.1375147,45.7948235],[24.1374584,45.7947512],[24.1372332,45.7944139]]}},{"type":"Feature","properties":{"osm_id":45917686,"name":"Strada Fuiorului","highway":"residential","name_ro":null,"source":"openstreetmap"},"geometry":{"type":"LineString","coordinates":[[24.1403096,45.796329],[24.1403041,45.7963981],[24.1402829,45.7964599]]}},{"type":"Feature","properties":{"osm_id":45931765,"name":"Strada Ștefan cel Mare","highway":"secondary","name_ro":null,"source":"openstreetmap"},"geometry":{"type":"LineString","coordinates":[[24.208735,45.7910356],[24.2086302,45.7910198]]}},{"type":"Feature","properties":{"osm_id":45952697,"name":"Strada Avrig","highway":"primary","name_ro":null,"source":"openstreetmap"},"geometry":{"type":"LineString","coordinates":[[24.1393763,45.7772925],[24.1393927,45.7772705],[24.1395764,45.7770401]]}},{"type":"Feature","properties":{"osm_id":45953970,"name":"Strada Hermann Oberth","highway":"primary","name_ro":null,"source":"openstreetmap"},"geometry":{"type":"LineString","coordinates":[[24.1600751,45.7949685],[24.1600004,45.7950634],[24.1598499,45.795311],[24.1597722,45.7954763],[24.1595044,45.7960874],[24.1594749,45.7961559],[24.1594454,45.7962407]]}},{"type":"Feature","properties":{"osm_id":45954357,"name":"Strada Pulberăriei","highway":"residential","name_ro":"Strada Pulberăriei","source":"openstreetmap"},"geometry":{"type":"LineString","coordinates":[[24.1461901,45.7996482],[24.1460097,45.7995116],[24.1457707,45.7993299]]}},{"type":"Feature","properties":{"osm_id":45966316,"name":"Strada Fuiorului","highway":"residential","name_ro":null,"source":"openstreetmap"},"geometry":{"type":"LineString","coordinates":[[24.1396815,45.7958367],[24.1398035,45.7958944],[24.1398689,45.7959295],[24.1399956,45.7960111],[24.1402605,45.7962466],[24.140295,45.7962905],[24.1403096,45.796329]]}},{"type":"Feature","properties":{"osm_id":45970562,"name":"Strada Abatorului","highway":"residential","name_ro":null,"source":"openstreetmap"},"geometry":{"type":"LineString","coordinates":[[24.1524755,45.8036558],[24.1522651,45.8033518],[24.1521659,45.8032317],[24.1521002,45.8031846],[24.1520217,45.8031469],[24.1519343,45.8031253],[24.1516956,45.8030963],[24.1515784,45.8030844],[24.1514586,45.8030718]]}},{"type":"Feature","properties":{"osm_id":45974783,"name":"Aleea Târgul Cailor","highway":"residential","name_ro":null,"source":"openstreetmap"},"geometry":{"type":"LineString","coordinates":[[24.1460292,45.8065022],[24.1464521,45.8063592],[24.1466649,45.8067226]]}},{"type":"Feature","properties":{"osm_id":46095521,"name":"Strada Manejului","highway":"pedestrian","name_ro":null,"source":"openstreetmap"},"geometry":{"type":"LineString","coordinates":[[24.1562979,45.7976115],[24.1561836,45.7979891],[24.1561573,45.7981127],[24.1568133,45.7981402]]}},{"type":"Feature","properties":{"osm_id":46095854,"name":"Bulevardul Corneliu Coposu","highway":"primary","name_ro":null,"source":"openstreetmap"},"geometry":{"type":"LineString","coordinates":[[24.1587441,45.7963875],[24.1585834,45.7963015],[24.1582797,45.7960952],[24.1582154,45.7960512],[24.1579759,45.7958748],[24.1577588,45.7957302]]}},{"type":"Feature","properties":{"osm_id":46098068,"name":"Calea Dumbrăvii","highway":"primary","name_ro":null,"source":"openstreetmap"},"geometry":{"type":"LineString","coordinates":[[24.1474514,45.7822047],[24.147718,45.7824053],[24.1478109,45.7824614],[24.1479103,45.7825146],[24.148011,45.7825575]]}},{"type":"Feature","properties":{"osm_id":46098069,"name":"Calea Dumbrăvii","highway":"primary","name_ro":null,"source":"openstreetmap"},"geometry":{"type":"LineString","coordinates":[[24.1426544,45.7758746],[24.1431645,45.7765673]]}},{"type":"Feature","properties":{"osm_id":46121926,"name":"Strada Turnului","highway":"pedestrian","name_ro":"Strada Turnului","source":"openstreetmap"},"geometry":{"type":"LineString","coordinates":[[24.1484266,45.7983635],[24.1485038,45.798334],[24.1485504,45.798304],[24.1486267,45.7982576],[24.1487304,45.7982093],[24.1488115,45.798177],[24.1488841,45.7981524],[24.149057,45.7981028],[24.1491192,45.7980838],[24.1491642,45.7980701],[24.1492311,45.7980439],[24.1492842,45.7980177],[24.1493214,45.7979926],[24.1493561,45.7979614],[24.1493775,45.7979309],[24.1493864,45.7978907]]}},{"type":"Feature","properties":{"osm_id":46149596,"name":"Strada Reconstrucției","highway":"primary","name_ro":null,"source":"openstreetmap"},"geometry":{"type":"LineString","coordinates":[[24.1436976,45.7999886],[24.1435803,45.8000184],[24.1427522,45.8002414]]}},{"type":"Feature","properties":{"osm_id":46151008,"name":"Strada Ștefan cel Mare","highway":"primary","name_ro":null,"source":"openstreetmap"},"geometry":{"type":"LineString","coordinates":[[24.1779373,45.7892876],[24.1767079,45.7886842]]}},{"type":"Feature","properties":{"osm_id":46151009,"name":"Strada Ștefan cel Mare","highway":"primary","name_ro":null,"source":"openstreetmap"},"geometry":{"type":"LineString","coordinates":[[24.1767079,45.7886842],[24.1766562,45.7886581]]}},{"type":"Feature","properties":{"osm_id":46151010,"name":"Strada Ștefan cel Mare","highway":"primary","name_ro":null,"source":"openstreetmap"},"geometry":{"type":"LineString","coordinates":[[24.1766562,45.7886581],[24.1764637,45.7886036],[24.176301,45.7885583],[24.1761515,45.788514]]}},{"type":"Feature","properties":{"osm_id":46152548,"name":"Strada Rahovei","highway":"residential","name_ro":null,"source":"openstreetmap"},"geometry":{"type":"LineString","coordinates":[[24.1599579,45.7790777],[24.1598645,45.779139],[24.1597384,45.7792296],[24.1590983,45.779767],[24.1589389,45.779907],[24.1589036,45.7799456]]}},{"type":"Feature","properties":{"osm_id":46152748,"name":"Aleea Șelimbăr","highway":"residential","name_ro":null,"source":"openstreetmap"},"geometry":{"type":"LineString","coordinates":[[24.1645005,45.7811509],[24.1645076,45.7810719],[24.164509,45.7808572],[24.1645526,45.7807693],[24.1649402,45.7803141],[24.165002,45.7802424]]}},{"type":"Feature","properties":{"osm_id":46186778,"name":"Strada Europa Unită","highway":"unclassified","name_ro":null,"source":"openstreetmap"},"geometry":{"type":"LineString","coordinates":[[24.0878812,45.7956627],[24.0873225,45.7970299],[24.0864454,45.7991764],[24.0863654,45.7993501]]}},{"type":"Feature","properties":{"osm_id":46337366,"name":"Calea Gușteriței","highway":"secondary","name_ro":null,"source":"openstreetmap"},"geometry":{"type":"LineString","coordinates":[[24.1658751,45.799988],[24.1661376,45.8000972],[24.1663008,45.8001675],[24.1663701,45.8001971],[24.1665106,45.8002554],[24.1665791,45.8002831],[24.166961,45.8004349],[24.167093,45.8004874],[24.1674453,45.8006293]]}},{"type":"Feature","properties":{"osm_id":46612429,"name":"Calea Cisnădiei","highway":"secondary","name_ro":null,"source":"openstreetmap"},"geometry":{"type":"LineString","coordinates":[[24.1485425,45.7781491],[24.1483925,45.7770004],[24.1483852,45.7769344],[24.1483796,45.7768843],[24.1482511,45.7758261],[24.1482346,45.7756944],[24.1482192,45.7755231],[24.1482107,45.7754283]]}},{"type":"Feature","properties":{"osm_id":46779527,"name":"Strada Ioan Lupaș","highway":"pedestrian","name_ro":"Strada Ioan Lupaș","source":"openstreetmap"},"geometry":{"type":"LineString","coordinates":[[24.1486783,45.7929812],[24.1483941,45.793137]]}},{"type":"Feature","properties":{"osm_id":46837735,"name":"Aleea Filozofilor","highway":"residential","name_ro":null,"source":"openstreetmap"},"geometry":{"type":"LineString","coordinates":[[24.1424621,45.7946217],[24.1416735,45.7944965]]}},{"type":"Feature","properties":{"osm_id":47028603,"name":"Strada Mărului","highway":"residential","name_ro":null,"source":"openstreetmap"},"geometry":{"type":"LineString","coordinates":[[24.1479769,45.812936],[24.1480073,45.8129125],[24.1480425,45.8128982],[24.1480818,45.8128957],[24.148476,45.8129283],[24.1485798,45.8129408],[24.1486976,45.812963],[24.1490022,45.8130546],[24.1490892,45.8130752],[24.1491911,45.8130867]]}},{"type":"Feature","properties":{"osm_id":47029362,"name":"Strada Revoluției","highway":"secondary","name_ro":null,"source":"openstreetmap"},"geometry":{"type":"LineString","coordinates":[[24.1531013,45.7896317],[24.1532834,45.7894601],[24.1538916,45.7888679],[24.1542693,45.7884945],[24.1548448,45.7879159]]}},{"type":"Feature","properties":{"osm_id":47844753,"name":"Strada Luptei","highway":"tertiary","name_ro":null,"source":"openstreetmap"},"geometry":{"type":"LineString","coordinates":[[24.1605741,45.7817477],[24.1615716,45.7821729],[24.1617349,45.7822421],[24.1617892,45.7822653],[24.1623804,45.7825185],[24.1626309,45.7826258],[24.1629799,45.782791],[24.1630494,45.7828301],[24.1631098,45.7828708],[24.1631846,45.7829363],[24.1635012,45.7832293]]}},{"type":"Feature","properties":{"osm_id":47924480,"name":"Strada Eduard Albert Bielz","highway":"tertiary","name_ro":null,"source":"openstreetmap"},"geometry":{"type":"LineString","coordinates":[[24.1202334,45.7919182],[24.1209237,45.7930621],[24.1209713,45.7931384],[24.1210136,45.7931982]]}},{"type":"Feature","properties":{"osm_id":47924483,"name":"Calea Turnișorului","highway":"tertiary","name_ro":null,"source":"openstreetmap"},"geometry":{"type":"LineString","coordinates":[[24.1217966,45.7942993],[24.1223395,45.794767],[24.122489,45.7948908],[24.1229276,45.7951737],[24.1233939,45.7954698],[24.1239342,45.795806],[24.1261026,45.7971505],[24.1271998,45.7977789],[24.1291886,45.7989528],[24.1292439,45.7989951],[24.1292641,45.7990243],[24.1292775,45.7990545],[24.1293039,45.7991467],[24.1293532,45.7991973],[24.129407,45.7992281],[24.1294755,45.799258],[24.1295408,45.7992784],[24.1296359,45.7993043],[24.1297196,45.7993249],[24.1297848,45.7993402],[24.1298473,45.7993528],[24.1299094,45.7993691]]}},{"type":"Feature","properties":{"osm_id":47924488,"name":"Calea Turnișorului","highway":"tertiary","name_ro":null,"source":"openstreetmap"},"geometry":{"type":"LineString","coordinates":[[24.1216505,45.7941678],[24.121307,45.7938787],[24.1212469,45.7938282],[24.1211461,45.7937434]]}},{"type":"Feature","properties":{"osm_id":47924490,"name":"Șoseaua Alba Iulia","highway":"primary","name_ro":null,"source":"openstreetmap"},"geometry":{"type":"LineString","coordinates":[[24.1213806,45.7937347],[24.1213253,45.7937531],[24.121265,45.793761],[24.1212039,45.7937576],[24.1211461,45.7937434],[24.1211005,45.7937221],[24.1210632,45.7936941],[24.1210284,45.7936455],[24.1210183,45.7935915],[24.1210341,45.7935383],[24.1210372,45.7935331],[24.1210739,45.7934919],[24.1211262,45.79346],[24.1211897,45.7934402],[24.1212587,45.7934343],[24.1213271,45.7934427],[24.1213853,45.7934629],[24.1214333,45.7934935],[24.1214718,45.7935395],[24.121487,45.7935918],[24.1214772,45.7936447],[24.1214436,45.7936926],[24.1214271,45.7937069],[24.1213806,45.7937347]]}},{"type":"Feature","properties":{"osm_id":48137424,"name":"Strada Seviș","highway":"residential","name_ro":null,"source":"openstreetmap"},"geometry":{"type":"LineString","coordinates":[[24.154112,45.7745287],[24.1538426,45.7748429],[24.1537946,45.7749037]]}},{"type":"Feature","properties":{"osm_id":48137425,"name":"Aleea Seviș","highway":"residential","name_ro":null,"source":"openstreetmap"},"geometry":{"type":"LineString","coordinates":[[24.1515454,45.7738893],[24.1515246,45.773907],[24.1515199,45.773945],[24.1514897,45.7741264],[24.151475,45.7741442],[24.1514401,45.7741657],[24.1508201,45.77416],[24.1507428,45.7741564],[24.1506651,45.7741528],[24.1501788,45.7741164]]}},{"type":"Feature","properties":{"osm_id":48866273,"name":"Strada Lalelelor","highway":"residential","name_ro":null,"source":"openstreetmap"},"geometry":{"type":"LineString","coordinates":[[24.1427853,45.7986183],[24.1427025,45.7986517],[24.1419865,45.7989526],[24.1419102,45.7989847]]}},{"type":"Feature","properties":{"osm_id":48866580,"name":"Strada General Magheru","highway":"tertiary","name_ro":null,"source":"openstreetmap"},"geometry":{"type":"LineString","coordinates":[[24.1584201,45.7992911],[24.1581646,45.799229],[24.1574641,45.7990446]]}},{"type":"Feature","properties":{"osm_id":48866581,"name":"Strada General Magheru","highway":"tertiary","name_ro":null,"source":"openstreetmap"},"geometry":{"type":"LineString","coordinates":[[24.1574641,45.7990446],[24.1573059,45.798989]]}},{"type":"Feature","properties":{"osm_id":48866951,"name":"Strada Regele Ferdinand","highway":"tertiary","name_ro":null,"source":"openstreetmap"},"geometry":{"type":"LineString","coordinates":[[24.1589586,45.8006727],[24.1589416,45.8007276]]}},{"type":"Feature","properties":{"osm_id":48867028,"name":"Strada Ștefan cel Mare","highway":"secondary","name_ro":null,"source":"openstreetmap"},"geometry":{"type":"LineString","coordinates":[[24.2078995,45.7908721],[24.2067363,45.7905088]]}},{"type":"Feature","properties":{"osm_id":48867031,"name":"Strada Ștefan cel Mare","highway":"secondary","name_ro":null,"source":"openstreetmap"},"geometry":{"type":"LineString","coordinates":[[24.2067363,45.7905088],[24.2066395,45.790476],[24.2063463,45.7903767],[24.2059124,45.7902434],[24.2056804,45.7901794],[24.2054477,45.7901207],[24.2052944,45.7900849],[24.2051912,45.7900611]]}},{"type":"Feature","properties":{"osm_id":51364068,"name":"Șoseaua Alba Iulia","highway":"primary","name_ro":null,"source":"openstreetmap"},"geometry":{"type":"LineString","coordinates":[[24.1198476,45.7935494],[24.120797,45.7935384],[24.1209055,45.7935384],[24.1210341,45.7935383]]}},{"type":"Feature","properties":{"osm_id":51507896,"name":"Aleea Șteaza","highway":"residential","name_ro":null,"source":"openstreetmap"},"geometry":{"type":"LineString","coordinates":[[24.1531629,45.7748195],[24.1532124,45.7747261],[24.1532964,45.7745676],[24.153546,45.7742696]]}},{"type":"Feature","properties":{"osm_id":51509610,"name":"Bulevardul General Vasile Milea","highway":"residential","name_ro":null,"source":"openstreetmap"},"geometry":{"type":"LineString","coordinates":[[24.1510707,45.7888918],[24.1510424,45.7888509],[24.1507481,45.7884475]]}},{"type":"Feature","properties":{"osm_id":51567154,"name":"Calea Dumbrăvii","highway":"primary","name_ro":null,"source":"openstreetmap"},"geometry":{"type":"LineString","coordinates":[[24.1482552,45.7837101],[24.148301,45.7838357],[24.1485198,45.7844426],[24.1487061,45.7849585],[24.1487404,45.7850545],[24.1489967,45.7857549],[24.1490255,45.7858355],[24.1490575,45.7859202],[24.1492837,45.7865068]]}},{"type":"Feature","properties":{"osm_id":51567155,"name":"Calea Dumbrăvii","highway":"primary","name_ro":null,"source":"openstreetmap"},"geometry":{"type":"LineString","coordinates":[[24.1482552,45.7837101],[24.1481521,45.7834733],[24.1480687,45.7832817],[24.1479545,45.7830341],[24.147932,45.7829787],[24.1479006,45.7829015]]}},{"type":"Feature","properties":{"osm_id":51567483,"name":"Aleea Frații Buzești","highway":"residential","name_ro":null,"source":"openstreetmap"},"geometry":{"type":"LineString","coordinates":[[24.1489912,45.7812873],[24.1490512,45.7812889],[24.1491072,45.7812754],[24.1493989,45.7811634],[24.1494829,45.7811243],[24.1495498,45.7810922],[24.1498655,45.7809407],[24.1499741,45.7808901],[24.1499847,45.7808851],[24.1501286,45.7808147],[24.1502682,45.7807464],[24.1503999,45.780682],[24.1504802,45.7806409],[24.1504969,45.7806321],[24.1505868,45.7805891],[24.1507371,45.7805172],[24.1508049,45.7804847],[24.1510664,45.7803549],[24.1510867,45.7803443],[24.1511917,45.78029],[24.1513371,45.7802208],[24.1514124,45.780185],[24.1516112,45.7800943],[24.1516691,45.7800674],[24.151782,45.7800141],[24.1519307,45.7799405],[24.1520237,45.7798944],[24.1522205,45.7798006],[24.1523105,45.779758],[24.1523236,45.7797514],[24.1524082,45.7797111],[24.1525588,45.7796395],[24.1525947,45.7796224],[24.152832,45.7795095],[24.1528813,45.7794834],[24.153,45.7794152],[24.153089,45.779351],[24.1533994,45.7791101],[24.1534222,45.7790926],[24.1536765,45.7788966],[24.1537858,45.7788121]]}},{"type":"Feature","properties":{"osm_id":51567647,"name":"Strada General Vasile Milea","highway":"residential","name_ro":null,"source":"openstreetmap"},"geometry":{"type":"LineString","coordinates":[[24.150446,45.7896948],[24.1505395,45.7895468],[24.1505843,45.7895029],[24.150958,45.7893536],[24.1511017,45.7893057]]}},{"type":"Feature","properties":{"osm_id":51772509,"name":"Strada Agârbiciu","highway":"residential","name_ro":null,"source":"openstreetmap"},"geometry":{"type":"LineString","coordinates":[[24.1272627,45.7650803],[24.1268635,45.765219],[24.1261148,45.765479],[24.1259847,45.7655247],[24.1249874,45.765875],[24.1241488,45.7661851],[24.1239131,45.7662723]]}},{"type":"Feature","properties":{"osm_id":51772678,"name":"Strada Bobâlna","highway":"residential","name_ro":null,"source":"openstreetmap"},"geometry":{"type":"LineString","coordinates":[[24.1305455,45.7713951],[24.1283737,45.77247],[24.1282963,45.7725088],[24.1282147,45.7725496]]}},{"type":"Feature","properties":{"osm_id":51943850,"name":"Strada Frasinului","highway":"residential","name_ro":null,"source":"openstreetmap"},"geometry":{"type":"LineString","coordinates":[[24.171883,45.8147108],[24.1720871,45.8146268],[24.172752,45.8143905],[24.1733289,45.8141851],[24.173763,45.8140375]]}},{"type":"Feature","properties":{"osm_id":52835236,"name":"Aleea Șteaza","highway":"residential","name_ro":null,"source":"openstreetmap"},"geometry":{"type":"LineString","coordinates":[[24.1501788,45.7741164],[24.1497374,45.7740961],[24.1496384,45.7740932],[24.1495572,45.7740877],[24.1489804,45.7740621],[24.1489283,45.7740518],[24.1488839,45.7740395],[24.1488445,45.7739949],[24.1488132,45.773915]]}},{"type":"Feature","properties":{"osm_id":53290250,"name":"Strada Hurmuzache","highway":"residential","name_ro":null,"source":"openstreetmap"},"geometry":{"type":"LineString","coordinates":[[24.1565658,45.8000466],[24.1563279,45.8010825],[24.1562965,45.8011269],[24.1562593,45.8011529],[24.1562111,45.8011777],[24.1560043,45.8012779],[24.1555631,45.8014837]]}},{"type":"Feature","properties":{"osm_id":53291327,"name":"Aleea Țesătorilor","highway":"residential","name_ro":null,"source":"openstreetmap"},"geometry":{"type":"LineString","coordinates":[[24.1580257,45.8019078],[24.1583194,45.8020993],[24.1575431,45.8027999]]}},{"type":"Feature","properties":{"osm_id":53631421,"name":"Strada Independenței","highway":"residential","name_ro":null,"source":"openstreetmap"},"geometry":{"type":"LineString","coordinates":[[24.1543674,45.7941123],[24.1544332,45.7940449],[24.1545341,45.7939446],[24.155023,45.7934589],[24.1557789,45.7927079],[24.1557929,45.792694],[24.1564324,45.7920546]]}},{"type":"Feature","properties":{"osm_id":53638404,"name":"Bulevardul Corneliu Coposu","highway":"secondary","name_ro":null,"source":"openstreetmap"},"geometry":{"type":"LineString","coordinates":[[24.1612731,45.7974692],[24.1610777,45.797357],[24.1608426,45.7972168],[24.1604993,45.7970165],[24.1601628,45.7968289]]}},{"type":"Feature","properties":{"osm_id":57766913,"name":"Strada Florian Rieger","highway":"unclassified","name_ro":null,"source":"openstreetmap"},"geometry":{"type":"LineString","coordinates":[[24.0963258,45.7938875],[24.0964167,45.7937573],[24.096473,45.7936471],[24.0964864,45.7935994],[24.0964917,45.7935517],[24.0964877,45.7934886],[24.0964609,45.7934334],[24.096422,45.7933908],[24.0963724,45.7933571],[24.0962986,45.7933235],[24.096177,45.7932835],[24.0960714,45.7932557],[24.0939468,45.7927628],[24.0937494,45.7927167],[24.0935482,45.7926758],[24.0932403,45.7926133],[24.0927561,45.7925232],[24.089655,45.7919178]]}},{"type":"Feature","properties":{"osm_id":59602704,"name":"Strada Crișanei","highway":"residential","name_ro":null,"source":"openstreetmap"},"geometry":{"type":"LineString","coordinates":[[24.1417396,45.788805],[24.1441317,45.790417]]}},{"type":"Feature","properties":{"osm_id":59715820,"name":"Strada Telefoanelor","highway":"pedestrian","name_ro":null,"source":"openstreetmap"},"geometry":{"type":"LineString","coordinates":[[24.1504967,45.7949827],[24.1510901,45.7947288],[24.1512081,45.7948314]]}},{"type":"Feature","properties":{"osm_id":71874417,"name":"Strada Dogarilor","highway":"residential","name_ro":null,"source":"openstreetmap"},"geometry":{"type":"LineString","coordinates":[[24.1459161,45.7976845],[24.1461369,45.7977908],[24.1462737,45.797848],[24.1464155,45.7978897],[24.146555,45.7979138],[24.1467342,45.7979339],[24.1469372,45.7979464],[24.1470308,45.7979464]]}},{"type":"Feature","properties":{"osm_id":71874485,"name":"Strada Cojocarilor","highway":"residential","name_ro":null,"source":"openstreetmap"},"geometry":{"type":"LineString","coordinates":[[24.1452926,45.7961068],[24.1455571,45.7960328],[24.1456878,45.7960043],[24.145825,45.7959871],[24.1459329,45.7959847],[24.146006,45.7959915],[24.1460864,45.7960111],[24.1461632,45.7960349],[24.1462342,45.796065],[24.146312,45.796106],[24.1463725,45.7961468],[24.1464319,45.7961954],[24.1464964,45.7962615],[24.1465458,45.7963211],[24.1465931,45.7963914],[24.1466445,45.7964792],[24.1468614,45.7969194]]}},{"type":"Feature","properties":{"osm_id":71877385,"name":"Strada Târgul Peștelui","highway":"residential","name_ro":null,"source":"openstreetmap"},"geometry":{"type":"LineString","coordinates":[[24.1470345,45.7987222],[24.1470174,45.7986358],[24.1470036,45.798485],[24.1470097,45.7983153],[24.1470308,45.7979464],[24.147059,45.797677],[24.147074,45.7975276],[24.1470877,45.7975026],[24.1471063,45.7974853],[24.1471535,45.7974689]]}},{"type":"Feature","properties":{"osm_id":71888137,"name":"Strada Mitropoliei","highway":"tertiary","name_ro":"Strada Mitropoliei","source":"openstreetmap"},"geometry":{"type":"LineString","coordinates":[[24.147156,45.7944921],[24.1474177,45.794654],[24.1481423,45.7950915],[24.148612,45.7955003],[24.1491225,45.7960394],[24.1491794,45.7960991],[24.1492851,45.7962113],[24.1494598,45.7963824],[24.1499332,45.7968344],[24.1500475,45.7969435]]}},{"type":"Feature","properties":{"osm_id":72029618,"name":"Piața Prahovei","highway":"residential","name_ro":null,"source":"openstreetmap"},"geometry":{"type":"LineString","coordinates":[[24.1459183,45.7767055],[24.1459366,45.7767294],[24.1465478,45.777548],[24.1465864,45.7775993]]}},{"type":"Feature","properties":{"osm_id":72029620,"name":"Strada Bastionului","highway":"residential","name_ro":null,"source":"openstreetmap"},"geometry":{"type":"LineString","coordinates":[[24.144607,45.7936012],[24.1446358,45.7936835],[24.1446574,45.79374],[24.1446907,45.7937898],[24.1448315,45.7939408],[24.1450737,45.7942452],[24.1451442,45.794338],[24.1451708,45.7943751],[24.1451996,45.7944259],[24.1453202,45.7946936],[24.1453658,45.794764],[24.1454097,45.7948229]]}},{"type":"Feature","properties":{"osm_id":72029621,"name":"Piața Prahovei","highway":"residential","name_ro":null,"source":"openstreetmap"},"geometry":{"type":"LineString","coordinates":[[24.145652,45.7756405],[24.1457031,45.775698],[24.1463597,45.7765413]]}},{"type":"Feature","properties":{"osm_id":72029623,"name":"Strada Tribunei","highway":"residential","name_ro":null,"source":"openstreetmap"},"geometry":{"type":"LineString","coordinates":[[24.147156,45.7944921],[24.1469777,45.7946058],[24.1466441,45.794828],[24.1465436,45.7948951],[24.146443,45.7949686],[24.1462583,45.7951255],[24.1460076,45.7953618]]}},{"type":"Feature","properties":{"osm_id":72029992,"name":"Bulevardul Corneliu Coposu","highway":"primary","name_ro":null,"source":"openstreetmap"},"geometry":{"type":"LineString","coordinates":[[24.1554565,45.7947539],[24.1557965,45.7949364]]}},{"type":"Feature","properties":{"osm_id":72029994,"name":"Strada Turismului","highway":"secondary","name_ro":null,"source":"openstreetmap"},"geometry":{"type":"LineString","coordinates":[[24.1407923,45.7935479],[24.1413429,45.793387],[24.1414911,45.7933418],[24.1415285,45.7933206]]}},{"type":"Feature","properties":{"osm_id":72029996,"name":"Strada Lânii","highway":"residential","name_ro":null,"source":"openstreetmap"},"geometry":{"type":"LineString","coordinates":[[24.1372332,45.7944139],[24.1371799,45.794328],[24.1371457,45.7942748]]}},{"type":"Feature","properties":{"osm_id":72029998,"name":"Strada Oașa","highway":"residential","name_ro":null,"source":"openstreetmap"},"geometry":{"type":"LineString","coordinates":[[24.1714843,45.7834778],[24.1708663,45.7840485],[24.1708137,45.7840957]]}},{"type":"Feature","properties":{"osm_id":72030387,"name":"Calea Cisnădiei","highway":"secondary","name_ro":null,"source":"openstreetmap"},"geometry":{"type":"LineString","coordinates":[[24.1476423,45.7710708],[24.1477666,45.7713127]]}},{"type":"Feature","properties":{"osm_id":72030505,"name":"Strada Ocnei","highway":"residential","name_ro":"Strada Ocnei","source":"openstreetmap"},"geometry":{"type":"LineString","coordinates":[[24.1504983,45.7994325],[24.1505229,45.7993608],[24.1505411,45.799264],[24.1505523,45.7991708],[24.1505663,45.7987716],[24.1505805,45.7986801],[24.1505985,45.7986025],[24.1506251,45.7985129]]}},{"type":"Feature","properties":{"osm_id":72060311,"name":"Strada Doctor Ștefan Stâncă","highway":"residential","name_ro":null,"source":"openstreetmap"},"geometry":{"type":"LineString","coordinates":[[24.1466491,45.7895732],[24.1467385,45.7895112],[24.1472241,45.789161],[24.14727,45.7891265],[24.1473411,45.7890615],[24.1474249,45.788988],[24.1475132,45.7889176],[24.1480986,45.7885133],[24.1481836,45.7884579]]}},{"type":"Feature","properties":{"osm_id":72189546,"name":"Aleea Taberei","highway":"residential","name_ro":null,"source":"openstreetmap"},"geometry":{"type":"LineString","coordinates":[[24.1546305,45.7766343],[24.1547052,45.7766747],[24.1552819,45.7770154],[24.155457,45.7771149],[24.1560099,45.7774258],[24.1562422,45.7775561],[24.1563508,45.7775596],[24.1564327,45.7775219],[24.156757,45.7772352]]}},{"type":"Feature","properties":{"osm_id":72605130,"name":"Bulevardul General Vasile Milea","highway":"primary","name_ro":null,"source":"openstreetmap"},"geometry":{"type":"LineString","coordinates":[[24.1613246,45.7846713],[24.1614744,45.7845893],[24.1616336,45.7845104],[24.1619647,45.784339]]}},{"type":"Feature","properties":{"osm_id":72605964,"name":"Bulevardul General Vasile Milea","highway":"primary","name_ro":null,"source":"openstreetmap"},"geometry":{"type":"LineString","coordinates":[[24.1568006,45.7868286],[24.157408,45.7865609]]}},{"type":"Feature","properties":{"osm_id":72606081,"name":"Bulevardul General Vasile Milea","highway":"primary","name_ro":null,"source":"openstreetmap"},"geometry":{"type":"LineString","coordinates":[[24.1578268,45.7863764],[24.1584091,45.7861172]]}},{"type":"Feature","properties":{"osm_id":72606607,"name":"Bulevardul General Vasile Milea","highway":"primary","name_ro":null,"source":"openstreetmap"},"geometry":{"type":"LineString","coordinates":[[24.1592494,45.7857124],[24.1602854,45.7851942]]}},{"type":"Feature","properties":{"osm_id":72606619,"name":"Bulevardul General Vasile Milea","highway":"primary","name_ro":null,"source":"openstreetmap"},"geometry":{"type":"LineString","coordinates":[[24.1602854,45.7851942],[24.1611955,45.7847392],[24.1613246,45.7846713]]}},{"type":"Feature","properties":{"osm_id":72606629,"name":"Bulevardul General Vasile Milea","highway":"primary","name_ro":null,"source":"openstreetmap"},"geometry":{"type":"LineString","coordinates":[[24.1584091,45.7861172],[24.1584801,45.7860845],[24.1586103,45.7860244],[24.1592494,45.7857124]]}},{"type":"Feature","properties":{"osm_id":72607218,"name":"Șoseaua Alba Iulia","highway":"primary","name_ro":null,"source":"openstreetmap"},"geometry":{"type":"LineString","coordinates":[[24.1412163,45.7929234],[24.1412982,45.7929663],[24.1415791,45.7930916],[24.1416689,45.7931419]]}},{"type":"Feature","properties":{"osm_id":72608186,"name":"Bulevardul General Vasile Milea","highway":"primary","name_ro":null,"source":"openstreetmap"},"geometry":{"type":"LineString","coordinates":[[24.1628453,45.7838827],[24.1637254,45.7834323]]}},{"type":"Feature","properties":{"osm_id":72608187,"name":"Bulevardul General Vasile Milea","highway":"primary","name_ro":null,"source":"openstreetmap"},"geometry":{"type":"LineString","coordinates":[[24.1619647,45.784339],[24.1624511,45.7840871]]}},{"type":"Feature","properties":{"osm_id":72608188,"name":"Strada Regele Ferdinand","highway":"tertiary","name_ro":null,"source":"openstreetmap"},"geometry":{"type":"LineString","coordinates":[[24.1570583,45.8014036],[24.1571563,45.8014022],[24.1577839,45.801352],[24.157883,45.801335],[24.1579822,45.8013091],[24.158072,45.801278],[24.1581598,45.8012413],[24.1582399,45.8011979],[24.1583197,45.8011385],[24.158391,45.8010776],[24.1584718,45.8010087],[24.1588534,45.8006831]]}},{"type":"Feature","properties":{"osm_id":72608669,"name":"Strada Târgul Fânului","highway":"service","name_ro":null,"source":"openstreetmap"},"geometry":{"type":"LineString","coordinates":[[24.1519586,45.8038497],[24.1519824,45.8041439],[24.1519922,45.80446],[24.1519817,45.8044942],[24.1519545,45.8045196],[24.1519362,45.8045306],[24.1518812,45.8045497]]}},{"type":"Feature","properties":{"osm_id":72609488,"name":"Strada Gării","highway":"residential","name_ro":null,"source":"openstreetmap"},"geometry":{"type":"LineString","coordinates":[[24.1630294,45.8002661],[24.1629185,45.800064]]}},{"type":"Feature","properties":{"osm_id":72611262,"name":"Strada Cărămidăriei","highway":"residential","name_ro":null,"source":"openstreetmap"},"geometry":{"type":"LineString","coordinates":[[24.1298051,45.8039221],[24.1304607,45.8048734],[24.1308211,45.8054837],[24.1323716,45.8083032]]}},{"type":"Feature","properties":{"osm_id":72611263,"name":"Strada Câmpului","highway":"tertiary","name_ro":null,"source":"openstreetmap"},"geometry":{"type":"LineString","coordinates":[[24.1361115,45.8059851],[24.1360617,45.8060243],[24.1360105,45.8060646],[24.1357273,45.8062836],[24.1352126,45.8066735]]}},{"type":"Feature","properties":{"osm_id":74272419,"name":"Calea Șurii Mari","highway":"residential","name_ro":null,"source":"openstreetmap"},"geometry":{"type":"LineString","coordinates":[[24.149576,45.8129521],[24.1496086,45.8130545],[24.149627,45.8131369],[24.1496369,45.8132505],[24.1496321,45.8133471],[24.1496194,45.8134213],[24.1495914,45.8135364],[24.1493671,45.8141234]]}},{"type":"Feature","properties":{"osm_id":74272420,"name":"Strada Ecaterina Teodoroiu","highway":"residential","name_ro":null,"source":"openstreetmap"},"geometry":{"type":"LineString","coordinates":[[24.1544872,45.8094003],[24.1543846,45.8094478],[24.1539534,45.8096607],[24.1535383,45.8098526],[24.1531236,45.8100373],[24.1528175,45.810169],[24.1521367,45.8104508],[24.1519884,45.8105078],[24.1518372,45.8105555],[24.1517768,45.8105712],[24.1517066,45.8105843],[24.1516512,45.8105907],[24.1515791,45.810593],[24.1515069,45.8105907],[24.1509754,45.8105452],[24.1504668,45.8105021],[24.1502449,45.8104874],[24.1501929,45.8104895],[24.1501443,45.8104991],[24.1500906,45.8105173],[24.1498617,45.8106158],[24.149773,45.810654]]}},{"type":"Feature","properties":{"osm_id":74299356,"name":"Strada Podului","highway":"secondary","name_ro":null,"source":"openstreetmap"},"geometry":{"type":"LineString","coordinates":[[24.1752264,45.8090608],[24.1753503,45.8091931],[24.1755587,45.8093874],[24.1759277,45.8097139],[24.1761481,45.8099089],[24.1763803,45.8100737],[24.1765155,45.810161],[24.1766827,45.8102581],[24.1769421,45.8103931],[24.1773842,45.8106073],[24.1775276,45.8106768],[24.178597,45.8111209],[24.1786933,45.8111539],[24.1787904,45.8111598],[24.1788661,45.8111527]]}},{"type":"Feature","properties":{"osm_id":75373415,"name":"Calea Șurii Mici","highway":"secondary","name_ro":null,"source":"openstreetmap"},"geometry":{"type":"LineString","coordinates":[[24.1239463,45.8056161],[24.1232582,45.8057334],[24.1227973,45.805811],[24.1226028,45.8058453],[24.122157,45.805924],[24.1220522,45.8059428],[24.1213111,45.8060759],[24.1207248,45.8061754],[24.1206771,45.8061835],[24.1198727,45.8063365],[24.1182819,45.8066215],[24.1169257,45.8068594],[24.1159054,45.8070227],[24.1154966,45.807087],[24.1143507,45.8072808],[24.1139599,45.8073438],[24.1136496,45.8073877],[24.1135661,45.8073981],[24.1134803,45.8074035],[24.1133672,45.8074084],[24.1131477,45.8074103],[24.1127224,45.8074071],[24.111725,45.8074164],[24.1104849,45.8074351],[24.1103402,45.8074373],[24.1099683,45.8074483],[24.1096401,45.8074747],[24.1094953,45.807489],[24.1092527,45.807513],[24.1085903,45.8075768],[24.1079564,45.8076294],[24.1076599,45.8076485],[24.1068715,45.8076978],[24.1062446,45.8077372],[24.1052608,45.807783],[24.1049676,45.807794],[24.1046374,45.8078179],[24.1044425,45.8078398],[24.1042077,45.8078679],[24.1035587,45.8079464],[24.1030032,45.8080131],[24.1024366,45.8080777],[24.101992,45.808133],[24.1013733,45.8082167],[24.1006307,45.8083209],[24.0999971,45.8084098],[24.0990819,45.808551]]}},{"type":"Feature","properties":{"osm_id":76705542,"name":"Șoseaua Alba Iulia","highway":"primary","name_ro":null,"source":"openstreetmap"},"geometry":{"type":"LineString","coordinates":[[24.1397321,45.7921477],[24.1401088,45.7923457],[24.1403771,45.7924822]]}},{"type":"Feature","properties":{"osm_id":76743765,"name":"Strada Dimitrie Cantemir","highway":"tertiary","name_ro":null,"source":"openstreetmap"},"geometry":{"type":"LineString","coordinates":[[24.1255268,45.7784658],[24.1256132,45.7784917],[24.1268093,45.7788498],[24.1270803,45.7789538],[24.1273311,45.7790673],[24.1278049,45.7793167],[24.1281548,45.7795093],[24.1283082,45.7795966],[24.1283907,45.7796433],[24.1293019,45.780159],[24.1295696,45.7803058],[24.1295863,45.7803159],[24.1296943,45.7803809],[24.1301818,45.7806502],[24.1302922,45.7807243],[24.1303271,45.7807506],[24.1303586,45.780782],[24.1303783,45.7808271],[24.1303871,45.7808826],[24.1304644,45.7809379],[24.1310054,45.7812972],[24.1315291,45.7816479],[24.1319446,45.7819262],[24.1324368,45.7822597]]}},{"type":"Feature","properties":{"osm_id":77227480,"name":"Strada Moara de Scoarță","highway":"tertiary","name_ro":null,"source":"openstreetmap"},"geometry":{"type":"LineString","coordinates":[[24.1601414,45.8021903],[24.1600793,45.8022468],[24.1596181,45.8026661],[24.1592418,45.8030095],[24.1588104,45.8034004],[24.1585488,45.8036461],[24.1584743,45.8037199],[24.1582219,45.8039798],[24.1579536,45.8042619],[24.1578171,45.8043997],[24.1577616,45.8044529],[24.157412,45.8047844],[24.1571096,45.8050634],[24.1568093,45.8053408],[24.1567502,45.8053956],[24.1566652,45.8054737],[24.1561181,45.8059836],[24.15605,45.8060514]]}},{"type":"Feature","properties":{"osm_id":77228581,"name":"Strada Zaharia Boiu","highway":"tertiary","name_ro":null,"source":"openstreetmap"},"geometry":{"type":"LineString","coordinates":[[24.1452604,45.7884609],[24.1453314,45.7885182],[24.14542,45.7885876],[24.1460997,45.7891243]]}},{"type":"Feature","properties":{"osm_id":77228582,"name":"Strada Zaharia Boiu","highway":"residential","name_ro":null,"source":"openstreetmap"},"geometry":{"type":"LineString","coordinates":[[24.1427925,45.7863655],[24.1429637,45.7865156],[24.1431046,45.7867162],[24.14399,45.7874414]]}},{"type":"Feature","properties":{"osm_id":77386817,"name":"Strada Constantin Noica","highway":"secondary","name_ro":null,"source":"openstreetmap"},"geometry":{"type":"LineString","coordinates":[[24.1525168,45.7902037],[24.1523536,45.7901584],[24.1521615,45.7901051],[24.1512759,45.7898818],[24.1506924,45.7897503],[24.150446,45.7896948],[24.1503792,45.7896791]]}},{"type":"Feature","properties":{"osm_id":77386820,"name":"Strada Constantin Noica","highway":"secondary","name_ro":"Strada Constantin Noica","source":"openstreetmap"},"geometry":{"type":"LineString","coordinates":[[24.1564324,45.7920546],[24.1526409,45.790255]]}},{"type":"Feature","properties":{"osm_id":77386828,"name":"Strada Ștefan cel Mare","highway":"secondary","name_ro":null,"source":"openstreetmap"},"geometry":{"type":"LineString","coordinates":[[24.1531013,45.7896317],[24.1531434,45.7896419],[24.1531915,45.7896535],[24.1533834,45.7896999],[24.1552917,45.7901798],[24.156504,45.7904299],[24.1567011,45.7904614],[24.1568865,45.7904797],[24.1570786,45.7904897],[24.1572615,45.7904934],[24.1573928,45.7904915],[24.1575515,45.7904867],[24.1577465,45.7904819],[24.1578528,45.7904794]]}},{"type":"Feature","properties":{"osm_id":78344688,"name":"Strada Lungă","highway":"residential","name_ro":null,"source":"openstreetmap"},"geometry":{"type":"LineString","coordinates":[[24.1477775,45.8108496],[24.1470055,45.8097073],[24.1469677,45.8096292],[24.1469453,45.8095828]]}},{"type":"Feature","properties":{"osm_id":82117838,"name":"Bulevardul General Vasile Milea","highway":"primary","name_ro":null,"source":"openstreetmap"},"geometry":{"type":"LineString","coordinates":[[24.1640492,45.7832627],[24.1643779,45.7830972],[24.1645396,45.7830157],[24.1646373,45.7829665],[24.1650458,45.7827607],[24.1652073,45.7826794]]}},{"type":"Feature","properties":{"osm_id":82161518,"name":"Strada Târgul Fânului","highway":"primary","name_ro":null,"source":"openstreetmap"},"geometry":{"type":"LineString","coordinates":[[24.1517334,45.803812],[24.151796,45.8041439],[24.1518079,45.8042161],[24.1518407,45.804426],[24.1518562,45.8045011]]}},{"type":"Feature","properties":{"osm_id":83150470,"name":"Strada Plugarilor","highway":"tertiary","name_ro":null,"source":"openstreetmap"},"geometry":{"type":"LineString","coordinates":[[24.1529017,45.7752713],[24.1528097,45.7752673],[24.1516307,45.7753128],[24.1509874,45.7753377],[24.1496607,45.7753144],[24.14838,45.775292],[24.1483368,45.7752911],[24.148199,45.7752749]]}},{"type":"Feature","properties":{"osm_id":83175642,"name":"Piața Armelor","highway":"residential","name_ro":null,"source":"openstreetmap"},"geometry":{"type":"LineString","coordinates":[[24.1452926,45.7961068],[24.1454726,45.7958719],[24.145516,45.7958171],[24.1455565,45.7957852]]}},{"type":"Feature","properties":{"osm_id":85639885,"name":"Aleea Artileriștilor","highway":"service","name_ro":null,"source":"openstreetmap"},"geometry":{"type":"LineString","coordinates":[[24.1621442,45.7817873],[24.1625365,45.7819632],[24.1627676,45.7820719]]}},{"type":"Feature","properties":{"osm_id":85639886,"name":"Aleea Artileriștilor","highway":"pedestrian","name_ro":null,"source":"openstreetmap"},"geometry":{"type":"LineString","coordinates":[[24.1610561,45.7813093],[24.1610914,45.7813254],[24.1614294,45.7814737],[24.1616566,45.7815734],[24.1618271,45.7816482],[24.1621442,45.7817873]]}},{"type":"Feature","properties":{"osm_id":85639889,"name":"Strada Geniștilor","highway":"service","name_ro":null,"source":"openstreetmap"},"geometry":{"type":"LineString","coordinates":[[24.1612447,45.7811349],[24.1613281,45.7810709],[24.1614298,45.7809927]]}},{"type":"Feature","properties":{"osm_id":86581140,"name":"Strada Doamna Stanca","highway":"tertiary","name_ro":null,"source":"openstreetmap"},"geometry":{"type":"LineString","coordinates":[[24.1685205,45.7791763],[24.1687611,45.7792929]]}},{"type":"Feature","properties":{"osm_id":86586913,"name":"Strada Zidului","highway":"residential","name_ro":null,"source":"openstreetmap"},"geometry":{"type":"LineString","coordinates":[[24.1504504,45.8016765],[24.1489627,45.8011099],[24.1486013,45.8009721],[24.147592,45.8006901],[24.1475358,45.8006707]]}},{"type":"Feature","properties":{"osm_id":87437319,"name":"Centura Sibiului","highway":"motorway","name_ro":null,"source":"openstreetmap"},"geometry":{"type":"LineString","coordinates":[[24.1878872,45.8007232],[24.1884755,45.800418]]}},{"type":"Feature","properties":{"osm_id":87437320,"name":"Centura Sibiului","highway":"motorway","name_ro":null,"source":"openstreetmap"},"geometry":{"type":"LineString","coordinates":[[24.1854399,45.8019118],[24.186588,45.8013709],[24.1872296,45.8010631],[24.1878872,45.8007232]]}},{"type":"Feature","properties":{"osm_id":87437323,"name":"Centura Sibiului","highway":"motorway","name_ro":null,"source":"openstreetmap"},"geometry":{"type":"LineString","coordinates":[[24.1884755,45.800418],[24.1886814,45.8003095],[24.1891651,45.8000389],[24.1897573,45.7996964],[24.190222,45.7994081],[24.1906761,45.7991156],[24.191126,45.7988135],[24.1915526,45.7985098],[24.1921271,45.7980875],[24.1927414,45.7976024],[24.1929431,45.7974347],[24.1942287,45.7962861],[24.1947896,45.7957359],[24.1954786,45.7949833],[24.1960908,45.7942851],[24.1969425,45.7931212]]}},{"type":"Feature","properties":{"osm_id":87525325,"name":"Centura Sibiului","highway":"motorway","name_ro":null,"source":"openstreetmap"},"geometry":{"type":"LineString","coordinates":[[24.2068249,45.7592735],[24.2067042,45.7587186]]}},{"type":"Feature","properties":{"osm_id":87525329,"name":"Centura Sibiului","highway":"motorway","name_ro":null,"source":"openstreetmap"},"geometry":{"type":"LineString","coordinates":[[24.2067042,45.7587186],[24.206586,45.7582418],[24.2064194,45.7576396],[24.2062081,45.7570027],[24.2059566,45.7563602]]}},{"type":"Feature","properties":{"osm_id":87525333,"name":"Centura Sibiului","highway":"motorway","name_ro":null,"source":"openstreetmap"},"geometry":{"type":"LineString","coordinates":[[24.20524,45.7704015],[24.2053033,45.7702101],[24.2055365,45.769507],[24.2057798,45.7687645],[24.2061152,45.7677615],[24.2064387,45.7667307],[24.2067084,45.7657576],[24.2068465,45.7651205],[24.20696,45.7644234]]}},{"type":"Feature","properties":{"osm_id":87525334,"name":"Centura Sibiului","highway":"motorway","name_ro":null,"source":"openstreetmap"},"geometry":{"type":"LineString","coordinates":[[24.20696,45.7644234],[24.2070468,45.7634984],[24.2070859,45.7629017],[24.2071119,45.7622316],[24.2070867,45.7613604]]}},{"type":"Feature","properties":{"osm_id":87525336,"name":"Centura Sibiului","highway":"motorway","name_ro":null,"source":"openstreetmap"},"geometry":{"type":"LineString","coordinates":[[24.1982442,45.7909815],[24.1983891,45.7906796],[24.1986764,45.7900638],[24.1989207,45.7894396],[24.199001,45.7892093]]}},{"type":"Feature","properties":{"osm_id":87525337,"name":"Centura Sibiului","highway":"motorway","name_ro":null,"source":"openstreetmap"},"geometry":{"type":"LineString","coordinates":[[24.1983869,45.7910101],[24.1981899,45.7913979],[24.1979749,45.7917987],[24.1977429,45.7922021],[24.1972189,45.7929521]]}},{"type":"Feature","properties":{"osm_id":87525339,"name":"Centura Sibiului","highway":"motorway","name_ro":null,"source":"openstreetmap"},"geometry":{"type":"LineString","coordinates":[[24.2032219,45.7516693],[24.2019544,45.7500232]]}},{"type":"Feature","properties":{"osm_id":87525343,"name":"Centura Sibiului","highway":"motorway","name_ro":null,"source":"openstreetmap"},"geometry":{"type":"LineString","coordinates":[[24.2059566,45.7563602],[24.2058632,45.7561388]]}},{"type":"Feature","properties":{"osm_id":87525345,"name":"Centura Sibiului","highway":"motorway","name_ro":null,"source":"openstreetmap"},"geometry":{"type":"LineString","coordinates":[[24.2070867,45.7613604],[24.2069848,45.7602589],[24.2069075,45.7597288],[24.2068249,45.7592735]]}},{"type":"Feature","properties":{"osm_id":87528118,"name":"Centura Sibiului","highway":"motorway","name_ro":null,"source":"openstreetmap"},"geometry":{"type":"LineString","coordinates":[[24.1519363,45.8232122],[24.1521938,45.8231427],[24.1524896,45.8230601],[24.1528939,45.8229453],[24.1533144,45.8228184],[24.1537337,45.8226867],[24.1541625,45.8225561],[24.1545593,45.8224305]]}},{"type":"Feature","properties":{"osm_id":87528120,"name":"Centura Sibiului","highway":"motorway","name_ro":null,"source":"openstreetmap"},"geometry":{"type":"LineString","coordinates":[[24.1551084,45.82223],[24.1551566,45.8222123],[24.1556564,45.8220294],[24.1561795,45.8218212],[24.1568331,45.8215455],[24.1573514,45.8213209],[24.1579846,45.8210325],[24.1584967,45.8207858],[24.1591012,45.8204733],[24.1595916,45.8202128],[24.1600781,45.8199523],[24.1605448,45.819683],[24.1610046,45.8194079],[24.1614756,45.8191164],[24.1621298,45.8186763],[24.1625632,45.818378],[24.1628951,45.8181453],[24.1635428,45.8176522],[24.1636492,45.8175758],[24.1640242,45.8172739],[24.1644045,45.8169557],[24.1647958,45.8166192],[24.1652861,45.8162197],[24.1656791,45.8158883],[24.1661671,45.815471],[24.1665524,45.8151381],[24.1669476,45.8148061],[24.1674259,45.8143965],[24.1678098,45.8140647],[24.1680959,45.8138248],[24.1684031,45.8135672],[24.1687893,45.8132418],[24.1692704,45.812822],[24.1697492,45.8124113],[24.1701344,45.8120891],[24.1706338,45.8116647],[24.1711187,45.8112583],[24.171602,45.8108497],[24.1719993,45.810516],[24.1724925,45.8101151],[24.1728898,45.8097889],[24.1731265,45.8095885]]}},{"type":"Feature","properties":{"osm_id":87528129,"name":"Centura Sibiului","highway":"motorway","name_ro":null,"source":"openstreetmap"},"geometry":{"type":"LineString","coordinates":[[24.1422303,45.8245421],[24.142712,45.8245135]]}},{"type":"Feature","properties":{"osm_id":87528130,"name":"Centura Sibiului","highway":"motorway","name_ro":null,"source":"openstreetmap"},"geometry":{"type":"LineString","coordinates":[[24.1510717,45.8234283],[24.1519363,45.8232122]]}},{"type":"Feature","properties":{"osm_id":87528134,"name":"Centura Sibiului","highway":"motorway","name_ro":null,"source":"openstreetmap"},"geometry":{"type":"LineString","coordinates":[[24.1546057,45.822528],[24.1543812,45.8226018],[24.1540845,45.8226943],[24.1536794,45.8228203],[24.1532619,45.8229496],[24.1528378,45.8230762],[24.1524129,45.8231941],[24.1519958,45.8233077]]}},{"type":"Feature","properties":{"osm_id":87528135,"name":"Centura Sibiului","highway":"motorway","name_ro":null,"source":"openstreetmap"},"geometry":{"type":"LineString","coordinates":[[24.142712,45.8245135],[24.1430978,45.8244942],[24.1435469,45.8244681],[24.1441467,45.8244321],[24.1449034,45.8243786],[24.145218,45.8243531],[24.1455213,45.8243255],[24.1458304,45.8242968],[24.1461413,45.824265],[24.146445,45.8242318],[24.1466647,45.8242056],[24.1468843,45.8241795],[24.1471923,45.8241385],[24.1477819,45.8240506],[24.1482388,45.8239766],[24.1488247,45.8238795],[24.1494261,45.8237724],[24.1500142,45.8236592],[24.1504677,45.8235611],[24.1510717,45.8234283]]}},{"type":"Feature","properties":{"osm_id":87528136,"name":"Centura Sibiului","highway":"motorway","name_ro":null,"source":"openstreetmap"},"geometry":{"type":"LineString","coordinates":[[24.1545593,45.8224305],[24.1551084,45.82223]]}},{"type":"Feature","properties":{"osm_id":87528139,"name":"Centura Sibiului","highway":"motorway","name_ro":null,"source":"openstreetmap"},"geometry":{"type":"LineString","coordinates":[[24.155165,45.8223296],[24.1546057,45.822528]]}},{"type":"Feature","properties":{"osm_id":87528145,"name":"Centura Sibiului","highway":"motorway","name_ro":null,"source":"openstreetmap"},"geometry":{"type":"LineString","coordinates":[[24.1731265,45.8095885],[24.1737543,45.8090431],[24.1743416,45.8085573],[24.1749008,45.8080872]]}},{"type":"Feature","properties":{"osm_id":87528149,"name":"Centura Sibiului","highway":"motorway","name_ro":null,"source":"openstreetmap"},"geometry":{"type":"LineString","coordinates":[[24.1750018,45.8081634],[24.1744981,45.808586],[24.1740159,45.8089907],[24.1732429,45.8096524]]}},{"type":"Feature","properties":{"osm_id":87528154,"name":"Centura Sibiului","highway":"motorway","name_ro":null,"source":"openstreetmap"},"geometry":{"type":"LineString","coordinates":[[24.1792286,45.8049567],[24.1800392,45.8045019],[24.180925,45.8040448],[24.1823988,45.8033288]]}},{"type":"Feature","properties":{"osm_id":87528155,"name":"Centura Sibiului","highway":"motorway","name_ro":null,"source":"openstreetmap"},"geometry":{"type":"LineString","coordinates":[[24.1823988,45.8033288],[24.183111,45.8029943]]}},{"type":"Feature","properties":{"osm_id":87528159,"name":"Centura Sibiului","highway":"motorway","name_ro":null,"source":"openstreetmap"},"geometry":{"type":"LineString","coordinates":[[24.1732429,45.8096524],[24.1728668,45.8099666],[24.172464,45.8102974],[24.1720676,45.8106192],[24.1717726,45.8108659],[24.1704673,45.8119841],[24.1679993,45.8140722],[24.1675199,45.8144837],[24.1670253,45.8149037],[24.1666414,45.8152246],[24.1662642,45.8155514],[24.1656823,45.8160488],[24.1653042,45.8163666],[24.1647973,45.8167849],[24.1644168,45.8171137],[24.1641182,45.8173599],[24.1638252,45.8175953],[24.1636171,45.8177584],[24.1633203,45.8179847],[24.1628808,45.8183063],[24.16271,45.8184291],[24.1624587,45.8186034],[24.1622754,45.8187333],[24.1613328,45.8193464],[24.1607639,45.8196956],[24.1604092,45.8199033],[24.1601755,45.8200329],[24.1598166,45.8202275],[24.1594486,45.8204238],[24.159084,45.8206189],[24.1585894,45.8208665],[24.1580854,45.8211108],[24.1575664,45.8213505],[24.157178,45.8215216],[24.1566657,45.8217419],[24.1561395,45.8219609],[24.1556134,45.8221647],[24.155165,45.8223296]]}},{"type":"Feature","properties":{"osm_id":87553705,"name":"Calea Șurii Mari","highway":"primary","name_ro":null,"source":"openstreetmap"},"geometry":{"type":"LineString","coordinates":[[24.1511277,45.8212035],[24.1509249,45.8208193],[24.1508648,45.8206915],[24.1507898,45.8205102],[24.1507367,45.8203601],[24.1506625,45.8201506],[24.1506057,45.8199903],[24.1505655,45.8198882]]}},{"type":"Feature","properties":{"osm_id":87605276,"name":"Centura Sibiului","highway":"motorway","name_ro":null,"source":"openstreetmap"},"geometry":{"type":"LineString","coordinates":[[24.1072098,45.8264881],[24.1119157,45.8262348]]}},{"type":"Feature","properties":{"osm_id":87605277,"name":"Centura Sibiului","highway":"motorway","name_ro":null,"source":"openstreetmap"},"geometry":{"type":"LineString","coordinates":[[24.1118982,45.8263547],[24.1072305,45.8265846]]}},{"type":"Feature","properties":{"osm_id":87605278,"name":"Centura Sibiului","highway":"motorway","name_ro":null,"source":"openstreetmap"},"geometry":{"type":"LineString","coordinates":[[24.1119157,45.8262348],[24.1374451,45.8248079],[24.1388228,45.8247315],[24.140194,45.8246547],[24.141104,45.824606],[24.1418746,45.8245622],[24.1422303,45.8245421]]}},{"type":"Feature","properties":{"osm_id":87754065,"name":"Strada Ștefan cel Mare","highway":"primary","name_ro":null,"source":"openstreetmap"},"geometry":{"type":"LineString","coordinates":[[24.178038,45.789334],[24.1779373,45.7892876]]}},{"type":"Feature","properties":{"osm_id":88327230,"name":"Strada Mihai Viteazul","highway":"secondary","name_ro":null,"source":"openstreetmap"},"geometry":{"type":"LineString","coordinates":[[24.1816204,45.7716909],[24.1817854,45.7716109],[24.1820326,45.7715018],[24.1823041,45.7713871],[24.1831359,45.7710707],[24.1834038,45.7709777],[24.1855582,45.7701809],[24.1870786,45.7696372],[24.1871922,45.769599],[24.1879274,45.7693703],[24.1887143,45.7691426],[24.1896153,45.768882],[24.1910994,45.7685027],[24.1911686,45.7684881],[24.1912439,45.7684762],[24.1914126,45.7684495],[24.1920443,45.7683549],[24.1925147,45.76828],[24.1926222,45.7682597],[24.1927898,45.768228],[24.1930206,45.7681735],[24.1932699,45.7681116],[24.1941075,45.7678878],[24.1942426,45.7678516],[24.1952007,45.7676171],[24.1954423,45.7675556],[24.1956227,45.7675132],[24.1957006,45.7674931],[24.1957745,45.7674588]]}},{"type":"Feature","properties":{"osm_id":88375441,"name":"Strada Tudor Arghezi","highway":"residential","name_ro":null,"source":"openstreetmap"},"geometry":{"type":"LineString","coordinates":[[24.1395656,45.7916404],[24.1395204,45.7916339],[24.1394858,45.7916313],[24.1394498,45.7916306],[24.1394132,45.7916322],[24.1393512,45.7916422]]}},{"type":"Feature","properties":{"osm_id":88376370,"name":"Strada Tudor Arghezi","highway":"secondary","name_ro":null,"source":"openstreetmap"},"geometry":{"type":"LineString","coordinates":[[24.1393512,45.7916422],[24.1393092,45.7916003],[24.13924,45.7915555],[24.1391782,45.7915224],[24.1391037,45.7914892],[24.13898,45.7914393],[24.1388094,45.791372]]}},{"type":"Feature","properties":{"osm_id":88691657,"name":"Șoseaua Alba Iulia","highway":"primary","name_ro":null,"source":"openstreetmap"},"geometry":{"type":"LineString","coordinates":[[24.1286179,45.7930466],[24.1293256,45.793179]]}},{"type":"Feature","properties":{"osm_id":88691660,"name":"Șoseaua Alba Iulia","highway":"primary","name_ro":null,"source":"openstreetmap"},"geometry":{"type":"LineString","coordinates":[[24.1231442,45.7936014],[24.1227966,45.7936478],[24.1226245,45.7936592],[24.1217071,45.7936846],[24.1215868,45.7936883],[24.1214436,45.7936926]]}},{"type":"Feature","properties":{"osm_id":88810340,"name":"Calea Rășinari","highway":"secondary","name_ro":null,"source":"openstreetmap"},"geometry":{"type":"LineString","coordinates":[[24.1176979,45.7558053],[24.1203156,45.7580269],[24.1204094,45.7581001],[24.1205062,45.7581622],[24.1206184,45.7582218],[24.1207404,45.7582743],[24.1238094,45.7593256]]}},{"type":"Feature","properties":{"osm_id":90026400,"name":"Strada Șutașului","highway":"residential","name_ro":null,"source":"openstreetmap"},"geometry":{"type":"LineString","coordinates":[[24.1450153,45.7850973],[24.1449525,45.7851386],[24.1441376,45.7856674]]}},{"type":"Feature","properties":{"osm_id":90974035,"name":"Strada Negoi","highway":"residential","name_ro":null,"source":"openstreetmap"},"geometry":{"type":"LineString","coordinates":[[24.1630016,45.7872731],[24.1639236,45.7871257],[24.1643741,45.7870567],[24.1654395,45.7868936],[24.165661,45.7868618],[24.1657746,45.7868469],[24.1658872,45.7868392],[24.1663287,45.7868203],[24.1664408,45.7868162]]}},{"type":"Feature","properties":{"osm_id":93847628,"name":"Aleea Seviș","highway":"service","name_ro":null,"source":"openstreetmap"},"geometry":{"type":"LineString","coordinates":[[24.1537577,45.7736893],[24.1537701,45.7735101],[24.1537761,45.7734232],[24.1537094,45.7732602],[24.1535025,45.7731438],[24.1533258,45.7730444]]}},{"type":"Feature","properties":{"osm_id":96038261,"name":"Aleea Crăițelor","highway":"residential","name_ro":null,"source":"openstreetmap"},"geometry":{"type":"LineString","coordinates":[[24.1480497,45.8063276],[24.1478709,45.8062571],[24.1476235,45.8061597],[24.1472077,45.8059906]]}},{"type":"Feature","properties":{"osm_id":98993498,"name":"Strada Pinului","highway":"residential","name_ro":"Strada Pinului","source":"openstreetmap"},"geometry":{"type":"LineString","coordinates":[[24.1968092,45.7491171],[24.1956376,45.7500736]]}},{"type":"Feature","properties":{"osm_id":98993499,"name":"Strada 1 Decembrie","highway":"residential","name_ro":null,"source":"openstreetmap"},"geometry":{"type":"LineString","coordinates":[[24.2050044,45.7631859],[24.2048845,45.7630426],[24.2048308,45.7629575],[24.2047979,45.762881],[24.2044625,45.7619846],[24.2043405,45.7618883],[24.204256,45.7618574],[24.2041367,45.761863],[24.2040495,45.7619079],[24.2039932,45.7619931],[24.2039993,45.7620921],[24.2040843,45.7622541],[24.2041442,45.7624391],[24.2041978,45.7626281],[24.2042327,45.7627956],[24.204264,45.762995],[24.2042729,45.7631352],[24.204252,45.7632626]]}},{"type":"Feature","properties":{"osm_id":99165304,"name":"Strada Triajului","highway":"residential","name_ro":null,"source":"openstreetmap"},"geometry":{"type":"LineString","coordinates":[[24.1865393,45.7747865],[24.1865586,45.7748585],[24.1866598,45.7752189],[24.1867458,45.7755556],[24.1867997,45.7757565],[24.1868087,45.7757901],[24.1868853,45.7760752],[24.1869074,45.7761576],[24.1870017,45.7765089]]}},{"type":"Feature","properties":{"osm_id":99165347,"name":"Strada Gheorghe Pătrașcu","highway":"residential","name_ro":null,"source":"openstreetmap"},"geometry":{"type":"LineString","coordinates":[[24.1800836,45.7741286],[24.1833224,45.7737606]]}},{"type":"Feature","properties":{"osm_id":99165350,"name":"Strada Mihai Viteazul","highway":"residential","name_ro":null,"source":"openstreetmap"},"geometry":{"type":"LineString","coordinates":[[24.1970022,45.7626501],[24.1949321,45.7624784]]}},{"type":"Feature","properties":{"osm_id":99165357,"name":"Strada Carmen Sylva","highway":"residential","name_ro":null,"source":"openstreetmap"},"geometry":{"type":"LineString","coordinates":[[24.186331,45.7738928],[24.1834576,45.7742004]]}},{"type":"Feature","properties":{"osm_id":99165361,"name":"Strada Tudor Vladimirescu","highway":"residential","name_ro":null,"source":"openstreetmap"},"geometry":{"type":"LineString","coordinates":[[24.1973742,45.7614659],[24.2013579,45.76209],[24.201561,45.7621356],[24.2016578,45.7621678],[24.2017213,45.7622205]]}},{"type":"Feature","properties":{"osm_id":99165362,"name":"Strada Liviu Rebreanu","highway":"residential","name_ro":null,"source":"openstreetmap"},"geometry":{"type":"LineString","coordinates":[[24.1709348,45.7814893],[24.1713898,45.7816804],[24.1718423,45.7818663]]}},{"type":"Feature","properties":{"osm_id":99165394,"name":"Strada Ion Creangă","highway":"residential","name_ro":null,"source":"openstreetmap"},"geometry":{"type":"LineString","coordinates":[[24.1801092,45.7742571],[24.1773487,45.7758991]]}},{"type":"Feature","properties":{"osm_id":99165409,"name":"Aleea Mirăslău","highway":"residential","name_ro":null,"source":"openstreetmap"},"geometry":{"type":"LineString","coordinates":[[24.1748612,45.7754696],[24.1748967,45.7755281],[24.174897,45.7755499],[24.1748847,45.7755749],[24.1748632,45.7755963],[24.1747941,45.7756501],[24.1747787,45.7756651],[24.1747715,45.7756842],[24.174776,45.7757053],[24.1755478,45.7766893]]}},{"type":"Feature","properties":{"osm_id":99165410,"name":"Strada Avram Iancu","highway":"residential","name_ro":null,"source":"openstreetmap"},"geometry":{"type":"LineString","coordinates":[[24.1984607,45.764483],[24.1965385,45.7642116],[24.1964861,45.7642042]]}},{"type":"Feature","properties":{"osm_id":99165421,"name":"Strada Cloșca","highway":"residential","name_ro":null,"source":"openstreetmap"},"geometry":{"type":"LineString","coordinates":[[24.1978188,45.7600271],[24.2026304,45.7607824]]}},{"type":"Feature","properties":{"osm_id":99165433,"name":"Strada Elena Văcărescu","highway":"residential","name_ro":null,"source":"openstreetmap"},"geometry":{"type":"LineString","coordinates":[[24.1862591,45.7735224],[24.1833475,45.7737686],[24.1833224,45.7737606]]}},{"type":"Feature","properties":{"osm_id":99165444,"name":"Strada Nouă","highway":"residential","name_ro":null,"source":"openstreetmap"},"geometry":{"type":"LineString","coordinates":[[24.1859718,45.7721454],[24.1844338,45.7722939],[24.1830249,45.77243]]}},{"type":"Feature","properties":{"osm_id":99165459,"name":"Strada Lalelelor","highway":"residential","name_ro":"Strada Lalelelor","source":"openstreetmap"},"geometry":{"type":"LineString","coordinates":[[24.1803321,45.7707406],[24.1815282,45.7716229],[24.1816204,45.7716909]]}},{"type":"Feature","properties":{"osm_id":99165464,"name":"Strada Cimitirului","highway":"residential","name_ro":null,"source":"openstreetmap"},"geometry":{"type":"LineString","coordinates":[[24.1875346,45.7713645],[24.1867966,45.7712578]]}},{"type":"Feature","properties":{"osm_id":99165465,"name":"Strada Călugăreni","highway":"residential","name_ro":null,"source":"openstreetmap"},"geometry":{"type":"LineString","coordinates":[[24.1974384,45.7612524],[24.1944051,45.7609534]]}},{"type":"Feature","properties":{"osm_id":99165475,"name":"Strada Petru Aron","highway":"residential","name_ro":null,"source":"openstreetmap"},"geometry":{"type":"LineString","coordinates":[[24.1969748,45.7627354],[24.197021,45.7627422],[24.2008967,45.7633087]]}},{"type":"Feature","properties":{"osm_id":99165479,"name":"Strada Trandafirului","highway":"residential","name_ro":null,"source":"openstreetmap"},"geometry":{"type":"LineString","coordinates":[[24.1852038,45.7680471],[24.185882,45.7691205]]}},{"type":"Feature","properties":{"osm_id":99165492,"name":"Strada Crișan","highway":"residential","name_ro":null,"source":"openstreetmap"},"geometry":{"type":"LineString","coordinates":[[24.1975694,45.7608451],[24.2008535,45.7613362],[24.2017154,45.7614758],[24.2020287,45.7615265],[24.2022257,45.7615325]]}},{"type":"Feature","properties":{"osm_id":99165496,"name":"Strada Podului","highway":"residential","name_ro":null,"source":"openstreetmap"},"geometry":{"type":"LineString","coordinates":[[24.2021612,45.7651394],[24.2015376,45.7644068]]}},{"type":"Feature","properties":{"osm_id":99165508,"name":"Strada Vasile Pârvan","highway":"residential","name_ro":null,"source":"openstreetmap"},"geometry":{"type":"LineString","coordinates":[[24.1841375,45.7768513],[24.1870017,45.7765089]]}},{"type":"Feature","properties":{"osm_id":99165510,"name":"Strada Podului","highway":"residential","name_ro":null,"source":"openstreetmap"},"geometry":{"type":"LineString","coordinates":[[24.1959183,45.7659573],[24.195659,45.7659794],[24.195391,45.766013],[24.1951427,45.7660532],[24.1949206,45.7660979],[24.194743,45.7661374],[24.1945459,45.7661936],[24.1939598,45.7663835],[24.1937704,45.7664544],[24.1932573,45.7666533],[24.19295,45.7667502],[24.1925081,45.7668828],[24.1922568,45.7669584],[24.192127,45.7669947],[24.1920268,45.7670227],[24.191782,45.7670894],[24.1911247,45.7672666],[24.1903649,45.7675092]]}},{"type":"Feature","properties":{"osm_id":99165520,"name":"Strada Crinului","highway":"residential","name_ro":null,"source":"openstreetmap"},"geometry":{"type":"LineString","coordinates":[[24.1835096,45.7702477],[24.1829775,45.7698626],[24.1824789,45.7694883],[24.1824512,45.7694526],[24.1824108,45.7693909],[24.1823724,45.7693361],[24.1821842,45.7691847]]}},{"type":"Feature","properties":{"osm_id":99165534,"name":"Aleea Libertății","highway":"residential","name_ro":null,"source":"openstreetmap"},"geometry":{"type":"LineString","coordinates":[[24.1879251,45.773848],[24.1877979,45.7731476],[24.1877932,45.7731214]]}},{"type":"Feature","properties":{"osm_id":99165551,"name":"Strada Simion Bărnuțiu","highway":"residential","name_ro":null,"source":"openstreetmap"},"geometry":{"type":"LineString","coordinates":[[24.196725,45.7635027],[24.1967866,45.7635119],[24.200366,45.7640444]]}},{"type":"Feature","properties":{"osm_id":99165553,"name":"Strada Mihai Eminescu","highway":"residential","name_ro":null,"source":"openstreetmap"},"geometry":{"type":"LineString","coordinates":[[24.1731271,45.7787604],[24.1731989,45.7786677],[24.1732976,45.7785531],[24.173406,45.7784347],[24.1735332,45.7783192],[24.1736242,45.7781868],[24.1737198,45.7780452],[24.1738162,45.7779541],[24.1739723,45.7778641],[24.1741598,45.7777416],[24.1743305,45.7775913],[24.1744479,45.7775029],[24.1747724,45.7773267]]}},{"type":"Feature","properties":{"osm_id":99165575,"name":"Strada Ion Neculce","highway":"residential","name_ro":null,"source":"openstreetmap"},"geometry":{"type":"LineString","coordinates":[[24.1803909,45.7756254],[24.1836194,45.7752401]]}},{"type":"Feature","properties":{"osm_id":99165579,"name":"Strada Nicolae Grigorescu","highway":"residential","name_ro":null,"source":"openstreetmap"},"geometry":{"type":"LineString","coordinates":[[24.1804745,45.7759973],[24.179556,45.7766349],[24.1792625,45.7768393],[24.1783746,45.7774577]]}},{"type":"Feature","properties":{"osm_id":99165589,"name":"Strada Pictor Ștefan Luchian","highway":"residential","name_ro":null,"source":"openstreetmap"},"geometry":{"type":"LineString","coordinates":[[24.1802231,45.7748336],[24.1834713,45.7744448]]}},{"type":"Feature","properties":{"osm_id":99165597,"name":"Strada Triajului","highway":"tertiary","name_ro":null,"source":"openstreetmap"},"geometry":{"type":"LineString","coordinates":[[24.1861426,45.772951],[24.1861488,45.7729814],[24.1862591,45.7735224],[24.1863135,45.7737973],[24.186331,45.7738928],[24.1864548,45.7744164],[24.1865393,45.7747865]]}},{"type":"Feature","properties":{"osm_id":99165628,"name":"Strada Gării","highway":"residential","name_ro":null,"source":"openstreetmap"},"geometry":{"type":"LineString","coordinates":[[24.1967828,45.7681988],[24.1969732,45.7682362],[24.1970724,45.768268],[24.1971422,45.768298],[24.1972307,45.7683578],[24.1973675,45.768457],[24.1974882,45.7685487],[24.1975686,45.7686198],[24.1976759,45.7687283],[24.1977752,45.7687825],[24.1978428,45.7687962],[24.1979415,45.7688162],[24.1980648,45.7688574],[24.198207,45.7689491],[24.1982955,45.7690145],[24.1983734,45.7690609],[24.1984914,45.7690965],[24.1986202,45.7691021]]}},{"type":"Feature","properties":{"osm_id":99165632,"name":"Strada Crinului","highway":"residential","name_ro":null,"source":"openstreetmap"},"geometry":{"type":"LineString","coordinates":[[24.1831359,45.7710707],[24.183176,45.7709739],[24.1831893,45.7709418],[24.1835096,45.7702477]]}},{"type":"Feature","properties":{"osm_id":99165655,"name":"Strada Gheorghe Tătărescu","highway":"residential","name_ro":null,"source":"openstreetmap"},"geometry":{"type":"LineString","coordinates":[[24.1810725,45.7785254],[24.1842802,45.77818]]}},{"type":"Feature","properties":{"osm_id":99165676,"name":"Strada Junimii","highway":"residential","name_ro":null,"source":"openstreetmap"},"geometry":{"type":"LineString","coordinates":[[24.1896984,45.7733643],[24.1897039,45.7733403],[24.189948,45.7722765],[24.1900574,45.7717964]]}},{"type":"Feature","properties":{"osm_id":99165683,"name":"Strada Teilor","highway":"residential","name_ro":null,"source":"openstreetmap"},"geometry":{"type":"LineString","coordinates":[[24.1823041,45.7713871],[24.1822285,45.7713326],[24.1821713,45.7712913],[24.1816131,45.7708885],[24.1808896,45.7703915]]}},{"type":"Feature","properties":{"osm_id":99165731,"name":"Strada Bujorului","highway":"residential","name_ro":null,"source":"openstreetmap"},"geometry":{"type":"LineString","coordinates":[[24.1838798,45.7683378],[24.1842187,45.7686185],[24.1844167,45.7688102],[24.1849015,45.7695172]]}},{"type":"Feature","properties":{"osm_id":99165733,"name":"Intrarea Trifoiului","highway":"residential","name_ro":null,"source":"openstreetmap"},"geometry":{"type":"LineString","coordinates":[[24.1879766,45.7699321],[24.1885517,45.7709148]]}},{"type":"Feature","properties":{"osm_id":99165754,"name":"Strada Cimitirului","highway":"residential","name_ro":null,"source":"openstreetmap"},"geometry":{"type":"LineString","coordinates":[[24.1873817,45.7730812],[24.1873903,45.7730413],[24.1875123,45.7724725],[24.1875651,45.7722104],[24.1876374,45.771852],[24.1876773,45.7716321],[24.1876697,45.7715696],[24.1876392,45.7715006],[24.1875626,45.7714016],[24.1875346,45.7713645],[24.1875198,45.7713365],[24.1875115,45.7712992],[24.1874192,45.7700294],[24.187205,45.7696232],[24.1871922,45.769599]]}},{"type":"Feature","properties":{"osm_id":99165783,"name":"Strada Petre Alexandrescu","highway":"residential","name_ro":null,"source":"openstreetmap"},"geometry":{"type":"LineString","coordinates":[[24.1806512,45.7767538],[24.1838553,45.7763611]]}},{"type":"Feature","properties":{"osm_id":99165790,"name":"Strada Podului","highway":"residential","name_ro":null,"source":"openstreetmap"},"geometry":{"type":"LineString","coordinates":[[24.187521,45.7683396],[24.1875852,45.7682995],[24.1879739,45.7682017],[24.1885544,45.7680648],[24.1886481,45.768031],[24.1887296,45.7679901],[24.1889039,45.7678588],[24.1889931,45.7678075],[24.1890829,45.7677745],[24.1891868,45.7677516],[24.1894182,45.7677254],[24.1895449,45.7677073],[24.1896897,45.7676801],[24.1899995,45.7676103],[24.1903649,45.7675092]]}},{"type":"Feature","properties":{"osm_id":99165820,"name":"Strada Trifoiului","highway":"residential","name_ro":null,"source":"openstreetmap"},"geometry":{"type":"LineString","coordinates":[[24.1874192,45.7700294],[24.1876682,45.7699659],[24.1877639,45.7699515],[24.1879766,45.7699321],[24.1881802,45.7699155],[24.1884977,45.7698919],[24.1888407,45.7698919],[24.1891298,45.7699033],[24.1894001,45.7699215],[24.1900015,45.7699293],[24.1904931,45.7699234],[24.190945,45.7699057],[24.1916786,45.7698598],[24.191857,45.7698439],[24.1923526,45.7697934],[24.1928231,45.7697177],[24.1929029,45.7697051],[24.1933382,45.769616],[24.1938705,45.7695521],[24.1942135,45.7695177],[24.1948753,45.7694512],[24.1953064,45.7694133]]}},{"type":"Feature","properties":{"osm_id":99165832,"name":"Intrarea Trifoiului","highway":"residential","name_ro":null,"source":"openstreetmap"},"geometry":{"type":"LineString","coordinates":[[24.1881802,45.7699155],[24.1889712,45.771306]]}},{"type":"Feature","properties":{"osm_id":99165859,"name":"Strada Stadionului","highway":"residential","name_ro":null,"source":"openstreetmap"},"geometry":{"type":"LineString","coordinates":[[24.1903649,45.7675092],[24.1903302,45.7674485]]}},{"type":"Feature","properties":{"osm_id":99165868,"name":"Strada Bisericii Vechi","highway":"residential","name_ro":null,"source":"openstreetmap"},"geometry":{"type":"LineString","coordinates":[[24.1961702,45.7651685],[24.1958189,45.7651623],[24.1957007,45.765167],[24.1952974,45.7651717],[24.1952299,45.7651794],[24.1951841,45.7651955],[24.1951118,45.7652384],[24.1950036,45.7652894],[24.1949397,45.7653082],[24.1947693,45.7653341],[24.1946884,45.7653472],[24.1945451,45.765383],[24.1939713,45.7655966],[24.1939391,45.765622],[24.1939352,45.7656582],[24.1939658,45.7657166],[24.1940873,45.7658596]]}},{"type":"Feature","properties":{"osm_id":99165876,"name":"Strada Camil Ressu","highway":"residential","name_ro":null,"source":"openstreetmap"},"geometry":{"type":"LineString","coordinates":[[24.1802047,45.7747475],[24.1776262,45.7762988]]}},{"type":"Feature","properties":{"osm_id":99165894,"name":"Strada Gării","highway":"residential","name_ro":null,"source":"openstreetmap"},"geometry":{"type":"LineString","coordinates":[[24.1978428,45.7687962],[24.1976639,45.7688404],[24.1966948,45.7691503]]}},{"type":"Feature","properties":{"osm_id":99165906,"name":"Strada Garoafei","highway":"residential","name_ro":null,"source":"openstreetmap"},"geometry":{"type":"LineString","coordinates":[[24.1797845,45.7726877],[24.1797168,45.7726372],[24.1785657,45.7717812]]}},{"type":"Feature","properties":{"osm_id":99165909,"name":"Strada Constantin Brâncuși","highway":"residential","name_ro":null,"source":"openstreetmap"},"geometry":{"type":"LineString","coordinates":[[24.1805936,45.7765109],[24.1867997,45.7757565]]}},{"type":"Feature","properties":{"osm_id":99165914,"name":"Strada Nouă","highway":"residential","name_ro":null,"source":"openstreetmap"},"geometry":{"type":"LineString","coordinates":[[24.17988,45.7731159],[24.1799581,45.7730938],[24.18158,45.7726348],[24.1817297,45.7726019],[24.1821871,45.7725101],[24.1823441,45.7724886],[24.1830249,45.77243]]}},{"type":"Feature","properties":{"osm_id":99165987,"name":"Strada Ion Țuculescu","highway":"residential","name_ro":null,"source":"openstreetmap"},"geometry":{"type":"LineString","coordinates":[[24.1813293,45.7796553],[24.1785873,45.7804731]]}},{"type":"Feature","properties":{"osm_id":99165992,"name":"Strada Ion Andreescu","highway":"residential","name_ro":null,"source":"openstreetmap"},"geometry":{"type":"LineString","coordinates":[[24.1808276,45.7774504],[24.1828286,45.7772207]]}},{"type":"Feature","properties":{"osm_id":99166000,"name":"Strada Octavian Goga","highway":"tertiary","name_ro":null,"source":"openstreetmap"},"geometry":{"type":"LineString","coordinates":[[24.1697102,45.7797266],[24.1697671,45.7797515],[24.1698142,45.7797722],[24.1699844,45.779847],[24.1703047,45.7799845],[24.1707116,45.7801452],[24.1707488,45.7801604],[24.1714093,45.7804307],[24.1717212,45.7805671],[24.1721696,45.7807571],[24.1723538,45.7808327],[24.1727785,45.7810107],[24.1731648,45.7811577]]}},{"type":"Feature","properties":{"osm_id":99166004,"name":"Strada Nicolae Grigorescu","highway":"residential","name_ro":null,"source":"openstreetmap"},"geometry":{"type":"LineString","coordinates":[[24.179556,45.7766349],[24.1798036,45.7773254]]}},{"type":"Feature","properties":{"osm_id":99166063,"name":"Strada Dealului","highway":"residential","name_ro":null,"source":"openstreetmap"},"geometry":{"type":"LineString","coordinates":[[24.1964861,45.7642042],[24.1955712,45.7641896],[24.1955162,45.7641864],[24.1954807,45.7641812],[24.1954505,45.7641653],[24.1954391,45.7641363],[24.1954377,45.7637434],[24.1954516,45.7631431]]}},{"type":"Feature","properties":{"osm_id":99166071,"name":"Strada Gheorghe Țițeica","highway":"residential","name_ro":null,"source":"openstreetmap"},"geometry":{"type":"LineString","coordinates":[[24.1809479,45.7779886],[24.1800594,45.7784746],[24.1797696,45.7786519],[24.1795567,45.7788193],[24.1794562,45.7789754],[24.1793962,45.7791321],[24.1793641,45.7792376],[24.1793675,45.7792724],[24.1793945,45.7793001],[24.179435,45.7793136],[24.1794866,45.7793071],[24.1808358,45.7787345],[24.1810945,45.7786252]]}},{"type":"Feature","properties":{"osm_id":99166090,"name":"Strada Mihail Kogălniceanu","highway":"residential","name_ro":null,"source":"openstreetmap"},"geometry":{"type":"LineString","coordinates":[[24.197165,45.7621426],[24.1948919,45.7619638],[24.1947766,45.761918],[24.1940672,45.7618488]]}},{"type":"Feature","properties":{"osm_id":99166105,"name":"Strada Sabin Bălașa","highway":"residential","name_ro":null,"source":"openstreetmap"},"geometry":{"type":"LineString","coordinates":[[24.1815151,45.7805476],[24.1784213,45.7814423]]}},{"type":"Feature","properties":{"osm_id":99166121,"name":"Strada Horia Bernea","highway":"residential","name_ro":null,"source":"openstreetmap"},"geometry":{"type":"LineString","coordinates":[[24.1809117,45.7778138],[24.1834418,45.7775355]]}},{"type":"Feature","properties":{"osm_id":99166168,"name":"Strada Stadionului","highway":"residential","name_ro":null,"source":"openstreetmap"},"geometry":{"type":"LineString","coordinates":[[24.1910994,45.7685027],[24.1910303,45.7684601],[24.1908432,45.7683448],[24.1907751,45.7682958],[24.1907232,45.7682513],[24.1906688,45.7681694],[24.1904498,45.7676807],[24.1903649,45.7675092]]}},{"type":"Feature","properties":{"osm_id":99166172,"name":"Strada Andrei Mureșanu","highway":"residential","name_ro":null,"source":"openstreetmap"},"geometry":{"type":"LineString","coordinates":[[24.1789948,45.7785056],[24.1805622,45.7775368],[24.1808087,45.7773742]]}},{"type":"Feature","properties":{"osm_id":99166195,"name":"Strada Sabin Bălașa","highway":"residential","name_ro":null,"source":"openstreetmap"},"geometry":{"type":"LineString","coordinates":[[24.18145,45.7802183],[24.1783914,45.7811056]]}},{"type":"Feature","properties":{"osm_id":99166210,"name":"Strada Tizian","highway":"residential","name_ro":null,"source":"openstreetmap"},"geometry":{"type":"LineString","coordinates":[[24.1778626,45.7766621],[24.1802798,45.7751175]]}},{"type":"Feature","properties":{"osm_id":99166213,"name":"Strada Nicolae Titulescu","highway":"residential","name_ro":null,"source":"openstreetmap"},"geometry":{"type":"LineString","coordinates":[[24.1763057,45.7777975],[24.1746466,45.7793588]]}},{"type":"Feature","properties":{"osm_id":99166227,"name":"Strada Horațiu","highway":"residential","name_ro":null,"source":"openstreetmap"},"geometry":{"type":"LineString","coordinates":[[24.1725312,45.7793824],[24.1729314,45.7795266]]}},{"type":"Feature","properties":{"osm_id":99166231,"name":"Strada Nouă","highway":"residential","name_ro":null,"source":"openstreetmap"},"geometry":{"type":"LineString","coordinates":[[24.1829273,45.772],[24.1830249,45.77243]]}},{"type":"Feature","properties":{"osm_id":99166236,"name":"Aleea Unirii","highway":"residential","name_ro":null,"source":"openstreetmap"},"geometry":{"type":"LineString","coordinates":[[24.1885323,45.7732039],[24.1885326,45.7732331],[24.1889331,45.7751496]]}},{"type":"Feature","properties":{"osm_id":99166237,"name":"Strada Petru Rareș","highway":"residential","name_ro":null,"source":"openstreetmap"},"geometry":{"type":"LineString","coordinates":[[24.1813148,45.7850911],[24.1812439,45.7850092],[24.1811771,45.7849144],[24.1805392,45.7832249]]}},{"type":"Feature","properties":{"osm_id":99166248,"name":"Strada Gării","highway":"residential","name_ro":null,"source":"openstreetmap"},"geometry":{"type":"LineString","coordinates":[[24.2009678,45.7675173],[24.2009148,45.7675847],[24.2008819,45.7676277],[24.2008229,45.7676885],[24.2006156,45.7678396],[24.2005778,45.7678672],[24.2005003,45.7679238],[24.2000251,45.7682091],[24.1998579,45.7683879],[24.1997824,45.7684572],[24.1991663,45.7687981],[24.1986202,45.7691021]]}},{"type":"Feature","properties":{"osm_id":99166251,"name":"Strada Sibiului","highway":"primary","name_ro":null,"source":"openstreetmap"},"geometry":{"type":"LineString","coordinates":[[24.1846683,45.7674926],[24.1843069,45.7677426]]}},{"type":"Feature","properties":{"osm_id":99166259,"name":"Strada Dinicu Golescu","highway":"residential","name_ro":null,"source":"openstreetmap"},"geometry":{"type":"LineString","coordinates":[[24.1800385,45.7739018],[24.1809385,45.7737937],[24.1832605,45.7735119]]}},{"type":"Feature","properties":{"osm_id":99166261,"name":"Strada Câmpului","highway":"residential","name_ro":null,"source":"openstreetmap"},"geometry":{"type":"LineString","coordinates":[[24.1778281,45.7721914],[24.1778569,45.7722016],[24.1778932,45.7721984],[24.1785657,45.7717812],[24.1801276,45.7708641],[24.1803321,45.7707406],[24.1808896,45.7703915],[24.1824108,45.7693909],[24.1827831,45.7691386],[24.1832168,45.7688341],[24.1833195,45.7687588],[24.1836427,45.7685183],[24.1838798,45.7683378],[24.1838264,45.7682873],[24.1838345,45.7682499],[24.1838627,45.7682115],[24.1843685,45.7679022]]}},{"type":"Feature","properties":{"osm_id":99166282,"name":"Strada Nicolae Bălcescu","highway":"residential","name_ro":null,"source":"openstreetmap"},"geometry":{"type":"LineString","coordinates":[[24.1971457,45.7622011],[24.2009745,45.7627535]]}},{"type":"Feature","properties":{"osm_id":99166288,"name":"Strada Ion Rațiu","highway":"residential","name_ro":null,"source":"openstreetmap"},"geometry":{"type":"LineString","coordinates":[[24.1729039,45.776457],[24.1729188,45.7765114],[24.1729396,45.7765532],[24.1729655,45.7765788],[24.1729949,45.776598],[24.1730316,45.7766155],[24.1747724,45.7773267],[24.1748143,45.7773439],[24.1755006,45.7776255],[24.1756118,45.7776685],[24.1757168,45.7776965],[24.1757921,45.7777051],[24.1759356,45.7777166],[24.1760372,45.7777333],[24.1763057,45.7777975],[24.1765854,45.7779128],[24.1767666,45.7779958],[24.1768138,45.7780198],[24.1770629,45.778119],[24.1774966,45.7782666],[24.177806,45.7783753],[24.1778308,45.7783392]]}},{"type":"Feature","properties":{"osm_id":99166293,"name":"Strada Pictor Theodor Aman","highway":"residential","name_ro":null,"source":"openstreetmap"},"geometry":{"type":"LineString","coordinates":[[24.1801438,45.7744448],[24.1833749,45.7740898]]}},{"type":"Feature","properties":{"osm_id":99166297,"name":"Strada Ovidiu","highway":"residential","name_ro":null,"source":"openstreetmap"},"geometry":{"type":"LineString","coordinates":[[24.1730148,45.7795549],[24.1732496,45.7792412],[24.1745766,45.7797375],[24.1745758,45.7798742],[24.1745675,45.7801386]]}},{"type":"Feature","properties":{"osm_id":99166300,"name":"Strada Cornel Medrea","highway":"residential","name_ro":null,"source":"openstreetmap"},"geometry":{"type":"LineString","coordinates":[[24.1781482,45.7770945],[24.1800285,45.7758125],[24.1803778,45.7755692]]}},{"type":"Feature","properties":{"osm_id":99166301,"name":"Strada Liviu Rebreanu","highway":"residential","name_ro":null,"source":"openstreetmap"},"geometry":{"type":"LineString","coordinates":[[24.1713898,45.7816804],[24.1721696,45.7807571]]}},{"type":"Feature","properties":{"osm_id":99166303,"name":"Strada Iuliu Maniu","highway":"residential","name_ro":null,"source":"openstreetmap"},"geometry":{"type":"LineString","coordinates":[[24.1865393,45.7747865],[24.1837646,45.7750886]]}},{"type":"Feature","properties":{"osm_id":99166305,"name":"Strada Costache Negri","highway":"residential","name_ro":null,"source":"openstreetmap"},"geometry":{"type":"LineString","coordinates":[[24.1906707,45.7734796],[24.1906759,45.7734521],[24.1909418,45.7724098],[24.1910195,45.7719151]]}},{"type":"Feature","properties":{"osm_id":99166308,"name":"Strada Crizantemei","highway":"residential","name_ro":null,"source":"openstreetmap"},"geometry":{"type":"LineString","coordinates":[[24.18158,45.7726348],[24.1814302,45.7720823],[24.1813697,45.7718812],[24.1813551,45.7718325]]}},{"type":"Feature","properties":{"osm_id":99166311,"name":"Strada Gladiolelor","highway":"residential","name_ro":null,"source":"openstreetmap"},"geometry":{"type":"LineString","coordinates":[[24.1843685,45.7679022],[24.1853094,45.7693588]]}},{"type":"Feature","properties":{"osm_id":99243018,"name":"Strada Mihai Viteazul","highway":"secondary","name_ro":null,"source":"openstreetmap"},"geometry":{"type":"LineString","coordinates":[[24.1960707,45.7654919],[24.1960114,45.7656912]]}},{"type":"Feature","properties":{"osm_id":99243019,"name":"Strada Stadionului","highway":"residential","name_ro":null,"source":"openstreetmap"},"geometry":{"type":"LineString","coordinates":[[24.1903302,45.7674485],[24.1902382,45.7673029]]}},{"type":"Feature","properties":{"osm_id":99243050,"name":"Strada Mihai Viteazul","highway":"secondary","name_ro":null,"source":"openstreetmap"},"geometry":{"type":"LineString","coordinates":[[24.1960114,45.7656912],[24.1959782,45.7657847],[24.1959183,45.7659573],[24.1958682,45.7661412],[24.1958416,45.7663343],[24.1958347,45.7665004],[24.1958513,45.766734],[24.1958567,45.76681],[24.1958677,45.7669219],[24.1958847,45.7672071],[24.1958892,45.7672756],[24.195888,45.7673224],[24.1958763,45.7673616],[24.1958441,45.767407],[24.1957745,45.7674588]]}},{"type":"Feature","properties":{"osm_id":99243073,"name":"Strada Stadionului","highway":"residential","name_ro":null,"source":"openstreetmap"},"geometry":{"type":"LineString","coordinates":[[24.1901465,45.7671919],[24.1889195,45.7666794],[24.1888516,45.7666464],[24.188477,45.7663198],[24.1883835,45.7662927],[24.1882145,45.7662502],[24.1881005,45.7662207],[24.1879675,45.7661638],[24.1876659,45.7659885],[24.1874568,45.7659186],[24.1872603,45.7658706]]}},{"type":"Feature","properties":{"osm_id":99314360,"name":"Strada Verzăriei","highway":"residential","name_ro":null,"source":"openstreetmap"},"geometry":{"type":"LineString","coordinates":[[24.1268398,45.7961074],[24.1276028,45.795901]]}},{"type":"Feature","properties":{"osm_id":99314361,"name":"Strada Verzăriei","highway":"residential","name_ro":null,"source":"openstreetmap"},"geometry":{"type":"LineString","coordinates":[[24.1263155,45.7951124],[24.1265563,45.7955847],[24.126688,45.7958416]]}},{"type":"Feature","properties":{"osm_id":99314367,"name":"Aleea Părăului","highway":"residential","name_ro":null,"source":"openstreetmap"},"geometry":{"type":"LineString","coordinates":[[24.1264914,45.7927733],[24.1265184,45.7928949],[24.1264118,45.792904]]}},{"type":"Feature","properties":{"osm_id":99314369,"name":"Aleea Pajiștei","highway":"residential","name_ro":null,"source":"openstreetmap"},"geometry":{"type":"LineString","coordinates":[[24.1254978,45.7957914],[24.1254359,45.7957829],[24.1253683,45.7957623],[24.1247987,45.7954158],[24.124085,45.7949815],[24.1234056,45.7945682],[24.1232603,45.7944798]]}},{"type":"Feature","properties":{"osm_id":99314739,"name":"Strada Turda","highway":"unclassified","name_ro":null,"source":"openstreetmap"},"geometry":{"type":"LineString","coordinates":[[24.0964204,45.7941289],[24.0965374,45.7941614],[24.0966216,45.7941817],[24.0968243,45.794225],[24.0975984,45.7943495],[24.0980967,45.7944255],[24.0989862,45.7945615],[24.0990881,45.7945915],[24.0991578,45.7946326],[24.0992437,45.7946737],[24.0993778,45.7947037],[24.1002955,45.7948438],[24.1003481,45.7948444],[24.1004066,45.7948303],[24.1005096,45.7947922],[24.1005579,45.7947865]]}},{"type":"Feature","properties":{"osm_id":100528848,"name":"Strada Doljului","highway":"residential","name_ro":null,"source":"openstreetmap"},"geometry":{"type":"LineString","coordinates":[[24.1329553,45.7890191],[24.1329856,45.7890205],[24.1340029,45.7890237],[24.1340473,45.7890237],[24.1349794,45.7890233],[24.1350419,45.7890233]]}},{"type":"Feature","properties":{"osm_id":100528850,"name":"Strada Gorjului","highway":"residential","name_ro":null,"source":"openstreetmap"},"geometry":{"type":"LineString","coordinates":[[24.1350293,45.7880671],[24.13497,45.7880676],[24.1340426,45.7880746],[24.1340332,45.7880747],[24.1331269,45.7880736],[24.1330632,45.7880741]]}},{"type":"Feature","properties":{"osm_id":101343343,"name":"Strada Tomis","highway":"residential","name_ro":null,"source":"openstreetmap"},"geometry":{"type":"LineString","coordinates":[[24.1262313,45.8155138],[24.1262449,45.8155912],[24.1263779,45.8158052],[24.1264135,45.8158697],[24.1267444,45.8164354],[24.1268456,45.816751],[24.1269073,45.8169454],[24.1269962,45.8171047],[24.1290563,45.818736]]}},{"type":"Feature","properties":{"osm_id":105916912,"name":"Strada Octavian Goga","highway":"secondary","name_ro":null,"source":"openstreetmap"},"geometry":{"type":"LineString","coordinates":[[24.1454118,45.7837321],[24.1453689,45.7836087],[24.145322,45.7835104],[24.1452697,45.7834245],[24.1452254,45.7833627],[24.1449855,45.7830849]]}},{"type":"Feature","properties":{"osm_id":105920557,"name":"Strada Țintașului","highway":"residential","name_ro":null,"source":"openstreetmap"},"geometry":{"type":"LineString","coordinates":[[24.147247,45.7819468],[24.147326,45.7819195],[24.1480862,45.7816356]]}},{"type":"Feature","properties":{"osm_id":106561508,"name":"Strada Oituz","highway":"tertiary","name_ro":null,"source":"openstreetmap"},"geometry":{"type":"LineString","coordinates":[[24.1557342,45.7873001],[24.1529822,45.7857932],[24.1529312,45.7857653]]}},{"type":"Feature","properties":{"osm_id":107720553,"name":"Strada Poet Aron Cotruș","highway":"residential","name_ro":null,"source":"openstreetmap"},"geometry":{"type":"LineString","coordinates":[[24.1282365,45.7812165],[24.128671,45.780917],[24.1289906,45.7807002]]}},{"type":"Feature","properties":{"osm_id":107720556,"name":"Strada Presaca","highway":"residential","name_ro":null,"source":"openstreetmap"},"geometry":{"type":"LineString","coordinates":[[24.1254009,45.7762191],[24.1266801,45.7767519]]}},{"type":"Feature","properties":{"osm_id":107720560,"name":"Strada Nicolae Beldiceanu","highway":"residential","name_ro":null,"source":"openstreetmap"},"geometry":{"type":"LineString","coordinates":[[24.1283082,45.7795966],[24.127444,45.7802049],[24.1274267,45.7802389],[24.1274185,45.780275],[24.1274382,45.7803267],[24.1277077,45.7806121],[24.1282365,45.7812165]]}},{"type":"Feature","properties":{"osm_id":107720562,"name":"Strada Poiana Sibiului","highway":"residential","name_ro":null,"source":"openstreetmap"},"geometry":{"type":"LineString","coordinates":[[24.1259681,45.7750179],[24.1256937,45.7755089],[24.1254009,45.7762191],[24.1252063,45.7766718],[24.1249411,45.7770477]]}},{"type":"Feature","properties":{"osm_id":107720563,"name":"Strada Islazului","highway":"residential","name_ro":null,"source":"openstreetmap"},"geometry":{"type":"LineString","coordinates":[[24.1231967,45.7750178],[24.1224018,45.7746689],[24.1223153,45.774623],[24.1223036,45.7745774],[24.1229432,45.7740624],[24.1231036,45.7739349],[24.1232443,45.7738231],[24.123701,45.7734679]]}},{"type":"Feature","properties":{"osm_id":107720575,"name":"Strada Islazului","highway":"residential","name_ro":null,"source":"openstreetmap"},"geometry":{"type":"LineString","coordinates":[[24.1266801,45.7767519],[24.1267469,45.7763955],[24.126792,45.776159],[24.1268304,45.7758578],[24.1268726,45.7754525]]}},{"type":"Feature","properties":{"osm_id":107720593,"name":"Strada Ioan Albabei","highway":"residential","name_ro":null,"source":"openstreetmap"},"geometry":{"type":"LineString","coordinates":[[24.1294932,45.7815011],[24.1303226,45.7809292],[24.1303871,45.7808826],[24.1313149,45.7800697],[24.1313594,45.780031],[24.1313803,45.7800131]]}},{"type":"Feature","properties":{"osm_id":107720599,"name":"Strada Profesor Doctor Cornel Irimie","highway":"residential","name_ro":null,"source":"openstreetmap"},"geometry":{"type":"LineString","coordinates":[[24.1277077,45.7806121],[24.1279358,45.7804447],[24.12818,45.7802576],[24.1282243,45.7802464],[24.1282511,45.7802604],[24.1285408,45.7804634],[24.1286442,45.780475],[24.1287822,45.7805548]]}},{"type":"Feature","properties":{"osm_id":107720605,"name":"Fundătura Brazilor","highway":"residential","name_ro":null,"source":"openstreetmap"},"geometry":{"type":"LineString","coordinates":[[24.1263995,45.775216],[24.1268327,45.7749655],[24.1268854,45.7749362],[24.1271746,45.7747808],[24.127327,45.7747132],[24.127465,45.7746557],[24.12759,45.77461],[24.1276753,45.7745883],[24.1277564,45.7745792],[24.1279051,45.7745756],[24.1279856,45.7745737]]}},{"type":"Feature","properties":{"osm_id":107720608,"name":"Strada Cisnădioara","highway":"residential","name_ro":null,"source":"openstreetmap"},"geometry":{"type":"LineString","coordinates":[[24.127621,45.775689],[24.1275978,45.7756665],[24.1274683,45.7755411],[24.127347,45.775398],[24.1273205,45.7753539],[24.1273062,45.7753055],[24.1273127,45.7751959],[24.1273211,45.7749874],[24.1273121,45.7749388],[24.1272827,45.7748938],[24.1271746,45.7747808]]}},{"type":"Feature","properties":{"osm_id":107720616,"name":"Fundătura Brazilor","highway":"residential","name_ro":null,"source":"openstreetmap"},"geometry":{"type":"LineString","coordinates":[[24.1269351,45.7738295],[24.1274724,45.7743803],[24.1276753,45.7745883]]}},{"type":"Feature","properties":{"osm_id":107723855,"name":"Strada Orlat","highway":"residential","name_ro":null,"source":"openstreetmap"},"geometry":{"type":"LineString","coordinates":[[24.1326954,45.773402],[24.1312111,45.7740868],[24.1300549,45.7746068],[24.1299688,45.7746455]]}},{"type":"Feature","properties":{"osm_id":108134453,"name":"Strada Lucian Blaga","highway":"residential","name_ro":null,"source":"openstreetmap"},"geometry":{"type":"LineString","coordinates":[[24.1557929,45.792694],[24.1552853,45.7924959],[24.1551094,45.79245],[24.154692,45.7923708],[24.1545389,45.7923421],[24.154185,45.7922636],[24.1528634,45.7918351],[24.1523793,45.7916483],[24.1522338,45.7915935],[24.1517355,45.7913999],[24.1516976,45.7913815],[24.1516597,45.7913631]]}},{"type":"Feature","properties":{"osm_id":108361087,"name":"Strada Garoafei","highway":"residential","name_ro":null,"source":"openstreetmap"},"geometry":{"type":"LineString","coordinates":[[24.1388527,45.7988934],[24.1389087,45.7989308],[24.1391255,45.7990755],[24.1391793,45.7991069],[24.1392607,45.7991381],[24.1399375,45.7993218],[24.1400505,45.7993459],[24.140102,45.7993502],[24.1402312,45.7993536]]}},{"type":"Feature","properties":{"osm_id":108365436,"name":"Strada Theodor Neculuță","highway":"residential","name_ro":null,"source":"openstreetmap"},"geometry":{"type":"LineString","coordinates":[[24.1381623,45.7872867],[24.1387035,45.7876258],[24.1401044,45.7885387]]}},{"type":"Feature","properties":{"osm_id":110406961,"name":"Strada Grădinilor","highway":"residential","name_ro":null,"source":"openstreetmap"},"geometry":{"type":"LineString","coordinates":[[24.187776,45.8087298],[24.1877492,45.8087724],[24.1877181,45.8088092],[24.1869104,45.8093375],[24.1867241,45.8094595]]}},{"type":"Feature","properties":{"osm_id":113955662,"name":"Calea Șurii Mari","highway":"primary","name_ro":null,"source":"openstreetmap"},"geometry":{"type":"LineString","coordinates":[[24.1497944,45.8176124],[24.1497296,45.8173052],[24.1496685,45.8171295],[24.1495627,45.8167762],[24.149303,45.8160839]]}},{"type":"Feature","properties":{"osm_id":113955664,"name":"Calea Șurii Mari","highway":"primary","name_ro":null,"source":"openstreetmap"},"geometry":{"type":"LineString","coordinates":[[24.1511277,45.8212035],[24.1511428,45.8212281],[24.15119,45.8213053],[24.151204,45.8213282],[24.1512814,45.8214544],[24.1513211,45.8215033],[24.1513476,45.8215303],[24.1513724,45.8215557],[24.1513977,45.821581]]}},{"type":"Feature","properties":{"osm_id":113955665,"name":"Calea Șurii Mari","highway":"primary","name_ro":null,"source":"openstreetmap"},"geometry":{"type":"LineString","coordinates":[[24.1510718,45.8216142],[24.1511428,45.8215203],[24.1511757,45.8214548],[24.1511806,45.8213862],[24.1511277,45.8212035]]}},{"type":"Feature","properties":{"osm_id":113955667,"name":"Calea Șurii Mari","highway":"primary","name_ro":null,"source":"openstreetmap"},"geometry":{"type":"LineString","coordinates":[[24.1514264,45.8218692],[24.1514043,45.8220571],[24.1514037,45.8222055]]}},{"type":"Feature","properties":{"osm_id":113955668,"name":"Calea Șurii Mari","highway":"primary","name_ro":null,"source":"openstreetmap"},"geometry":{"type":"LineString","coordinates":[[24.1514037,45.8222055],[24.1513345,45.822057],[24.1512798,45.8219838],[24.1512215,45.821908]]}},{"type":"Feature","properties":{"osm_id":116576610,"name":"Strada Profesor Doctor Ioan Moga","highway":"residential","name_ro":null,"source":"openstreetmap"},"geometry":{"type":"LineString","coordinates":[[24.1319515,45.7838538],[24.1313467,45.7834361],[24.1312022,45.7833301],[24.1310963,45.7832524],[24.1310525,45.7832203]]}},{"type":"Feature","properties":{"osm_id":117239669,"name":"Calea Șurii Mari","highway":"primary","name_ro":null,"source":"openstreetmap"},"geometry":{"type":"LineString","coordinates":[[24.151047,45.8386362],[24.1514795,45.8379922],[24.1518496,45.8374016],[24.1520423,45.8370875],[24.1521662,45.8368859],[24.1522863,45.8366932],[24.1523968,45.8364823],[24.1524907,45.8362487],[24.1525519,45.8360541],[24.1525846,45.8358918],[24.1526033,45.8356918],[24.1526007,45.8354956],[24.1525658,45.8352564],[24.152488,45.8348359],[24.1524397,45.8345276],[24.1524022,45.8342061],[24.1523807,45.833881],[24.1523914,45.8335371],[24.152429,45.8331521],[24.1524673,45.8327953],[24.1524837,45.8326097],[24.152488,45.8324121],[24.1524666,45.8320121],[24.1524397,45.8314178],[24.1524022,45.8309693],[24.1523914,45.8307076],[24.1523485,45.8301283],[24.1523003,45.829762],[24.1522627,45.8295153],[24.1522359,45.8293216]]}},{"type":"Feature","properties":{"osm_id":123723583,"name":"Șelimbăr-Bungard","highway":"tertiary","name_ro":null,"source":"openstreetmap"},"geometry":{"type":"LineString","coordinates":[[24.2015631,45.7679045],[24.2024525,45.7685146],[24.203715,45.7693865],[24.2049654,45.7702571]]}},{"type":"Feature","properties":{"osm_id":134957839,"name":"Strada Fruntașului","highway":"service","name_ro":null,"source":"openstreetmap"},"geometry":{"type":"LineString","coordinates":[[24.1448449,45.787757],[24.144514,45.7878307]]}},{"type":"Feature","properties":{"osm_id":134968803,"name":"Strada Lungă","highway":"primary","name_ro":null,"source":"openstreetmap"},"geometry":{"type":"LineString","coordinates":[[24.1437375,45.8009984],[24.1436822,45.8011468],[24.1436549,45.8012218]]}},{"type":"Feature","properties":{"osm_id":134968805,"name":"Strada Henri Coandă","highway":"tertiary","name_ro":null,"source":"openstreetmap"},"geometry":{"type":"LineString","coordinates":[[24.1772179,45.7966769],[24.177313,45.7966548],[24.1773921,45.7966363],[24.177911,45.7965153],[24.1789671,45.7962739],[24.1790328,45.7962603],[24.1796557,45.7961321],[24.1802022,45.7960169],[24.1804711,45.7959591],[24.1807148,45.7959075],[24.1811162,45.7958204],[24.1815762,45.7957207],[24.183095,45.7953912],[24.1840141,45.7951918],[24.1840257,45.7951893],[24.1841442,45.7951636]]}},{"type":"Feature","properties":{"osm_id":134968806,"name":"Calea Șurii Mici","highway":"residential","name_ro":null,"source":"openstreetmap"},"geometry":{"type":"LineString","coordinates":[[24.1305375,45.8035471],[24.1301632,45.8037469],[24.1300478,45.803801],[24.1298051,45.8039221]]}},{"type":"Feature","properties":{"osm_id":134969176,"name":"Strada Transilvaniei","highway":"secondary","name_ro":null,"source":"openstreetmap"},"geometry":{"type":"LineString","coordinates":[[24.1387278,45.7908427],[24.1390082,45.7906492],[24.1391886,45.7905283],[24.1392987,45.7904636],[24.1396023,45.7903188],[24.1396759,45.7902822]]}},{"type":"Feature","properties":{"osm_id":134969178,"name":"Strada Poet Vasile Cârlova","highway":"tertiary","name_ro":null,"source":"openstreetmap"},"geometry":{"type":"LineString","coordinates":[[24.1377751,45.7911489],[24.1375641,45.7911405],[24.1372773,45.7911342],[24.136954,45.7911279],[24.1364958,45.7911165],[24.1361225,45.7910987],[24.1360043,45.7910862],[24.1358654,45.7910673]]}},{"type":"Feature","properties":{"osm_id":134969180,"name":"Strada Gârlei","highway":"residential","name_ro":null,"source":"openstreetmap"},"geometry":{"type":"LineString","coordinates":[[24.1382786,45.7910503],[24.1382182,45.7909703],[24.1381618,45.790893],[24.1376639,45.7901973],[24.1367851,45.7890322]]}},{"type":"Feature","properties":{"osm_id":134969894,"name":"Strada Regele Ferdinand","highway":"tertiary","name_ro":null,"source":"openstreetmap"},"geometry":{"type":"LineString","coordinates":[[24.1589416,45.8007276],[24.1589333,45.8007346],[24.1583165,45.8012561],[24.1582751,45.801288],[24.1581952,45.801334],[24.1580926,45.801378],[24.1579649,45.8014177],[24.1578403,45.8014455],[24.1574716,45.801489],[24.157267,45.8015139],[24.1572106,45.8015208],[24.1570894,45.8015528]]}},{"type":"Feature","properties":{"osm_id":134971210,"name":"Calea Șurii Mici","highway":"secondary","name_ro":null,"source":"openstreetmap"},"geometry":{"type":"LineString","coordinates":[[24.1334986,45.8019139],[24.1336119,45.8018574],[24.1336906,45.8018173]]}},{"type":"Feature","properties":{"osm_id":135184540,"name":"Strada Reconstrucției","highway":"secondary","name_ro":null,"source":"openstreetmap"},"geometry":{"type":"LineString","coordinates":[[24.1427522,45.8002414],[24.1426309,45.8002739],[24.1424914,45.8003026],[24.1423289,45.800327],[24.1421551,45.8003405]]}},{"type":"Feature","properties":{"osm_id":136795551,"name":"Strada Doamna Stanca","highway":"tertiary","name_ro":null,"source":"openstreetmap"},"geometry":{"type":"LineString","coordinates":[[24.1616823,45.7756553],[24.1622278,45.775916],[24.162416,45.776006],[24.1628441,45.7762106],[24.1635984,45.776625],[24.1637447,45.77669],[24.1639492,45.7767776],[24.1641956,45.7768798],[24.1643079,45.7769273],[24.1644568,45.7769903],[24.1644819,45.777002],[24.1646478,45.7770827],[24.1647038,45.7771099],[24.1648513,45.7771892],[24.1649715,45.7772609],[24.1651543,45.7773725],[24.1652917,45.7774518],[24.1654855,45.7775673],[24.1656281,45.7776523],[24.1656453,45.7776625],[24.1657297,45.7777128],[24.1657609,45.7777261],[24.1658099,45.7777548],[24.1659153,45.77781],[24.1662972,45.7780074],[24.1664411,45.7780818],[24.1673613,45.7785648],[24.1676203,45.7787011],[24.1683069,45.7790624],[24.1685205,45.7791763]]}},{"type":"Feature","properties":{"osm_id":136795552,"name":"Strada Rahovei","highway":"primary","name_ro":null,"source":"openstreetmap"},"geometry":{"type":"LineString","coordinates":[[24.1583558,45.7776646],[24.158414,45.7777673],[24.1584433,45.7778042],[24.1586228,45.7779707],[24.1589221,45.7782682]]}},{"type":"Feature","properties":{"osm_id":136795555,"name":"Bulevardul Mihai Viteazul","highway":"residential","name_ro":null,"source":"openstreetmap"},"geometry":{"type":"LineString","coordinates":[[24.1667976,45.7697663],[24.1664912,45.7700931],[24.1657603,45.7708728],[24.1655772,45.7710735],[24.1645875,45.7721239],[24.1636516,45.7731223],[24.1635437,45.7732364],[24.1628719,45.7739539],[24.1625561,45.7742908],[24.1616173,45.7752922],[24.1615753,45.7753427],[24.1615299,45.7753971]]}},{"type":"Feature","properties":{"osm_id":136795556,"name":"Aleea Monument","highway":"service","name_ro":null,"source":"openstreetmap"},"geometry":{"type":"LineString","coordinates":[[24.1739405,45.7732364],[24.1747845,45.7739162],[24.1749584,45.7740932]]}},{"type":"Feature","properties":{"osm_id":136795560,"name":"Bulevardul Mihai Viteazul","highway":"tertiary","name_ro":null,"source":"openstreetmap"},"geometry":{"type":"LineString","coordinates":[[24.1581923,45.7775284],[24.1583501,45.7774846],[24.1585054,45.7774258],[24.1585642,45.7773954],[24.1592202,45.7770334]]}},{"type":"Feature","properties":{"osm_id":136795562,"name":"Strada Rahovei","highway":"tertiary","name_ro":null,"source":"openstreetmap"},"geometry":{"type":"LineString","coordinates":[[24.1570264,45.7770158],[24.1571422,45.7770389],[24.1575129,45.7772289],[24.1579715,45.7774732],[24.1580496,45.7775003],[24.1581678,45.7775261]]}},{"type":"Feature","properties":{"osm_id":136796368,"name":"Bulevardul Mihai Viteazul","highway":"tertiary","name_ro":null,"source":"openstreetmap"},"geometry":{"type":"LineString","coordinates":[[24.1612782,45.7756359],[24.1611427,45.7756942],[24.1611015,45.77572],[24.1599138,45.7766317],[24.1596903,45.776805],[24.159326,45.7770875]]}},{"type":"Feature","properties":{"osm_id":136899980,"name":"Strada Mihail Kogălniceanu","highway":"secondary","name_ro":null,"source":"openstreetmap"},"geometry":{"type":"LineString","coordinates":[[24.1343055,45.8014967],[24.134447,45.8014121],[24.1353735,45.8008438],[24.1354578,45.8007934],[24.1355685,45.8007259],[24.135631,45.8006847],[24.1358438,45.8005427],[24.1365446,45.8001031],[24.13703,45.7998156],[24.1372179,45.799711],[24.1373222,45.7996582]]}},{"type":"Feature","properties":{"osm_id":136899984,"name":"Strada Lemnelor","highway":"residential","name_ro":null,"source":"openstreetmap"},"geometry":{"type":"LineString","coordinates":[[24.1376642,45.7994822],[24.1376163,45.7994432],[24.1375666,45.7994028],[24.1375127,45.7993589],[24.1370192,45.7989568],[24.1369264,45.7988935],[24.1368343,45.7988486],[24.1367604,45.7988286],[24.1366652,45.7988187],[24.1365502,45.7988141],[24.1363088,45.7988108],[24.1361892,45.7988047],[24.1361107,45.7987965],[24.1359999,45.7987736],[24.1358829,45.7987335],[24.1357891,45.7986901],[24.1356795,45.7986226],[24.1356003,45.7985529],[24.1353894,45.7982852],[24.1352799,45.7981745],[24.1351454,45.7980563],[24.1346317,45.797655],[24.1345126,45.7975498],[24.1344121,45.7974576],[24.133916,45.7969323]]}},{"type":"Feature","properties":{"osm_id":136899991,"name":"Strada Câmpului","highway":"tertiary","name_ro":null,"source":"openstreetmap"},"geometry":{"type":"LineString","coordinates":[[24.1416923,45.8005446],[24.1416957,45.8005668],[24.1417512,45.8010864],[24.1417561,45.801202],[24.1417523,45.8012525],[24.1417388,45.801304],[24.1417114,45.8013554],[24.1414715,45.8016977],[24.1414485,45.8017298],[24.1414216,45.8017657],[24.1408747,45.8024551],[24.1402937,45.8032096],[24.1398037,45.8038363],[24.1396786,45.803983],[24.1395561,45.8040128],[24.1394312,45.8040574],[24.1391074,45.8041806],[24.1387816,45.8043074],[24.1386629,45.8043582],[24.1385683,45.8044039],[24.1384728,45.8044523],[24.1382677,45.8045715],[24.1380226,45.804714],[24.1370391,45.8052993],[24.1369265,45.8053829],[24.1362012,45.8059164],[24.1361115,45.8059851]]}},{"type":"Feature","properties":{"osm_id":136899993,"name":"Strada Reconstrucției","highway":"secondary","name_ro":null,"source":"openstreetmap"},"geometry":{"type":"LineString","coordinates":[[24.1410291,45.8002669],[24.141336,45.8002793],[24.1414214,45.8002846]]}},{"type":"Feature","properties":{"osm_id":136900005,"name":"Strada Pedagogilor","highway":"tertiary","name_ro":null,"source":"openstreetmap"},"geometry":{"type":"LineString","coordinates":[[24.1388527,45.7988934],[24.1401182,45.7981438],[24.1404611,45.7979606],[24.1406503,45.7978715],[24.140783,45.7978058],[24.1411888,45.7975864],[24.1414603,45.7974366],[24.1415427,45.7973912]]}},{"type":"Feature","properties":{"osm_id":136900013,"name":"Strada Paul Smărăndescu","highway":"residential","name_ro":null,"source":"openstreetmap"},"geometry":{"type":"LineString","coordinates":[[24.1452655,45.7610955],[24.1483033,45.761703],[24.1498483,45.7620168],[24.1515047,45.7623521]]}},{"type":"Feature","properties":{"osm_id":136900016,"name":"Strada Tudor Vladimirescu","highway":"tertiary","name_ro":null,"source":"openstreetmap"},"geometry":{"type":"LineString","coordinates":[[24.1415107,45.8004722],[24.141374,45.8005312],[24.1411777,45.8006249]]}},{"type":"Feature","properties":{"osm_id":136902370,"name":"Șoseaua Sibiului","highway":"service","name_ro":null,"source":"openstreetmap"},"geometry":{"type":"LineString","coordinates":[[24.1747845,45.7739162],[24.1751778,45.7736375],[24.1754907,45.7734016],[24.1758106,45.7731605],[24.1760781,45.7729589],[24.1761864,45.7728814],[24.1764102,45.7727213],[24.1767631,45.7724687],[24.177658,45.7718576],[24.1783809,45.7713659],[24.1786908,45.7711674],[24.1791304,45.770886],[24.1798725,45.7703813],[24.1799491,45.7703292],[24.1799887,45.7703022],[24.1804194,45.7700205],[24.1811045,45.7695724],[24.1811474,45.7695456],[24.1812892,45.7694509],[24.1812989,45.7694463],[24.1819012,45.7690611]]}},{"type":"Feature","properties":{"osm_id":136914177,"name":"Strada Praga","highway":"residential","name_ro":null,"source":"openstreetmap"},"geometry":{"type":"LineString","coordinates":[[24.1387395,45.7999168],[24.1386752,45.7999515],[24.138641,45.7999692],[24.138353,45.8001186],[24.1374481,45.8005826],[24.1365703,45.8010561],[24.1364959,45.801097],[24.136428,45.8011349],[24.1356321,45.801612],[24.1355689,45.8016515],[24.1351674,45.8018974],[24.1351483,45.8019141],[24.1351378,45.8019353],[24.1351349,45.8019591],[24.1351358,45.8019899],[24.1351402,45.8020243],[24.1351535,45.8020896],[24.1351742,45.8021722],[24.1352051,45.8022566]]}},{"type":"Feature","properties":{"osm_id":137025663,"name":"Bulevardul Mihai Viteazul","highway":"residential","name_ro":null,"source":"openstreetmap"},"geometry":{"type":"LineString","coordinates":[[24.1613079,45.7753128],[24.1614538,45.7752262],[24.1614663,45.7752188],[24.1624158,45.774221],[24.1627337,45.7738869],[24.1628719,45.7737448],[24.1635238,45.7730565],[24.1644625,45.7720701],[24.1654751,45.7710058],[24.1663925,45.7700416],[24.166695,45.7697238]]}},{"type":"Feature","properties":{"osm_id":137364052,"name":"Strada Gladiolelor","highway":"tertiary","name_ro":null,"source":"openstreetmap"},"geometry":{"type":"LineString","coordinates":[[24.1494011,45.8046567],[24.1493702,45.804721],[24.1492846,45.8048514],[24.149157,45.8050191],[24.1487577,45.8054915],[24.1486613,45.8056065],[24.1484698,45.805829],[24.1480958,45.8062752],[24.1480497,45.8063276],[24.1479983,45.8063829],[24.147793,45.8065791],[24.1477463,45.8066173],[24.147688,45.8066575],[24.1472662,45.8069298],[24.1469917,45.807109],[24.1467645,45.8072585],[24.1466345,45.8073438],[24.1464354,45.8074695],[24.1460544,45.807721],[24.1459373,45.8077972]]}},{"type":"Feature","properties":{"osm_id":160412937,"name":"Strada Rozmarinului","highway":"tertiary","name_ro":null,"source":"openstreetmap"},"geometry":{"type":"LineString","coordinates":[[24.1175284,45.7852927],[24.1174485,45.7853707],[24.1170031,45.7858549]]}},{"type":"Feature","properties":{"osm_id":160413343,"name":"Strada Bieltz Eduard Albert","highway":"tertiary","name_ro":null,"source":"openstreetmap"},"geometry":{"type":"LineString","coordinates":[[24.1202334,45.7919182],[24.1198393,45.7911471],[24.1198289,45.7911267],[24.1197693,45.791024],[24.1197393,45.7909724],[24.1196385,45.7908312],[24.118948,45.7899439],[24.1189389,45.7899322],[24.1182349,45.7892351],[24.1179365,45.7889472],[24.1175488,45.7885647],[24.1167321,45.7877745],[24.1165479,45.7875769],[24.1162801,45.7872546],[24.1162702,45.7872426],[24.1160289,45.7869499],[24.1159345,45.7867682],[24.1158928,45.7866618],[24.1158452,45.7865124],[24.1157992,45.7863257],[24.1157662,45.7861628],[24.1157411,45.7860388]]}},{"type":"Feature","properties":{"osm_id":160459145,"name":"Strada Măgheranului","highway":"tertiary","name_ro":null,"source":"openstreetmap"},"geometry":{"type":"LineString","coordinates":[[24.1361115,45.8059851],[24.1362067,45.8060454],[24.1369252,45.80648],[24.1376591,45.8069047],[24.1377094,45.8069335],[24.1377636,45.8069655],[24.139368,45.8079147],[24.1411796,45.8090006],[24.1412156,45.8090218],[24.1412516,45.809043]]}},{"type":"Feature","properties":{"osm_id":163783826,"name":"Calea Dumbrăvii","highway":"residential","name_ro":null,"source":"openstreetmap"},"geometry":{"type":"LineString","coordinates":[[24.1492837,45.7865068],[24.1493707,45.7864924],[24.1502486,45.7863492],[24.1504871,45.7863105],[24.1515678,45.7861297],[24.1520042,45.7860568],[24.1520699,45.786054],[24.1523035,45.7861063],[24.1523891,45.7861263],[24.1524608,45.7861304]]}},{"type":"Feature","properties":{"osm_id":163783828,"name":"Strada Oituz","highway":"tertiary","name_ro":null,"source":"openstreetmap"},"geometry":{"type":"LineString","coordinates":[[24.1507163,45.7844548],[24.1509078,45.7845607],[24.1523921,45.7853481],[24.1529002,45.7856089],[24.1529959,45.7856619]]}},{"type":"Feature","properties":{"osm_id":163783843,"name":"Aleea Buia","highway":"residential","name_ro":null,"source":"openstreetmap"},"geometry":{"type":"LineString","coordinates":[[24.1489311,45.7835089],[24.1490088,45.7834895],[24.1494159,45.7833915],[24.1494915,45.7833599],[24.1495572,45.7833169],[24.1496956,45.7832066],[24.1499922,45.7829702]]}},{"type":"Feature","properties":{"osm_id":163785801,"name":"Strada Nicolaus Olahus","highway":"tertiary","name_ro":null,"source":"openstreetmap"},"geometry":{"type":"LineString","coordinates":[[24.144799,45.7849424],[24.1447628,45.7848816],[24.1447502,45.7848416],[24.1447467,45.7848058],[24.1447519,45.7847676],[24.1447671,45.7847259],[24.1447966,45.7846759],[24.1448567,45.7846102],[24.1449005,45.7845683],[24.144972,45.7845],[24.1451611,45.784326]]}},{"type":"Feature","properties":{"osm_id":163790647,"name":"Strada Someșului","highway":"residential","name_ro":null,"source":"openstreetmap"},"geometry":{"type":"LineString","coordinates":[[24.1474804,45.7874417],[24.1473392,45.7872831],[24.1472802,45.7872308],[24.1471888,45.7871632]]}},{"type":"Feature","properties":{"osm_id":163799196,"name":"Strada Hipodromului","highway":"residential","name_ro":null,"source":"openstreetmap"},"geometry":{"type":"LineString","coordinates":[[24.1524608,45.7861304],[24.152505,45.7861251],[24.1525408,45.7861163],[24.1525752,45.7860952],[24.1528936,45.7858052],[24.1529312,45.7857653]]}},{"type":"Feature","properties":{"osm_id":163804210,"name":"Strada George Coșbuc","highway":"residential","name_ro":null,"source":"openstreetmap"},"geometry":{"type":"LineString","coordinates":[[24.1435685,45.7908271],[24.1435447,45.7907878],[24.1435182,45.7907578],[24.1423787,45.7900129],[24.1412054,45.7892438]]}},{"type":"Feature","properties":{"osm_id":165400368,"name":"Strada Revoluției","highway":"residential","name_ro":null,"source":"openstreetmap"},"geometry":{"type":"LineString","coordinates":[[24.1526409,45.790255],[24.1531312,45.7897428],[24.1531768,45.7897144],[24.15325,45.7896973],[24.1533834,45.7896999]]}},{"type":"Feature","properties":{"osm_id":165400384,"name":"Strada Revoluției","highway":"secondary","name_ro":null,"source":"openstreetmap"},"geometry":{"type":"LineString","coordinates":[[24.1548448,45.7879159],[24.1548774,45.7878716],[24.1548963,45.7878346],[24.1548958,45.7877994],[24.1548817,45.7877693],[24.1548553,45.7877303],[24.154831,45.7877024],[24.1548103,45.7876813],[24.1547708,45.7876443]]}},{"type":"Feature","properties":{"osm_id":176041147,"name":"Strada Aleea Postăvarilor","highway":"residential","name_ro":null,"source":"openstreetmap"},"geometry":{"type":"LineString","coordinates":[[24.1502377,45.8062806],[24.1502809,45.8062286],[24.1505465,45.8059187],[24.1508213,45.8055968],[24.1508706,45.8055459],[24.1509008,45.8055247],[24.150928,45.8055151],[24.1509634,45.8055135],[24.1509976,45.8055194],[24.1510506,45.8055407],[24.1514302,45.8056995]]}},{"type":"Feature","properties":{"osm_id":176041148,"name":"Strada Constantin I. Nottara","highway":"residential","name_ro":null,"source":"openstreetmap"},"geometry":{"type":"LineString","coordinates":[[24.1493565,45.8087918],[24.1492836,45.808677],[24.1489813,45.8082445],[24.1488187,45.8080213],[24.1485636,45.8076642],[24.1485338,45.807624],[24.1482495,45.8072368],[24.1481748,45.8071321],[24.1481068,45.8070387],[24.1480496,45.80697],[24.147975,45.8068959],[24.147836,45.8067706],[24.1477668,45.8067178],[24.1477324,45.8066914],[24.147688,45.8066575]]}},{"type":"Feature","properties":{"osm_id":176041149,"name":"Strada Cameliei","highway":"residential","name_ro":null,"source":"openstreetmap"},"geometry":{"type":"LineString","coordinates":[[24.1486613,45.8056065],[24.1492844,45.8058768],[24.1500085,45.8061894],[24.1502377,45.8062806],[24.1509912,45.8065688],[24.1511688,45.8066331],[24.1512707,45.806659],[24.1516828,45.8067192],[24.1517682,45.8067317]]}},{"type":"Feature","properties":{"osm_id":176043730,"name":"Aleea Târgul Cailor","highway":"residential","name_ro":null,"source":"openstreetmap"},"geometry":{"type":"LineString","coordinates":[[24.1462947,45.8069277],[24.1460292,45.8065022],[24.1456709,45.8059003]]}},{"type":"Feature","properties":{"osm_id":176045390,"name":"Strada Margaretelor","highway":"residential","name_ro":null,"source":"openstreetmap"},"geometry":{"type":"LineString","coordinates":[[24.1424613,45.8079757],[24.1423533,45.8079228],[24.1411894,45.8073432],[24.1411003,45.8073071],[24.1399275,45.8068433],[24.1398127,45.8067991],[24.1392841,45.8066061],[24.1390924,45.8065306],[24.138914,45.8064441],[24.1388096,45.8063882],[24.1387052,45.8063256],[24.1386487,45.8062833],[24.1385749,45.8062244],[24.138425,45.8061236],[24.1382888,45.8060465],[24.1380109,45.8059143],[24.1374379,45.8056493],[24.1371098,45.8054902],[24.1370009,45.8054265],[24.1369265,45.8053829]]}},{"type":"Feature","properties":{"osm_id":177380294,"name":"Strada Înfrățirii","highway":"tertiary","name_ro":null,"source":"openstreetmap"},"geometry":{"type":"LineString","coordinates":[[24.1444517,45.8051109],[24.1443339,45.8051282],[24.1435911,45.8052413],[24.1435442,45.8052482],[24.1434963,45.8052524],[24.1434608,45.8052488],[24.1434323,45.8052418],[24.1433952,45.8052202],[24.1429132,45.8048628],[24.1426783,45.8046888],[24.1424011,45.8044814],[24.142275,45.8044033],[24.1421964,45.8043568],[24.1420898,45.8043207],[24.1419832,45.8042915],[24.1418667,45.8042671],[24.1416449,45.8042362],[24.1411373,45.8041793],[24.1400545,45.8040333],[24.1397656,45.8039933],[24.1396786,45.803983]]}},{"type":"Feature","properties":{"osm_id":177380296,"name":"Strada Crizantemelor","highway":"residential","name_ro":null,"source":"openstreetmap"},"geometry":{"type":"LineString","coordinates":[[24.1430397,45.8100875],[24.1430176,45.8100764],[24.1429773,45.8100562],[24.1412187,45.8091677],[24.1411814,45.8091491],[24.1411442,45.8091305]]}},{"type":"Feature","properties":{"osm_id":177380302,"name":"Strada Pandurilor","highway":"residential","name_ro":null,"source":"openstreetmap"},"geometry":{"type":"LineString","coordinates":[[24.1435016,45.8096039],[24.1434641,45.8095822],[24.1418672,45.8086551],[24.1418392,45.8086389],[24.1418111,45.8086235],[24.141783,45.8086082]]}},{"type":"Feature","properties":{"osm_id":177380304,"name":"Strada Măgheranului","highway":"tertiary","name_ro":null,"source":"openstreetmap"},"geometry":{"type":"LineString","coordinates":[[24.1335575,45.8044218],[24.1336222,45.8044765],[24.1336973,45.804525],[24.1360015,45.8059227]]}},{"type":"Feature","properties":{"osm_id":177380305,"name":"Strada Speranței","highway":"residential","name_ro":null,"source":"openstreetmap"},"geometry":{"type":"LineString","coordinates":[[24.1384878,45.8086274],[24.1385071,45.8086118],[24.1385424,45.8085832],[24.1393175,45.8079557],[24.1393426,45.8079354],[24.139368,45.8079147]]}},{"type":"Feature","properties":{"osm_id":177380307,"name":"Strada Patrioților","highway":"residential","name_ro":null,"source":"openstreetmap"},"geometry":{"type":"LineString","coordinates":[[24.1408747,45.8024551],[24.1408349,45.8024192],[24.1398018,45.8014526],[24.1397332,45.8013885],[24.1396763,45.801338],[24.1384202,45.8001805],[24.1383902,45.8001529],[24.138353,45.8001186]]}},{"type":"Feature","properties":{"osm_id":177380308,"name":"Strada Carpaților","highway":"residential","name_ro":null,"source":"openstreetmap"},"geometry":{"type":"LineString","coordinates":[[24.1380511,45.8066536],[24.1380849,45.8066661],[24.1381635,45.8066986],[24.1386508,45.8068953],[24.1391773,45.8071019],[24.1399812,45.8074183],[24.140048,45.8074439],[24.1407639,45.807728],[24.141487,45.8080107],[24.1420268,45.8082305],[24.1420862,45.8082562],[24.1421456,45.8082819]]}},{"type":"Feature","properties":{"osm_id":177380310,"name":"Strada Progresului","highway":"residential","name_ro":null,"source":"openstreetmap"},"geometry":{"type":"LineString","coordinates":[[24.1386629,45.8043582],[24.1386253,45.8043156],[24.1380545,45.8036682],[24.1372748,45.8027882],[24.137246,45.8027562],[24.1372159,45.8027248],[24.1371819,45.8026989],[24.1371569,45.802681],[24.1356896,45.801653],[24.1356568,45.80163],[24.1356321,45.801612]]}},{"type":"Feature","properties":{"osm_id":177380312,"name":"Strada Deva","highway":"residential","name_ro":null,"source":"openstreetmap"},"geometry":{"type":"LineString","coordinates":[[24.1339856,45.8025687],[24.1340008,45.8025978],[24.134016,45.8026268],[24.1346354,45.8038117],[24.1346407,45.8038224],[24.1346539,45.8038467],[24.1346744,45.803876]]}},{"type":"Feature","properties":{"osm_id":177380314,"name":"Strada Honterus","highway":"residential","name_ro":null,"source":"openstreetmap"},"geometry":{"type":"LineString","coordinates":[[24.1387052,45.8063256],[24.1387839,45.8062757],[24.1391288,45.8060614],[24.1394387,45.8058666],[24.1398106,45.8056426],[24.1398713,45.8056049],[24.1403052,45.805335],[24.1407408,45.8050653],[24.1412046,45.8047777],[24.1414708,45.804607],[24.1415436,45.8045622],[24.141576,45.8045386],[24.1415997,45.8045192],[24.1416135,45.8044998],[24.1416233,45.8044804],[24.1416411,45.8042932],[24.1416449,45.8042362]]}},{"type":"Feature","properties":{"osm_id":177380316,"name":"Strada Timișoara","highway":"residential","name_ro":null,"source":"openstreetmap"},"geometry":{"type":"LineString","coordinates":[[24.1374481,45.8005826],[24.1374881,45.8006199],[24.1375163,45.8006462],[24.1387421,45.8017886],[24.1387905,45.8018337],[24.1388389,45.8018788],[24.1388742,45.8019111],[24.1389095,45.8019433],[24.1391505,45.8021621],[24.1402501,45.8031703],[24.1402937,45.8032096]]}},{"type":"Feature","properties":{"osm_id":177380318,"name":"Strada Lăcrămioarelor","highway":"residential","name_ro":null,"source":"openstreetmap"},"geometry":{"type":"LineString","coordinates":[[24.1439288,45.8094805],[24.1435965,45.8095765],[24.1435016,45.8096039],[24.1434692,45.8096378],[24.1430397,45.8100875],[24.1424284,45.810704],[24.1423717,45.8107612]]}},{"type":"Feature","properties":{"osm_id":177380319,"name":"Strada Păltiniș","highway":"residential","name_ro":null,"source":"openstreetmap"},"geometry":{"type":"LineString","coordinates":[[24.1377094,45.8069335],[24.1377834,45.8068728],[24.1380511,45.8066536],[24.1385244,45.8062657],[24.1385749,45.8062244]]}},{"type":"Feature","properties":{"osm_id":177380322,"name":"Strada Traian Demetrescu","highway":"residential","name_ro":null,"source":"openstreetmap"},"geometry":{"type":"LineString","coordinates":[[24.1324139,45.8049511],[24.13244,45.8049825],[24.1324583,45.8050023],[24.1324823,45.8050222],[24.1325353,45.8050603],[24.1334895,45.8056361],[24.1351262,45.8066212],[24.1352126,45.8066735]]}},{"type":"Feature","properties":{"osm_id":177380324,"name":"Strada Castorului","highway":"residential","name_ro":null,"source":"openstreetmap"},"geometry":{"type":"LineString","coordinates":[[24.1339856,45.8025687],[24.1340173,45.8025331],[24.1340361,45.8025225],[24.1340497,45.8025179],[24.134059,45.8025148],[24.1341017,45.8025053],[24.1351379,45.802274],[24.1351715,45.8022653],[24.1352051,45.8022566]]}},{"type":"Feature","properties":{"osm_id":177380326,"name":"Strada Democrației","highway":"residential","name_ro":null,"source":"openstreetmap"},"geometry":{"type":"LineString","coordinates":[[24.1429132,45.8048628],[24.1428546,45.8048929],[24.1424188,45.8051287],[24.1420649,45.8053279],[24.1415373,45.8056224],[24.14109,45.80587],[24.1406226,45.8061286],[24.1404295,45.8062398],[24.1403471,45.806299],[24.1402773,45.8063626],[24.1402105,45.806427],[24.1401597,45.8064895],[24.1401049,45.8065637],[24.1399659,45.8067873],[24.1399275,45.8068433]]}},{"type":"Feature","properties":{"osm_id":177380328,"name":"Strada Eschile","highway":"residential","name_ro":null,"source":"openstreetmap"},"geometry":{"type":"LineString","coordinates":[[24.1430116,45.8082674],[24.1438324,45.8092323],[24.1438651,45.8092888],[24.1439119,45.809427],[24.1439288,45.8094805]]}},{"type":"Feature","properties":{"osm_id":177380330,"name":"Strada Viorelelor","highway":"residential","name_ro":null,"source":"openstreetmap"},"geometry":{"type":"LineString","coordinates":[[24.1434963,45.8052524],[24.1434159,45.8053022],[24.1429705,45.8055197],[24.1423802,45.8057962],[24.141852,45.8060434],[24.1413981,45.8062623],[24.1413841,45.8062837],[24.1413816,45.8063087],[24.1413955,45.8063315],[24.1417352,45.8066665],[24.1417831,45.8067086]]}},{"type":"Feature","properties":{"osm_id":177380331,"name":"Strada Traian Demetrescu","highway":"residential","name_ro":null,"source":"openstreetmap"},"geometry":{"type":"LineString","coordinates":[[24.1352126,45.8066735],[24.1356458,45.8069223],[24.1361786,45.8072267],[24.1368618,45.8076279],[24.1373314,45.8079174],[24.13738,45.8079476],[24.1379377,45.8082783],[24.1384358,45.8085944],[24.1384878,45.8086274],[24.1391833,45.8090433],[24.1397514,45.8093871],[24.1402342,45.8096702],[24.1402693,45.8096908],[24.1402966,45.8097072]]}},{"type":"Feature","properties":{"osm_id":177380333,"name":"Strada Arad","highway":"residential","name_ro":null,"source":"openstreetmap"},"geometry":{"type":"LineString","coordinates":[[24.1380226,45.804714],[24.137964,45.8046785],[24.1358672,45.803407],[24.1358311,45.8033831],[24.135797,45.8033606],[24.1357746,45.8033303],[24.1357521,45.8032999],[24.1353351,45.8025156],[24.1352051,45.8022566]]}},{"type":"Feature","properties":{"osm_id":177383417,"name":"Strada Cuptorului","highway":"residential","name_ro":null,"source":"openstreetmap"},"geometry":{"type":"LineString","coordinates":[[24.1358871,45.8125506],[24.1355767,45.8126553],[24.1355109,45.8126091],[24.1354435,45.8125868],[24.13537,45.8125793],[24.1353083,45.8125854],[24.1352466,45.8125999],[24.1349348,45.812704]]}},{"type":"Feature","properties":{"osm_id":177383420,"name":"Strada Țiglari","highway":"residential","name_ro":null,"source":"openstreetmap"},"geometry":{"type":"LineString","coordinates":[[24.1375999,45.8140726],[24.1370888,45.8134673],[24.1369438,45.8132869]]}},{"type":"Feature","properties":{"osm_id":177383422,"name":"Strada Doinei","highway":"residential","name_ro":null,"source":"openstreetmap"},"geometry":{"type":"LineString","coordinates":[[24.1410219,45.8109499],[24.1414305,45.8111759],[24.1416284,45.8113306],[24.1417614,45.8114038],[24.1419215,45.8114739],[24.1422636,45.8115799]]}},{"type":"Feature","properties":{"osm_id":177383423,"name":"Strada Maierilor","highway":"residential","name_ro":null,"source":"openstreetmap"},"geometry":{"type":"LineString","coordinates":[[24.1391588,45.8125916],[24.1390869,45.8125487],[24.137451,45.8115722],[24.1373763,45.8115233],[24.1373169,45.8114786],[24.1372629,45.8114256],[24.1372089,45.8113556],[24.1370707,45.8111435]]}},{"type":"Feature","properties":{"osm_id":177383430,"name":"Strada Cuptorului","highway":"residential","name_ro":null,"source":"openstreetmap"},"geometry":{"type":"LineString","coordinates":[[24.1343256,45.8139073],[24.1342811,45.8138504],[24.1337345,45.8131503],[24.1336582,45.8130459],[24.1334166,45.8127157],[24.1333639,45.8126436]]}},{"type":"Feature","properties":{"osm_id":177383434,"name":"Strada Doinei","highway":"residential","name_ro":null,"source":"openstreetmap"},"geometry":{"type":"LineString","coordinates":[[24.1384307,45.8131397],[24.1385069,45.813084],[24.1387057,45.8129387],[24.1390918,45.8126463],[24.1391588,45.8125916],[24.1392194,45.8125422],[24.1394914,45.8123206],[24.1398073,45.8120632],[24.1399045,45.811984]]}},{"type":"Feature","properties":{"osm_id":177383436,"name":"Strada Orhideelor","highway":"residential","name_ro":null,"source":"openstreetmap"},"geometry":{"type":"LineString","coordinates":[[24.1359383,45.8147241],[24.1369509,45.8143267],[24.1375101,45.8141072],[24.1375999,45.8140726]]}},{"type":"Feature","properties":{"osm_id":177383437,"name":"Strada Maierilor","highway":"residential","name_ro":null,"source":"openstreetmap"},"geometry":{"type":"LineString","coordinates":[[24.1407039,45.8136102],[24.1406432,45.813574],[24.1391522,45.8126827],[24.1390918,45.8126463]]}},{"type":"Feature","properties":{"osm_id":177383438,"name":"Strada Constructorilor","highway":"residential","name_ro":null,"source":"openstreetmap"},"geometry":{"type":"LineString","coordinates":[[24.1363029,45.8114173],[24.1368154,45.812133],[24.1368826,45.812199],[24.1369557,45.8122503],[24.1375657,45.8126022]]}},{"type":"Feature","properties":{"osm_id":177383439,"name":"Strada General Grigore Bălan","highway":"residential","name_ro":null,"source":"openstreetmap"},"geometry":{"type":"LineString","coordinates":[[24.1443087,45.804423],[24.1437625,45.8044693],[24.1437196,45.8044675],[24.1436873,45.8044441],[24.1430821,45.8037027],[24.1424303,45.8029791],[24.1423637,45.8029051],[24.142067,45.8023852],[24.141774,45.8018486],[24.1417598,45.8018225],[24.1417329,45.8017733]]}},{"type":"Feature","properties":{"osm_id":177383440,"name":"Aleea Monet","highway":"residential","name_ro":null,"source":"openstreetmap"},"geometry":{"type":"LineString","coordinates":[[24.1324046,45.817121],[24.1325534,45.8169508],[24.1327739,45.8166983]]}},{"type":"Feature","properties":{"osm_id":177435085,"name":"Strada Pânzarilor","highway":"residential","name_ro":null,"source":"openstreetmap"},"geometry":{"type":"LineString","coordinates":[[24.1454211,45.7978611],[24.1452961,45.7977199],[24.1451095,45.7974763],[24.1450282,45.797361],[24.1449403,45.7972205],[24.1447823,45.7969483],[24.1447052,45.796807],[24.1446494,45.7966891],[24.1446287,45.7966244],[24.1446251,45.7965614],[24.1446353,45.7965184],[24.1446622,45.7964733],[24.1447122,45.796438],[24.1447609,45.7964186],[24.1449672,45.7963561]]}},{"type":"Feature","properties":{"osm_id":177435087,"name":"Piața Armelor","highway":"residential","name_ro":null,"source":"openstreetmap"},"geometry":{"type":"LineString","coordinates":[[24.145516,45.7958171],[24.1455571,45.7960328]]}},{"type":"Feature","properties":{"osm_id":177435088,"name":"Strada Dreptății","highway":"residential","name_ro":null,"source":"openstreetmap"},"geometry":{"type":"LineString","coordinates":[[24.1278817,45.7999988],[24.1292775,45.7990545]]}},{"type":"Feature","properties":{"osm_id":177435089,"name":"Strada Autogării","highway":"residential","name_ro":null,"source":"openstreetmap"},"geometry":{"type":"LineString","coordinates":[[24.1316086,45.7983651],[24.1315525,45.7978567],[24.1315317,45.7976687],[24.1312786,45.7958555],[24.1312685,45.7957516],[24.1312228,45.7952803],[24.1312153,45.7952029],[24.1312055,45.7951016],[24.1311908,45.7949493],[24.1311961,45.79491],[24.1312105,45.7948771]]}},{"type":"Feature","properties":{"osm_id":177435090,"name":"Strada Ion Pop Reteganu","highway":"residential","name_ro":null,"source":"openstreetmap"},"geometry":{"type":"LineString","coordinates":[[24.1382677,45.8045715],[24.1383452,45.8046253],[24.1397529,45.8056028],[24.1398106,45.8056426]]}},{"type":"Feature","properties":{"osm_id":177435091,"name":"Strada Narciselor","highway":"residential","name_ro":null,"source":"openstreetmap"},"geometry":{"type":"LineString","coordinates":[[24.1403375,45.8049917],[24.139768,45.8046124],[24.1393881,45.8043669],[24.1391708,45.8042291],[24.1391074,45.8041806]]}},{"type":"Feature","properties":{"osm_id":177435092,"name":"Strada Sapunarilor","highway":"residential","name_ro":null,"source":"openstreetmap"},"geometry":{"type":"LineString","coordinates":[[24.154783,45.8018892],[24.154806,45.8019123],[24.1548443,45.8019565],[24.1549004,45.8020187],[24.154935,45.8020571],[24.1550331,45.8021773],[24.1550732,45.8022243],[24.1551147,45.8022739]]}},{"type":"Feature","properties":{"osm_id":177435093,"name":"Strada Sapunarilor","highway":"residential","name_ro":null,"source":"openstreetmap"},"geometry":{"type":"LineString","coordinates":[[24.1547535,45.8018638],[24.154783,45.8018892]]}},{"type":"Feature","properties":{"osm_id":177435095,"name":"Piața Armelor","highway":"residential","name_ro":null,"source":"openstreetmap"},"geometry":{"type":"LineString","coordinates":[[24.1451797,45.7962165],[24.1453255,45.7963204],[24.1453642,45.7963609],[24.1453795,45.7963903],[24.1453758,45.796422],[24.1453426,45.7964596]]}},{"type":"Feature","properties":{"osm_id":177435097,"name":"Strada Măsarilor","highway":"tertiary","name_ro":"Strada Măsarilor","source":"openstreetmap"},"geometry":{"type":"LineString","coordinates":[[24.1468614,45.7969194],[24.1468099,45.7969527],[24.146753,45.7969846],[24.1467011,45.797011],[24.1466294,45.7970453],[24.1463563,45.7971714],[24.1462223,45.797235],[24.1460925,45.7973022],[24.1459798,45.7973685],[24.145897,45.7974241],[24.1458023,45.7974951],[24.1457063,45.7975731]]}},{"type":"Feature","properties":{"osm_id":177435098,"name":"Strada Distribuției","highway":"residential","name_ro":null,"source":"openstreetmap"},"geometry":{"type":"LineString","coordinates":[[24.1299753,45.7993998],[24.1299781,45.7993783],[24.129985,45.7993536],[24.1300054,45.7993293],[24.1316086,45.7983651]]}},{"type":"Feature","properties":{"osm_id":177435099,"name":"Aleea Filozofilor","highway":"residential","name_ro":null,"source":"openstreetmap"},"geometry":{"type":"LineString","coordinates":[[24.1452926,45.7961068],[24.1441828,45.7957128],[24.1441127,45.7956908],[24.1439915,45.7956548],[24.1435156,45.7955536],[24.1430083,45.7954282],[24.1430011,45.7954253],[24.1429016,45.7953844],[24.1428424,45.7953337],[24.1427549,45.7952341],[24.1425923,45.7949691],[24.142549,45.7948651],[24.1424621,45.7946217]]}},{"type":"Feature","properties":{"osm_id":177435100,"name":"Strada Dârstelor","highway":"residential","name_ro":null,"source":"openstreetmap"},"geometry":{"type":"LineString","coordinates":[[24.1445364,45.7982975],[24.1444948,45.7982239],[24.1443337,45.7979399],[24.1441952,45.7977017],[24.1441299,45.7975648],[24.1440726,45.7974053],[24.1440424,45.797248],[24.144028,45.7970664],[24.1440278,45.7967614],[24.1440546,45.7963734],[24.1441127,45.7956908]]}},{"type":"Feature","properties":{"osm_id":177435101,"name":"Strada Victor Tordășianu","highway":"residential","name_ro":null,"source":"openstreetmap"},"geometry":{"type":"LineString","coordinates":[[24.1483497,45.7983822],[24.1483698,45.7984915],[24.1484526,45.7989111],[24.1484695,45.799008],[24.1484755,45.799075],[24.1484758,45.7991364],[24.1484662,45.7991929],[24.1484392,45.7992501],[24.1484068,45.7992946],[24.1483447,45.7993552],[24.1481073,45.7995485]]}},{"type":"Feature","properties":{"osm_id":177441398,"name":"Strada Gheorghe Șincai","highway":"residential","name_ro":null,"source":"openstreetmap"},"geometry":{"type":"LineString","coordinates":[[24.1514712,45.80994],[24.151566,45.8098969],[24.153935,45.8088295],[24.1539972,45.8088025]]}},{"type":"Feature","properties":{"osm_id":177441399,"name":"Strada Berzelor","highway":"residential","name_ro":null,"source":"openstreetmap"},"geometry":{"type":"LineString","coordinates":[[24.1488504,45.8120247],[24.152167,45.8108834],[24.1522331,45.8108606]]}},{"type":"Feature","properties":{"osm_id":177441400,"name":"Strada Gheorghe Șincai","highway":"residential","name_ro":null,"source":"openstreetmap"},"geometry":{"type":"LineString","coordinates":[[24.1517337,45.8101948],[24.1514712,45.80994],[24.1508823,45.8095151],[24.150817,45.8094711]]}},{"type":"Feature","properties":{"osm_id":177441403,"name":"Strada Petru Maior","highway":"residential","name_ro":null,"source":"openstreetmap"},"geometry":{"type":"LineString","coordinates":[[24.149773,45.810654],[24.1496276,45.8104857],[24.1496108,45.8104551],[24.1496073,45.8104226],[24.1496192,45.810398],[24.1499145,45.8101614],[24.1503523,45.8098208],[24.150817,45.8094711],[24.1515543,45.8089272],[24.1521944,45.808455],[24.1522595,45.8084105],[24.1523104,45.8083775],[24.1523612,45.8083504],[24.1532002,45.8079845],[24.1533227,45.8079329]]}},{"type":"Feature","properties":{"osm_id":177441407,"name":"Strada General Nicolae Ionita Dacalescu","highway":"residential","name_ro":null,"source":"openstreetmap"},"geometry":{"type":"LineString","coordinates":[[24.1456897,45.8193459],[24.1456412,45.8193088],[24.1456047,45.819273],[24.1455748,45.8192345],[24.1455448,45.8191863],[24.1454844,45.8190913],[24.1454508,45.8190587],[24.145367,45.8190169],[24.1451943,45.8189447],[24.1450186,45.818873],[24.1444537,45.8186481],[24.1435883,45.8183139],[24.1415506,45.817532],[24.141165,45.8173841],[24.1403156,45.8170447]]}},{"type":"Feature","properties":{"osm_id":177455500,"name":"Strada Principatele Unite","highway":"tertiary","name_ro":null,"source":"openstreetmap"},"geometry":{"type":"LineString","coordinates":[[24.1772179,45.7966769],[24.1772075,45.7967284],[24.1770938,45.7972803],[24.1770333,45.7975904],[24.1768579,45.7984446],[24.1768541,45.7985404]]}},{"type":"Feature","properties":{"osm_id":177455501,"name":"Strada Luceafărului","highway":"residential","name_ro":null,"source":"openstreetmap"},"geometry":{"type":"LineString","coordinates":[[24.1805762,45.7998318],[24.1799557,45.7999294],[24.1798026,45.7999538],[24.1788466,45.8001067],[24.1787151,45.8001282],[24.1776833,45.8002966],[24.1766513,45.8004683],[24.1765413,45.8004866],[24.1755972,45.8006425],[24.1751502,45.8007286],[24.1742011,45.8009458],[24.1734792,45.8011229],[24.1733997,45.8011568],[24.173342,45.8012042],[24.1733282,45.8012381],[24.1733242,45.8013286]]}},{"type":"Feature","properties":{"osm_id":177455506,"name":"Strada Lazaret","highway":"residential","name_ro":null,"source":"openstreetmap"},"geometry":{"type":"LineString","coordinates":[[24.1696765,45.8013841],[24.1700902,45.8014814],[24.1709294,45.8017214],[24.1715898,45.8019168],[24.1717002,45.8019571],[24.1718064,45.8020043],[24.1718546,45.8020461],[24.1722629,45.802406],[24.1723581,45.80249]]}},{"type":"Feature","properties":{"osm_id":177455507,"name":"Strada Nicovalei","highway":"residential","name_ro":null,"source":"openstreetmap"},"geometry":{"type":"LineString","coordinates":[[24.1655846,45.7997712],[24.1657027,45.7995971],[24.165794,45.7995013],[24.165857,45.7994476],[24.1659373,45.7993969],[24.166022,45.7993584],[24.1661241,45.7993254],[24.1663756,45.799269],[24.1674846,45.7990897],[24.1676718,45.7991247],[24.1678014,45.7991748],[24.1679263,45.7992361],[24.168578,45.7996679]]}},{"type":"Feature","properties":{"osm_id":177455508,"name":"Strada Macaralei","highway":"tertiary","name_ro":null,"source":"openstreetmap"},"geometry":{"type":"LineString","coordinates":[[24.1724228,45.7997338],[24.1717815,45.7999071],[24.1708111,45.8002196],[24.1706927,45.8002723],[24.170559,45.8003492],[24.1704561,45.8004141],[24.1700561,45.8007233]]}},{"type":"Feature","properties":{"osm_id":177455509,"name":"Strada Viitorului","highway":"tertiary","name_ro":null,"source":"openstreetmap"},"geometry":{"type":"LineString","coordinates":[[24.1588526,45.8068218],[24.1597893,45.8070774],[24.160277,45.8072172],[24.1606102,45.8073095],[24.1606834,45.8073362],[24.1610114,45.8074427],[24.1620619,45.8077358],[24.1630537,45.8080142],[24.1643327,45.8083774]]}},{"type":"Feature","properties":{"osm_id":177455510,"name":"Strada Sandu Aldea","highway":"residential","name_ro":null,"source":"openstreetmap"},"geometry":{"type":"LineString","coordinates":[[24.1616757,45.8034382],[24.1619463,45.802711],[24.1619717,45.8026601]]}},{"type":"Feature","properties":{"osm_id":177455516,"name":"Strada Ciorcârliei","highway":"residential","name_ro":null,"source":"openstreetmap"},"geometry":{"type":"LineString","coordinates":[[24.1683835,45.8079894],[24.1695287,45.8067414],[24.1695799,45.8066856]]}},{"type":"Feature","properties":{"osm_id":177455518,"name":"Strada Mureșului","highway":"residential","name_ro":null,"source":"openstreetmap"},"geometry":{"type":"LineString","coordinates":[[24.1719262,45.8087924],[24.1720127,45.8086953],[24.1727049,45.8079184],[24.1727769,45.8078376]]}},{"type":"Feature","properties":{"osm_id":177455519,"name":"Strada Lebedei","highway":"residential","name_ro":null,"source":"openstreetmap"},"geometry":{"type":"LineString","coordinates":[[24.1799557,45.7999294],[24.1790728,45.7980385]]}},{"type":"Feature","properties":{"osm_id":177455520,"name":"Strada Anina","highway":"residential","name_ro":null,"source":"openstreetmap"},"geometry":{"type":"LineString","coordinates":[[24.1602322,45.8059433],[24.1602953,45.8058902],[24.1611073,45.805197]]}},{"type":"Feature","properties":{"osm_id":177455522,"name":"Strada Émile Zola","highway":"residential","name_ro":null,"source":"openstreetmap"},"geometry":{"type":"LineString","coordinates":[[24.1712625,45.8049243],[24.1713601,45.8048705],[24.1745179,45.8030663],[24.1745973,45.8030204]]}},{"type":"Feature","properties":{"osm_id":177455524,"name":"Strada Primăverii","highway":"residential","name_ro":null,"source":"openstreetmap"},"geometry":{"type":"LineString","coordinates":[[24.1755972,45.8006425],[24.1748848,45.7990463],[24.174861,45.798993]]}},{"type":"Feature","properties":{"osm_id":177455530,"name":"Strada Cezar Bolliac","highway":"residential","name_ro":null,"source":"openstreetmap"},"geometry":{"type":"LineString","coordinates":[[24.1706468,45.8037503],[24.170752,45.8037063],[24.1708195,45.8036694],[24.1708603,45.8036386],[24.1710299,45.8034992],[24.1717911,45.8028859],[24.1721444,45.8026095],[24.172204,45.8025698],[24.1722757,45.8025301],[24.1723581,45.80249],[24.1724338,45.8024648],[24.1729701,45.8023576],[24.1730836,45.802348],[24.1732056,45.8023546],[24.173844,45.8024546]]}},{"type":"Feature","properties":{"osm_id":177455534,"name":"Strada Alecu Russo","highway":"residential","name_ro":null,"source":"openstreetmap"},"geometry":{"type":"LineString","coordinates":[[24.1751386,45.8034211],[24.1750817,45.8034542],[24.1718337,45.8053234],[24.1717063,45.8053965]]}},{"type":"Feature","properties":{"osm_id":177455535,"name":"Strada Arcului","highway":"residential","name_ro":null,"source":"openstreetmap"},"geometry":{"type":"LineString","coordinates":[[24.1788466,45.8001067],[24.1788099,45.8000306],[24.1779948,45.7983386],[24.177972,45.7982913]]}},{"type":"Feature","properties":{"osm_id":177455537,"name":"Strada Reșița","highway":"residential","name_ro":null,"source":"openstreetmap"},"geometry":{"type":"LineString","coordinates":[[24.1661797,45.8081275],[24.1670132,45.8074446]]}},{"type":"Feature","properties":{"osm_id":177455538,"name":"Strada Anatole France","highway":"residential","name_ro":null,"source":"openstreetmap"},"geometry":{"type":"LineString","coordinates":[[24.1740073,45.8025769],[24.173932,45.8026204],[24.1710717,45.8042512],[24.1709218,45.8043359]]}},{"type":"Feature","properties":{"osm_id":177455540,"name":"Strada Armoniei","highway":"residential","name_ro":null,"source":"openstreetmap"},"geometry":{"type":"LineString","coordinates":[[24.1669512,45.8055468],[24.1668804,45.8056099],[24.1658156,45.8065324],[24.1657495,45.8065897]]}},{"type":"Feature","properties":{"osm_id":177455542,"name":"Strada Mașiniștilor","highway":"tertiary","name_ro":null,"source":"openstreetmap"},"geometry":{"type":"LineString","coordinates":[[24.1724228,45.7997338],[24.1723631,45.7996863],[24.1723168,45.7996319],[24.1722789,45.7995545],[24.1721307,45.7992407],[24.1719188,45.7987772],[24.171808,45.7985247],[24.171766,45.7984367]]}},{"type":"Feature","properties":{"osm_id":177455547,"name":"Strada Traian","highway":"residential","name_ro":null,"source":"openstreetmap"},"geometry":{"type":"LineString","coordinates":[[24.1583025,45.8056843],[24.1571536,45.8050864],[24.1571096,45.8050634]]}},{"type":"Feature","properties":{"osm_id":177455552,"name":"Strada Porumbeilor","highway":"residential","name_ro":null,"source":"openstreetmap"},"geometry":{"type":"LineString","coordinates":[[24.1679303,45.8078237],[24.1683848,45.807352],[24.1683925,45.8073088],[24.1683615,45.807271],[24.1677037,45.8070428]]}},{"type":"Feature","properties":{"osm_id":177455553,"name":"Strada Zorilor","highway":"residential","name_ro":null,"source":"openstreetmap"},"geometry":{"type":"LineString","coordinates":[[24.1667626,45.8072759],[24.1678574,45.8060706],[24.1679194,45.8060024]]}},{"type":"Feature","properties":{"osm_id":177455556,"name":"Strada Heinrich Heine","highway":"residential","name_ro":null,"source":"openstreetmap"},"geometry":{"type":"LineString","coordinates":[[24.1691832,45.8083059],[24.1705153,45.8070654],[24.1705769,45.807008]]}},{"type":"Feature","properties":{"osm_id":177455558,"name":"Strada Lebedei","highway":"residential","name_ro":null,"source":"openstreetmap"},"geometry":{"type":"LineString","coordinates":[[24.1798026,45.7999538],[24.1798231,45.7999987],[24.1802618,45.8009592]]}},{"type":"Feature","properties":{"osm_id":177455559,"name":"Strada Libertății","highway":"residential","name_ro":null,"source":"openstreetmap"},"geometry":{"type":"LineString","coordinates":[[24.1742011,45.8009458],[24.1734569,45.7993796],[24.1734318,45.7993267]]}},{"type":"Feature","properties":{"osm_id":177455561,"name":"Strada Oltului","highway":"residential","name_ro":null,"source":"openstreetmap"},"geometry":{"type":"LineString","coordinates":[[24.1588526,45.8068218],[24.1598744,45.8058355],[24.159892,45.8058185],[24.1599207,45.8057913]]}},{"type":"Feature","properties":{"osm_id":177455565,"name":"Strada Lebedei","highway":"residential","name_ro":null,"source":"openstreetmap"},"geometry":{"type":"LineString","coordinates":[[24.180097,45.8022002],[24.1795874,45.8011145]]}},{"type":"Feature","properties":{"osm_id":177455567,"name":"Strada Rulmentului","highway":"residential","name_ro":null,"source":"openstreetmap"},"geometry":{"type":"LineString","coordinates":[[24.1683469,45.8009961],[24.168409,45.8009377],[24.1691828,45.800209],[24.1692565,45.8001442]]}},{"type":"Feature","properties":{"osm_id":177455569,"name":"Strada Rândunelelor","highway":"residential","name_ro":null,"source":"openstreetmap"},"geometry":{"type":"LineString","coordinates":[[24.1672325,45.8075594],[24.1677037,45.8070428],[24.1683745,45.8062863],[24.1684303,45.8062234]]}},{"type":"Feature","properties":{"osm_id":177455571,"name":"Strada Heinrich Heine","highway":"residential","name_ro":null,"source":"openstreetmap"},"geometry":{"type":"LineString","coordinates":[[24.1704736,45.8069754],[24.17052,45.8069091],[24.1715933,45.805376],[24.1716365,45.8053241]]}},{"type":"Feature","properties":{"osm_id":177455574,"name":"Strada Anina","highway":"residential","name_ro":null,"source":"openstreetmap"},"geometry":{"type":"LineString","coordinates":[[24.1611073,45.805197],[24.1619053,45.8045128]]}},{"type":"Feature","properties":{"osm_id":177455578,"name":"Strada Plevna","highway":"residential","name_ro":null,"source":"openstreetmap"},"geometry":{"type":"LineString","coordinates":[[24.1719188,45.7987772],[24.1729353,45.7985641],[24.1735019,45.7984297],[24.1751051,45.7980496],[24.1768823,45.7976281],[24.1770333,45.7975904]]}},{"type":"Feature","properties":{"osm_id":177455582,"name":"Strada Turgheniev","highway":"residential","name_ro":null,"source":"openstreetmap"},"geometry":{"type":"LineString","coordinates":[[24.1718064,45.8020043],[24.1719129,45.8019382],[24.1720549,45.8018687],[24.1728897,45.8015986],[24.1732228,45.801502],[24.173296,45.8014737],[24.1733317,45.8014314],[24.1733242,45.8013286]]}},{"type":"Feature","properties":{"osm_id":177455585,"name":"Strada Petrila","highway":"residential","name_ro":null,"source":"openstreetmap"},"geometry":{"type":"LineString","coordinates":[[24.1625567,45.8049313],[24.1627285,45.8049369],[24.1634602,45.8049512],[24.1646053,45.8049817],[24.1653571,45.8049957],[24.1658161,45.8050057],[24.1660482,45.8050118]]}},{"type":"Feature","properties":{"osm_id":177455587,"name":"Strada Crinilor","highway":"residential","name_ro":null,"source":"openstreetmap"},"geometry":{"type":"LineString","coordinates":[[24.163839,45.8067053],[24.1639057,45.806657],[24.1647854,45.8060093],[24.1648361,45.8059708]]}},{"type":"Feature","properties":{"osm_id":177455592,"name":"Strada Șerpuită","highway":"residential","name_ro":null,"source":"openstreetmap"},"geometry":{"type":"LineString","coordinates":[[24.1617077,45.8015717],[24.1615167,45.8014158],[24.1610701,45.8010661]]}},{"type":"Feature","properties":{"osm_id":177455595,"name":"Strada Doctor Corneliu Diaconovici","highway":"residential","name_ro":null,"source":"openstreetmap"},"geometry":{"type":"LineString","coordinates":[[24.177103,45.8016888],[24.1765732,45.8005549],[24.1765413,45.8004866]]}},{"type":"Feature","properties":{"osm_id":177455597,"name":"Strada Petru Poni","highway":"residential","name_ro":null,"source":"openstreetmap"},"geometry":{"type":"LineString","coordinates":[[24.1693085,45.8065779],[24.1693549,45.8065308],[24.1699194,45.8059565],[24.1704597,45.8053875],[24.1705062,45.8053385]]}},{"type":"Feature","properties":{"osm_id":177455599,"name":"Strada August Treboniu Laurian","highway":"residential","name_ro":null,"source":"openstreetmap"},"geometry":{"type":"LineString","coordinates":[[24.1640906,45.8035507],[24.1644965,45.8032603],[24.1651053,45.802823],[24.1654018,45.80261],[24.1657853,45.8021437],[24.1661494,45.8016804],[24.1662961,45.8015014],[24.1668062,45.8008419],[24.1669656,45.8006411],[24.1670439,45.800543],[24.167093,45.8004874]]}},{"type":"Feature","properties":{"osm_id":177455602,"name":"Strada Iuliu Maniu","highway":"residential","name_ro":null,"source":"openstreetmap"},"geometry":{"type":"LineString","coordinates":[[24.1657052,45.8047854],[24.1657513,45.8047479],[24.166846,45.8038561],[24.1672241,45.8035312]]}},{"type":"Feature","properties":{"osm_id":177455605,"name":"Strada Egalității","highway":"tertiary","name_ro":null,"source":"openstreetmap"},"geometry":{"type":"LineString","coordinates":[[24.1660482,45.8050118],[24.1661735,45.8049809],[24.1677891,45.8045823],[24.168738,45.8043329]]}},{"type":"Feature","properties":{"osm_id":177455610,"name":"Strada Decebal","highway":"residential","name_ro":null,"source":"openstreetmap"},"geometry":{"type":"LineString","coordinates":[[24.1592418,45.8030095],[24.1592947,45.8030393],[24.1619053,45.8045128]]}},{"type":"Feature","properties":{"osm_id":177455613,"name":"Strada Balanței","highway":"residential","name_ro":null,"source":"openstreetmap"},"geometry":{"type":"LineString","coordinates":[[24.1665106,45.8002554],[24.1673433,45.7992342],[24.1674846,45.7990897]]}},{"type":"Feature","properties":{"osm_id":177455615,"name":"Strada Frezorilor","highway":"residential","name_ro":null,"source":"openstreetmap"},"geometry":{"type":"LineString","coordinates":[[24.1817174,45.8018234],[24.1816256,45.8018459],[24.1814768,45.8018814],[24.1811678,45.8019527],[24.180097,45.8022002],[24.1767937,45.8029771],[24.17558,45.8032735],[24.1754186,45.8033092],[24.1752565,45.8033609]]}},{"type":"Feature","properties":{"osm_id":177455618,"name":"Strada Laminorului","highway":"residential","name_ro":null,"source":"openstreetmap"},"geometry":{"type":"LineString","coordinates":[[24.1700486,45.7988365],[24.1700055,45.7987774],[24.1699766,45.7987388],[24.1699063,45.7986743],[24.1698102,45.798612],[24.1691632,45.798264],[24.1690857,45.7982147],[24.1690259,45.7981726],[24.1689606,45.7981154],[24.1688678,45.7980245],[24.1688138,45.797967],[24.1683041,45.7973881],[24.1682548,45.7973321],[24.1681525,45.7972828]]}},{"type":"Feature","properties":{"osm_id":177455620,"name":"Strada Moreni","highway":"residential","name_ro":null,"source":"openstreetmap"},"geometry":{"type":"LineString","coordinates":[[24.1567502,45.8053956],[24.1567904,45.8054164],[24.1582741,45.8061852],[24.1583119,45.806193]]}},{"type":"Feature","properties":{"osm_id":177455623,"name":"Strada Ana Ipătescu","highway":"residential","name_ro":null,"source":"openstreetmap"},"geometry":{"type":"LineString","coordinates":[[24.1640069,45.80174],[24.1640319,45.8017837],[24.1640614,45.8018103],[24.164091,45.801837],[24.1641527,45.8018744],[24.1647545,45.8022308],[24.1653013,45.802552],[24.1654018,45.80261],[24.1655093,45.8026776],[24.1657601,45.8028061],[24.1659799,45.802914],[24.1666365,45.8032437],[24.1672241,45.8035312],[24.1673521,45.8034282],[24.1674175,45.8033708],[24.1674575,45.8033448],[24.1675037,45.8033444],[24.1675608,45.8033648],[24.1676561,45.8034185],[24.1677899,45.8035026],[24.1678674,45.8035681],[24.1679852,45.8037049],[24.1681104,45.8038636],[24.1682257,45.8040018],[24.1682708,45.8040503],[24.1683356,45.8040993],[24.168738,45.8043329],[24.1705062,45.8053385]]}},{"type":"Feature","properties":{"osm_id":177455626,"name":"Strada Octavian Smighelschi","highway":"residential","name_ro":null,"source":"openstreetmap"},"geometry":{"type":"LineString","coordinates":[[24.1606397,45.8061357],[24.1606042,45.8061741],[24.1602613,45.8065441],[24.1597893,45.8070774]]}},{"type":"Feature","properties":{"osm_id":177455629,"name":"Strada Wolfgang Amadeus Mozart","highway":"residential","name_ro":null,"source":"openstreetmap"},"geometry":{"type":"LineString","coordinates":[[24.1739368,45.8024277],[24.1738406,45.8023563],[24.1731281,45.8018487],[24.1730502,45.8017882],[24.1729863,45.8017252],[24.1728897,45.8015986]]}},{"type":"Feature","properties":{"osm_id":177455632,"name":"Strada Principatele Unite","highway":"residential","name_ro":null,"source":"openstreetmap"},"geometry":{"type":"LineString","coordinates":[[24.1776833,45.8002966],[24.1776515,45.8002292],[24.1768759,45.7985867],[24.1768541,45.7985404]]}},{"type":"Feature","properties":{"osm_id":177455639,"name":"Strada Muncii","highway":"residential","name_ro":null,"source":"openstreetmap"},"geometry":{"type":"LineString","coordinates":[[24.1616723,45.8018962],[24.1617716,45.8019033],[24.1622509,45.8019527],[24.1625515,45.8019771],[24.1627695,45.8019822],[24.1629801,45.8019768],[24.1631723,45.8019695],[24.1632896,45.8019594],[24.1634192,45.8019368],[24.1638898,45.8017795],[24.1640069,45.80174]]}},{"type":"Feature","properties":{"osm_id":177455642,"name":"Strada Strungului","highway":"tertiary","name_ro":null,"source":"openstreetmap"},"geometry":{"type":"LineString","coordinates":[[24.1674453,45.8006293],[24.1675199,45.8005652],[24.1681603,45.8000148],[24.1685025,45.7997306],[24.168578,45.7996679]]}},{"type":"Feature","properties":{"osm_id":177455645,"name":"Strada Teliuc","highway":"residential","name_ro":null,"source":"openstreetmap"},"geometry":{"type":"LineString","coordinates":[[24.1620228,45.8038182],[24.1621484,45.8036632],[24.1621798,45.8036203],[24.1622073,45.8035718],[24.1624675,45.8028383],[24.1624874,45.8027848]]}},{"type":"Feature","properties":{"osm_id":177455647,"name":"Strada Reșița","highway":"residential","name_ro":null,"source":"openstreetmap"},"geometry":{"type":"LineString","coordinates":[[24.1688827,45.8081939],[24.1679986,45.8089319],[24.1679074,45.8089458],[24.1678022,45.8089435],[24.1676178,45.8089048],[24.1673914,45.8088433],[24.1669944,45.8086095],[24.1661797,45.8081275]]}},{"type":"Feature","properties":{"osm_id":177455653,"name":"Strada Mașiniștilor","highway":"residential","name_ro":null,"source":"openstreetmap"},"geometry":{"type":"LineString","coordinates":[[24.1724228,45.7997338],[24.1724854,45.7997922],[24.1731439,45.8011809],[24.173202,45.8012514],[24.1733242,45.8013286]]}},{"type":"Feature","properties":{"osm_id":177455655,"name":"Strada Ecaterina Varga","highway":"residential","name_ro":null,"source":"openstreetmap"},"geometry":{"type":"LineString","coordinates":[[24.173844,45.8024546],[24.1739368,45.8024277],[24.1744892,45.8022922],[24.1769931,45.8017142],[24.177103,45.8016888],[24.1795874,45.8011145],[24.1802618,45.8009592],[24.1810132,45.8007942]]}},{"type":"Feature","properties":{"osm_id":177455658,"name":"Strada Vânătorilor","highway":"residential","name_ro":null,"source":"openstreetmap"},"geometry":{"type":"LineString","coordinates":[[24.1630917,45.8039261],[24.1643598,45.8039512],[24.1644764,45.8039503]]}},{"type":"Feature","properties":{"osm_id":177455660,"name":"Strada Prometeu","highway":"residential","name_ro":null,"source":"openstreetmap"},"geometry":{"type":"LineString","coordinates":[[24.1675797,45.8014611],[24.1677154,45.8011868],[24.1678606,45.8008773],[24.167891,45.8008144]]}},{"type":"Feature","properties":{"osm_id":177471345,"name":"Strada Horia","highway":"residential","name_ro":null,"source":"openstreetmap"},"geometry":{"type":"LineString","coordinates":[[24.138739,45.7737725],[24.1387171,45.7737483],[24.1372506,45.7723143],[24.1372228,45.7722871]]}},{"type":"Feature","properties":{"osm_id":177471348,"name":"Strada Bihorului","highway":"residential","name_ro":null,"source":"openstreetmap"},"geometry":{"type":"LineString","coordinates":[[24.1350189,45.7871449],[24.1350194,45.7871912],[24.1350213,45.7873731],[24.1350224,45.7875252],[24.1350247,45.7875483],[24.1350275,45.7878351],[24.1350293,45.7880671]]}},{"type":"Feature","properties":{"osm_id":177471349,"name":"Strada Profesor Aurel Popa","highway":"residential","name_ro":null,"source":"openstreetmap"},"geometry":{"type":"LineString","coordinates":[[24.1303868,45.7836892],[24.1303975,45.7837025],[24.1305013,45.7838146],[24.1306146,45.7839398],[24.1308338,45.7841872],[24.1310053,45.7843861],[24.1310606,45.7844403],[24.1312665,45.7846774],[24.1312973,45.7847118],[24.1314108,45.7848388],[24.1316321,45.7850865],[24.1318356,45.7853143],[24.1318827,45.7853671],[24.1319143,45.7853967],[24.1320189,45.7854948],[24.1320915,45.785563]]}},{"type":"Feature","properties":{"osm_id":177471351,"name":"Strada Nicolae Filimon","highway":"residential","name_ro":null,"source":"openstreetmap"},"geometry":{"type":"LineString","coordinates":[[24.1378719,45.7706898],[24.1376279,45.7717209],[24.1376208,45.7717615]]}},{"type":"Feature","properties":{"osm_id":177471358,"name":"Strada Ilarie Chendi","highway":"residential","name_ro":null,"source":"openstreetmap"},"geometry":{"type":"LineString","coordinates":[[24.1422141,45.7792654],[24.1422776,45.7792422],[24.1444365,45.7784384],[24.1445546,45.7783944]]}},{"type":"Feature","properties":{"osm_id":177471360,"name":"Strada George Coșbuc","highway":"residential","name_ro":null,"source":"openstreetmap"},"geometry":{"type":"LineString","coordinates":[[24.1448292,45.7918986],[24.1436019,45.7908809],[24.1435685,45.7908271]]}},{"type":"Feature","properties":{"osm_id":177471361,"name":"Strada Jina","highway":"residential","name_ro":null,"source":"openstreetmap"},"geometry":{"type":"LineString","coordinates":[[24.134752,45.7796354],[24.1352972,45.7805719]]}},{"type":"Feature","properties":{"osm_id":177471362,"name":"Strada Pincio Ioan Păun","highway":"residential","name_ro":null,"source":"openstreetmap"},"geometry":{"type":"LineString","coordinates":[[24.1296282,45.7773335],[24.1296866,45.7770646],[24.1298442,45.7763382]]}},{"type":"Feature","properties":{"osm_id":177471370,"name":"Strada Alexandru Donici","highway":"residential","name_ro":null,"source":"openstreetmap"},"geometry":{"type":"LineString","coordinates":[[24.141451,45.7905127],[24.141503,45.7904851],[24.1423297,45.7900431],[24.1423787,45.7900129]]}},{"type":"Feature","properties":{"osm_id":177471371,"name":"Strada Grigore Ureche","highway":"residential","name_ro":null,"source":"openstreetmap"},"geometry":{"type":"LineString","coordinates":[[24.1371765,45.7719957],[24.1371099,45.7719888],[24.1354739,45.7717894],[24.1353949,45.7717801]]}},{"type":"Feature","properties":{"osm_id":177471373,"name":"Strada Costache Negri","highway":"residential","name_ro":null,"source":"openstreetmap"},"geometry":{"type":"LineString","coordinates":[[24.1373341,45.77182],[24.1373011,45.7717864],[24.1366148,45.771156],[24.1365745,45.7711187],[24.1364784,45.7710259],[24.1351216,45.7697026]]}},{"type":"Feature","properties":{"osm_id":177471374,"name":"Aleea Turnu Roșu","highway":"residential","name_ro":null,"source":"openstreetmap"},"geometry":{"type":"LineString","coordinates":[[24.1533966,45.7814576],[24.153498,45.7815075],[24.1539324,45.7817421],[24.1540215,45.7817888],[24.1547101,45.7821622],[24.1548241,45.7822241]]}},{"type":"Feature","properties":{"osm_id":177471382,"name":"Strada Doctor Barcianu","highway":"residential","name_ro":null,"source":"openstreetmap"},"geometry":{"type":"LineString","coordinates":[[24.1475346,45.7784848],[24.1475039,45.7784359],[24.1468628,45.7775836],[24.1468094,45.7775169]]}},{"type":"Feature","properties":{"osm_id":177471383,"name":"Strada Cloșca","highway":"residential","name_ro":null,"source":"openstreetmap"},"geometry":{"type":"LineString","coordinates":[[24.1391899,45.7730611],[24.1391572,45.772997],[24.1382274,45.7721067],[24.1380352,45.7719174],[24.1380117,45.7718946]]}},{"type":"Feature","properties":{"osm_id":177471387,"name":"Strada Mehedinți","highway":"residential","name_ro":null,"source":"openstreetmap"},"geometry":{"type":"LineString","coordinates":[[24.1321828,45.7840375],[24.1317916,45.7843199],[24.1317452,45.7843508],[24.1316664,45.7844035],[24.1312665,45.7846774]]}},{"type":"Feature","properties":{"osm_id":177471389,"name":"Strada Dobrogei","highway":"residential","name_ro":null,"source":"openstreetmap"},"geometry":{"type":"LineString","coordinates":[[24.1401044,45.7885387],[24.1390698,45.7892932],[24.1389707,45.7893655]]}},{"type":"Feature","properties":{"osm_id":177471390,"name":"Strada Someșului","highway":"residential","name_ro":null,"source":"openstreetmap"},"geometry":{"type":"LineString","coordinates":[[24.1481836,45.7884579],[24.148057,45.7882621],[24.1476415,45.7876638],[24.1474804,45.7874417]]}},{"type":"Feature","properties":{"osm_id":177471392,"name":"Strada Panait Cerna","highway":"residential","name_ro":null,"source":"openstreetmap"},"geometry":{"type":"LineString","coordinates":[[24.1347738,45.7722498],[24.1348267,45.7722217],[24.1353764,45.7719079]]}},{"type":"Feature","properties":{"osm_id":177471399,"name":"Strada Grigore Alexandrescu","highway":"residential","name_ro":null,"source":"openstreetmap"},"geometry":{"type":"LineString","coordinates":[[24.1431007,45.7800723],[24.1430458,45.7800189],[24.1422141,45.7792654],[24.1412757,45.7784567]]}},{"type":"Feature","properties":{"osm_id":177471403,"name":"Strada Oașului","highway":"residential","name_ro":null,"source":"openstreetmap"},"geometry":{"type":"LineString","coordinates":[[24.1329566,45.7871401],[24.1330705,45.7871407],[24.1340076,45.7871454],[24.1350189,45.7871449]]}},{"type":"Feature","properties":{"osm_id":177471404,"name":"Strada Aron Pumnul","highway":"residential","name_ro":null,"source":"openstreetmap"},"geometry":{"type":"LineString","coordinates":[[24.1482511,45.7758261],[24.1474823,45.7761201],[24.1463916,45.7765292],[24.1463597,45.7765413],[24.1459183,45.7767055],[24.1458731,45.7767221],[24.1439334,45.7774368],[24.1438394,45.7774715]]}},{"type":"Feature","properties":{"osm_id":177471406,"name":"Strada Peneș Curcanul","highway":"residential","name_ro":null,"source":"openstreetmap"},"geometry":{"type":"LineString","coordinates":[[24.1293466,45.7758458],[24.1281018,45.7756944],[24.1279682,45.7756913]]}},{"type":"Feature","properties":{"osm_id":177471408,"name":"Strada Gorăslău","highway":"residential","name_ro":null,"source":"openstreetmap"},"geometry":{"type":"LineString","coordinates":[[24.1535748,45.7832983],[24.1537839,45.7831185],[24.1545645,45.7824473],[24.154768,45.7822723],[24.1548241,45.7822241],[24.1556378,45.7815244],[24.1559583,45.7812481],[24.1560597,45.7811615],[24.1563571,45.7809059],[24.1566473,45.7806563],[24.1567291,45.780586],[24.1568156,45.7805116]]}},{"type":"Feature","properties":{"osm_id":177471410,"name":"Strada Miron Costin","highway":"residential","name_ro":null,"source":"openstreetmap"},"geometry":{"type":"LineString","coordinates":[[24.1446967,45.7819772],[24.1446473,45.7819394],[24.143567,45.7811102],[24.1435337,45.7810846],[24.1425721,45.7803542],[24.1425298,45.780323]]}},{"type":"Feature","properties":{"osm_id":177471411,"name":"Strada Profesor Ioan Moga","highway":"residential","name_ro":null,"source":"openstreetmap"},"geometry":{"type":"LineString","coordinates":[[24.1306614,45.782278],[24.1306267,45.782255],[24.1300782,45.7818901],[24.1295741,45.7815549],[24.1294932,45.7815011]]}},{"type":"Feature","properties":{"osm_id":177471415,"name":"Strada Anghel Saligny","highway":"residential","name_ro":null,"source":"openstreetmap"},"geometry":{"type":"LineString","coordinates":[[24.1478206,45.7808393],[24.1478037,45.7808047],[24.1472798,45.7796734],[24.1472639,45.7796412],[24.1469216,45.779056]]}},{"type":"Feature","properties":{"osm_id":177471417,"name":"Strada Alămor","highway":"residential","name_ro":null,"source":"openstreetmap"},"geometry":{"type":"LineString","coordinates":[[24.1294746,45.7774174],[24.1296282,45.7773335],[24.1315164,45.7764102],[24.1316588,45.7763406]]}},{"type":"Feature","properties":{"osm_id":177471421,"name":"Strada Caraș Severin","highway":"residential","name_ro":null,"source":"openstreetmap"},"geometry":{"type":"LineString","coordinates":[[24.1310606,45.7844403],[24.1310799,45.7844297],[24.1312883,45.7843112],[24.1314205,45.7842316],[24.1315087,45.7841685],[24.1319515,45.7838538]]}},{"type":"Feature","properties":{"osm_id":177471424,"name":"Strada Aurel Vlaicu","highway":"residential","name_ro":null,"source":"openstreetmap"},"geometry":{"type":"LineString","coordinates":[[24.1435337,45.7810846],[24.1435746,45.78107],[24.1442787,45.7808181],[24.1458052,45.7802641],[24.1459442,45.7802137]]}},{"type":"Feature","properties":{"osm_id":177471426,"name":"Strada Putnei","highway":"residential","name_ro":null,"source":"openstreetmap"},"geometry":{"type":"LineString","coordinates":[[24.1425069,45.7756636],[24.1425835,45.7756361],[24.1447489,45.7748199],[24.1448472,45.7747833],[24.1471316,45.7739313],[24.1472497,45.7738885]]}},{"type":"Feature","properties":{"osm_id":177471427,"name":"Strada Oituz","highway":"tertiary","name_ro":null,"source":"openstreetmap"},"geometry":{"type":"LineString","coordinates":[[24.1507163,45.7844548],[24.1506599,45.7844213],[24.1489311,45.7835089]]}},{"type":"Feature","properties":{"osm_id":177471428,"name":"Strada Anton Pann","highway":"residential","name_ro":null,"source":"openstreetmap"},"geometry":{"type":"LineString","coordinates":[[24.1485425,45.7781491],[24.1484855,45.7781665],[24.1475346,45.7784848]]}},{"type":"Feature","properties":{"osm_id":177471429,"name":"Strada Vasile Alecsandri","highway":"residential","name_ro":null,"source":"openstreetmap"},"geometry":{"type":"LineString","coordinates":[[24.1427361,45.7779329],[24.1426997,45.7778828],[24.1415727,45.7763423],[24.1415368,45.776289],[24.1414992,45.7762348],[24.1403105,45.7745863],[24.1402778,45.7745413]]}},{"type":"Feature","properties":{"osm_id":177471433,"name":"Strada Marius Sturza","highway":"residential","name_ro":null,"source":"openstreetmap"},"geometry":{"type":"LineString","coordinates":[[24.1472639,45.7796412],[24.1473249,45.7796233],[24.1477293,45.7795219],[24.1478266,45.7794989],[24.1479471,45.7794775],[24.1480791,45.7794608],[24.1487353,45.7794163],[24.1487677,45.7794134]]}},{"type":"Feature","properties":{"osm_id":177471437,"name":"Strada Școala de Înot","highway":"tertiary","name_ro":null,"source":"openstreetmap"},"geometry":{"type":"LineString","coordinates":[[24.1476123,45.7868773],[24.1475069,45.7867992],[24.1464345,45.7860549],[24.1450153,45.7850973],[24.144799,45.7849424]]}},{"type":"Feature","properties":{"osm_id":177471438,"name":"Strada Dimitrie Anghel","highway":"residential","name_ro":null,"source":"openstreetmap"},"geometry":{"type":"LineString","coordinates":[[24.1446967,45.7819772],[24.1452204,45.7815962],[24.1453987,45.7814957],[24.1464488,45.7811132],[24.1465773,45.7810672]]}},{"type":"Feature","properties":{"osm_id":177471439,"name":"Strada Profesor Aurel Decei","highway":"residential","name_ro":null,"source":"openstreetmap"},"geometry":{"type":"LineString","coordinates":[[24.1297338,45.7829217],[24.1297936,45.7828825],[24.1298781,45.782827],[24.1303171,45.7825221],[24.1306614,45.782278],[24.1306996,45.7822501],[24.1309866,45.7820402],[24.1310747,45.7819758],[24.1313327,45.7817918],[24.1315291,45.7816479]]}},{"type":"Feature","properties":{"osm_id":177471440,"name":"Strada Bârsei","highway":"residential","name_ro":null,"source":"openstreetmap"},"geometry":{"type":"LineString","coordinates":[[24.1316871,45.7827752],[24.1318191,45.7828687],[24.1319969,45.7829947],[24.1324615,45.7833239],[24.1328757,45.7836173],[24.1329302,45.7836385],[24.1332461,45.7837611],[24.1333697,45.7838091]]}},{"type":"Feature","properties":{"osm_id":177471441,"name":"Aleea Frații Buzești","highway":"residential","name_ro":null,"source":"openstreetmap"},"geometry":{"type":"LineString","coordinates":[[24.1525156,45.77933],[24.1528015,45.7790716],[24.15288,45.7790523],[24.1529605,45.7790281],[24.1530354,45.7789981],[24.1531109,45.7789491],[24.1531353,45.7789333]]}},{"type":"Feature","properties":{"osm_id":177471442,"name":"Strada Dinicu Golescu","highway":"residential","name_ro":null,"source":"openstreetmap"},"geometry":{"type":"LineString","coordinates":[[24.1362694,45.7727518],[24.1363405,45.7727182],[24.1372228,45.7722871]]}},{"type":"Feature","properties":{"osm_id":177471448,"name":"Strada Lămâiței","highway":"residential","name_ro":null,"source":"openstreetmap"},"geometry":{"type":"LineString","coordinates":[[24.1489717,45.7806895],[24.1482922,45.7807298],[24.1481934,45.7807442],[24.1480414,45.7807781],[24.1478206,45.7808393],[24.147325,45.7809896],[24.1467897,45.7811752],[24.1466847,45.7812108]]}},{"type":"Feature","properties":{"osm_id":177471449,"name":"Strada Mihail Sebastian","highway":"residential","name_ro":null,"source":"openstreetmap"},"geometry":{"type":"LineString","coordinates":[[24.1410889,45.7811827],[24.1411585,45.7811413],[24.1418047,45.7807228],[24.1418497,45.7806937]]}},{"type":"Feature","properties":{"osm_id":177471450,"name":"Strada Hațegului","highway":"tertiary","name_ro":null,"source":"openstreetmap"},"geometry":{"type":"LineString","coordinates":[[24.1339057,45.7854157],[24.1343889,45.7856144],[24.1346681,45.7857291],[24.1348843,45.785818],[24.1348901,45.7858206],[24.1348966,45.7858231],[24.1357887,45.7861963],[24.1360012,45.7862829],[24.1363464,45.7864246]]}},{"type":"Feature","properties":{"osm_id":177471451,"name":"Intrarea Arieșului","highway":"residential","name_ro":null,"source":"openstreetmap"},"geometry":{"type":"LineString","coordinates":[[24.1457336,45.773411],[24.145779,45.7733137],[24.1462029,45.7724145],[24.1462279,45.7723709]]}},{"type":"Feature","properties":{"osm_id":177471459,"name":"Strada J.W. Goethe","highway":"residential","name_ro":null,"source":"openstreetmap"},"geometry":{"type":"LineString","coordinates":[[24.1382413,45.7748472],[24.1389631,45.7751962],[24.1392462,45.7753455],[24.139615,45.77556],[24.1396494,45.7755929],[24.1399521,45.7758827],[24.1400359,45.7759678],[24.1401646,45.7761133],[24.1405345,45.7766023],[24.1405694,45.7766487]]}},{"type":"Feature","properties":{"osm_id":177471461,"name":"Strada J.W. Goethe","highway":"residential","name_ro":null,"source":"openstreetmap"},"geometry":{"type":"LineString","coordinates":[[24.1405694,45.7766487],[24.1406007,45.7766915],[24.1410992,45.7773858],[24.1411717,45.7774858],[24.1412231,45.7775681],[24.1412664,45.7776446],[24.1413388,45.7777964],[24.1415104,45.7782101],[24.1415431,45.7782995],[24.1415624,45.7783558]]}},{"type":"Feature","properties":{"osm_id":177471462,"name":"Strada Argeșului","highway":"primary","name_ro":"Strada Argeșului","source":"openstreetmap"},"geometry":{"type":"LineString","coordinates":[[24.1395764,45.7770401],[24.1396136,45.7770031],[24.1396619,45.7769742],[24.1405694,45.7766487],[24.1409988,45.7764925],[24.1414089,45.7763376],[24.1415368,45.776289],[24.1425089,45.7759267],[24.1426544,45.7758746]]}},{"type":"Feature","properties":{"osm_id":177471464,"name":"Strada Sălajului","highway":"residential","name_ro":null,"source":"openstreetmap"},"geometry":{"type":"LineString","coordinates":[[24.1348843,45.785818],[24.1348152,45.7858972],[24.134551,45.7862204],[24.134215,45.786626],[24.1341975,45.7866471],[24.1340284,45.7869116],[24.1340076,45.7871454],[24.1340192,45.7875675],[24.1340332,45.7880747]]}},{"type":"Feature","properties":{"osm_id":177471477,"name":"Strada Alexandru Vlahuță","highway":"residential","name_ro":null,"source":"openstreetmap"},"geometry":{"type":"LineString","coordinates":[[24.143875,45.7775171],[24.1437587,45.7775601],[24.1427361,45.7779329],[24.1415624,45.7783558],[24.1412757,45.7784567],[24.1403645,45.7787772],[24.1402805,45.7788031]]}},{"type":"Feature","properties":{"osm_id":177471480,"name":"Strada Octavian Goga","highway":"secondary","name_ro":null,"source":"openstreetmap"},"geometry":{"type":"LineString","coordinates":[[24.1395764,45.7770401],[24.1384648,45.7757405],[24.1383503,45.7755758],[24.1382455,45.7753876],[24.1381557,45.7752002],[24.1380904,45.7750333],[24.1380792,45.7749975],[24.1380758,45.7749613],[24.1380759,45.7749252],[24.1380819,45.7748797],[24.1380964,45.7748277],[24.1381181,45.7747728],[24.138257,45.7745328]]}},{"type":"Feature","properties":{"osm_id":177471483,"name":"Strada Ștrandului","highway":"residential","name_ro":null,"source":"openstreetmap"},"geometry":{"type":"LineString","coordinates":[[24.1361109,45.7850116],[24.1362436,45.7851379],[24.1363154,45.7852199],[24.1363781,45.7853189],[24.1364392,45.7854455],[24.1364982,45.7855976],[24.1365266,45.7856992],[24.1365458,45.785803],[24.1365645,45.7859594],[24.1365902,45.7862627],[24.1366123,45.7865649],[24.1366076,45.7866301]]}},{"type":"Feature","properties":{"osm_id":177471486,"name":"Strada Ciprian Porumbescu","highway":"residential","name_ro":null,"source":"openstreetmap"},"geometry":{"type":"LineString","coordinates":[[24.138257,45.7745328],[24.1381685,45.7744534],[24.1362694,45.7727518],[24.135464,45.7720171],[24.1354081,45.7719474],[24.1353764,45.7719079]]}},{"type":"Feature","properties":{"osm_id":177471488,"name":"Strada Fântânii","highway":"residential","name_ro":null,"source":"openstreetmap"},"geometry":{"type":"LineString","coordinates":[[24.1362231,45.7902231],[24.1375585,45.7901991],[24.1376639,45.7901973]]}},{"type":"Feature","properties":{"osm_id":177471494,"name":"Strada Galeș","highway":"residential","name_ro":null,"source":"openstreetmap"},"geometry":{"type":"LineString","coordinates":[[24.1355872,45.7825569],[24.1345576,45.7808649],[24.1345193,45.7808016]]}},{"type":"Feature","properties":{"osm_id":177471495,"name":"Strada General Praporgescu","highway":"residential","name_ro":null,"source":"openstreetmap"},"geometry":{"type":"LineString","coordinates":[[24.1317397,45.7788096],[24.1332489,45.7780886],[24.1333523,45.7780392]]}},{"type":"Feature","properties":{"osm_id":177471496,"name":"Strada Hipodromului","highway":"residential","name_ro":null,"source":"openstreetmap"},"geometry":{"type":"LineString","coordinates":[[24.1524492,45.7862579],[24.1524608,45.7861304]]}},{"type":"Feature","properties":{"osm_id":177471504,"name":"Strada Luarea Bastiliei","highway":"residential","name_ro":null,"source":"openstreetmap"},"geometry":{"type":"LineString","coordinates":[[24.1371448,45.7793696],[24.1372463,45.779341],[24.1380477,45.779115],[24.1381051,45.7790984],[24.1381544,45.779087]]}},{"type":"Feature","properties":{"osm_id":177471505,"name":"Strada Săliște","highway":"residential","name_ro":null,"source":"openstreetmap"},"geometry":{"type":"LineString","coordinates":[[24.1328895,45.7793932],[24.1317397,45.7788096],[24.1313015,45.7785945]]}},{"type":"Feature","properties":{"osm_id":177471511,"name":"Strada Martin Hochmaister","highway":"residential","name_ro":null,"source":"openstreetmap"},"geometry":{"type":"LineString","coordinates":[[24.1365781,45.7784506],[24.1366195,45.7785177],[24.1371448,45.7793696],[24.1371903,45.7794469],[24.1374751,45.7799316],[24.1375172,45.7800018],[24.1377525,45.7803905],[24.1384056,45.7814462],[24.1384325,45.7817034]]}},{"type":"Feature","properties":{"osm_id":177471513,"name":"Aleea Mihai Eminescu","highway":"unclassified","name_ro":null,"source":"openstreetmap"},"geometry":{"type":"LineString","coordinates":[[24.1447467,45.7848058],[24.1446335,45.7847691],[24.1445652,45.784747],[24.1444119,45.7847055],[24.1442044,45.7846789],[24.1426013,45.7835074]]}},{"type":"Feature","properties":{"osm_id":177476180,"name":"Strada Luptei","highway":"residential","name_ro":null,"source":"openstreetmap"},"geometry":{"type":"LineString","coordinates":[[24.1580437,45.780586],[24.1579507,45.7805409],[24.157917,45.7805243],[24.1570685,45.7800683],[24.1564143,45.7797093],[24.1563245,45.7796589]]}},{"type":"Feature","properties":{"osm_id":177476183,"name":"Strada Constantin Noica","highway":"residential","name_ro":null,"source":"openstreetmap"},"geometry":{"type":"LineString","coordinates":[[24.1511017,45.7893057],[24.1512829,45.7895811],[24.1514098,45.7896108]]}},{"type":"Feature","properties":{"osm_id":177476184,"name":"Strada Andrei Mureșanu","highway":"residential","name_ro":null,"source":"openstreetmap"},"geometry":{"type":"LineString","coordinates":[[24.1592494,45.7857124],[24.1591839,45.7856484],[24.1585462,45.7850277],[24.1576551,45.7841861],[24.1576341,45.7841662],[24.1567137,45.7832819],[24.1566474,45.7832231]]}},{"type":"Feature","properties":{"osm_id":177476185,"name":"Strada Porumbacului","highway":"residential","name_ro":null,"source":"openstreetmap"},"geometry":{"type":"LineString","coordinates":[[24.1624511,45.7840871],[24.1623967,45.7840343],[24.1608707,45.7825534],[24.1608419,45.7825255],[24.1608098,45.7824943],[24.1599245,45.7816339],[24.1596585,45.7813754]]}},{"type":"Feature","properties":{"osm_id":177476186,"name":"Strada Eroilor","highway":"residential","name_ro":null,"source":"openstreetmap"},"geometry":{"type":"LineString","coordinates":[[24.1576291,45.7826288],[24.1577026,45.7826907],[24.1586491,45.7836052],[24.1586758,45.7836303],[24.1602129,45.7851225],[24.1602854,45.7851942]]}},{"type":"Feature","properties":{"osm_id":177476189,"name":"Strada Constantin Noica","highway":"residential","name_ro":null,"source":"openstreetmap"},"geometry":{"type":"LineString","coordinates":[[24.1512759,45.7898818],[24.1513113,45.7898102],[24.1514098,45.7896108],[24.1521654,45.7897762]]}},{"type":"Feature","properties":{"osm_id":177476191,"name":"Strada Radu Stanca","highway":"residential","name_ro":null,"source":"openstreetmap"},"geometry":{"type":"LineString","coordinates":[[24.1500812,45.7905228],[24.1503125,45.7906513],[24.1504774,45.7906626],[24.1510125,45.790976],[24.1516032,45.7913257],[24.1516597,45.7913631]]}},{"type":"Feature","properties":{"osm_id":177476196,"name":"Strada Cernei","highway":"residential","name_ro":null,"source":"openstreetmap"},"geometry":{"type":"LineString","coordinates":[[24.1576341,45.7841662],[24.1586758,45.7836303],[24.1596016,45.7831462],[24.1596674,45.7831122],[24.1597504,45.7830694]]}},{"type":"Feature","properties":{"osm_id":177476197,"name":"Strada Dobrun","highway":"residential","name_ro":null,"source":"openstreetmap"},"geometry":{"type":"LineString","coordinates":[[24.1520299,45.7908202],[24.1510518,45.7902388],[24.1509674,45.7901809],[24.1508244,45.7900656],[24.1507729,45.7900108],[24.1507366,45.7899501],[24.1507187,45.7899035],[24.1506997,45.7898274],[24.1506924,45.7897503]]}},{"type":"Feature","properties":{"osm_id":177476198,"name":"Aleea Infanteristilor","highway":"residential","name_ro":null,"source":"openstreetmap"},"geometry":{"type":"LineString","coordinates":[[24.1566609,45.7793592],[24.1565457,45.7794619],[24.1563245,45.7796589],[24.1562423,45.7797321],[24.1560028,45.7799455],[24.1559346,45.7800062]]}},{"type":"Feature","properties":{"osm_id":177476200,"name":"Aleea Roșiorilor","highway":"residential","name_ro":null,"source":"openstreetmap"},"geometry":{"type":"LineString","coordinates":[[24.1639941,45.7810935],[24.1639783,45.78119],[24.1639562,45.7813655],[24.1638815,45.7814831],[24.1637077,45.7816489],[24.1635489,45.781793],[24.1626843,45.7825774],[24.1626309,45.7826258]]}},{"type":"Feature","properties":{"osm_id":177476711,"name":"Strada Iezer","highway":"residential","name_ro":null,"source":"openstreetmap"},"geometry":{"type":"LineString","coordinates":[[24.1733082,45.7876315],[24.1740069,45.7869835],[24.1743003,45.7866692]]}},{"type":"Feature","properties":{"osm_id":177476712,"name":"Strada Semaforului","highway":"primary","name_ro":null,"source":"openstreetmap"},"geometry":{"type":"LineString","coordinates":[[24.1763702,45.7883208],[24.1764426,45.7884292],[24.1765085,45.7885111],[24.1766562,45.7886581]]}},{"type":"Feature","properties":{"osm_id":177476713,"name":"Strada George Mihail Zamfirescu","highway":"residential","name_ro":null,"source":"openstreetmap"},"geometry":{"type":"LineString","coordinates":[[24.1735249,45.7893215],[24.1734086,45.7877558],[24.1734027,45.7876763]]}},{"type":"Feature","properties":{"osm_id":177476714,"name":"Strada Dragoș Vodă","highway":"residential","name_ro":null,"source":"openstreetmap"},"geometry":{"type":"LineString","coordinates":[[24.1711047,45.7895865],[24.1710946,45.7894995],[24.17073,45.7863484]]}},{"type":"Feature","properties":{"osm_id":177476715,"name":"Strada Semaforului","highway":"primary","name_ro":null,"source":"openstreetmap"},"geometry":{"type":"LineString","coordinates":[[24.1762223,45.787657],[24.1762817,45.7878108],[24.1763063,45.7879081],[24.1763329,45.7881389],[24.1763475,45.7882662]]}},{"type":"Feature","properties":{"osm_id":177476716,"name":"Strada Bungardului","highway":"residential","name_ro":null,"source":"openstreetmap"},"geometry":{"type":"LineString","coordinates":[[24.1722464,45.789519],[24.1722347,45.7894157],[24.1721933,45.7890484],[24.172118,45.7878932],[24.1721677,45.7870555]]}},{"type":"Feature","properties":{"osm_id":177477336,"name":"Strada Lirei","highway":"residential","name_ro":null,"source":"openstreetmap"},"geometry":{"type":"LineString","coordinates":[[24.1696717,45.7906196],[24.169706,45.790671],[24.1708959,45.791398],[24.1709828,45.7914484]]}},{"type":"Feature","properties":{"osm_id":177477337,"name":"Strada Ioan Budai Deleanu","highway":"residential","name_ro":null,"source":"openstreetmap"},"geometry":{"type":"LineString","coordinates":[[24.1636614,45.7859688],[24.1636297,45.7859398],[24.1621161,45.7844745],[24.1620617,45.7844219],[24.1619647,45.784339]]}},{"type":"Feature","properties":{"osm_id":177477338,"name":"Strada Profesor Petru Șpan","highway":"residential","name_ro":null,"source":"openstreetmap"},"geometry":{"type":"LineString","coordinates":[[24.1648453,45.7857894],[24.1628453,45.7838827]]}},{"type":"Feature","properties":{"osm_id":177477339,"name":"Strada Samuel Micu Klein","highway":"residential","name_ro":null,"source":"openstreetmap"},"geometry":{"type":"LineString","coordinates":[[24.1623997,45.7861685],[24.1636614,45.7859688],[24.1648453,45.7857894],[24.1659437,45.7856162]]}},{"type":"Feature","properties":{"osm_id":177477340,"name":"Strada Ștefan cel Mare","highway":"primary","name_ro":null,"source":"openstreetmap"},"geometry":{"type":"LineString","coordinates":[[24.1654509,45.7899467],[24.166721,45.7898703],[24.1673941,45.7898298],[24.1695114,45.7896942],[24.1695886,45.789689],[24.169787,45.7896754],[24.1699703,45.7896635],[24.1700774,45.7896566],[24.1711047,45.7895865],[24.172072,45.7895292],[24.1722464,45.789519],[24.1728644,45.7894811]]}},{"type":"Feature","properties":{"osm_id":177477341,"name":"Strada George Enescu","highway":"residential","name_ro":null,"source":"openstreetmap"},"geometry":{"type":"LineString","coordinates":[[24.1658836,45.7917308],[24.1643266,45.7927885],[24.1628197,45.7934151],[24.1621419,45.7936146]]}},{"type":"Feature","properties":{"osm_id":177477342,"name":"Strada Măgura","highway":"residential","name_ro":null,"source":"openstreetmap"},"geometry":{"type":"LineString","coordinates":[[24.1655806,45.7908785],[24.1693264,45.7906411],[24.1695876,45.7906258],[24.1696717,45.7906196],[24.1698926,45.790607],[24.1726722,45.7904443],[24.1728166,45.7904351]]}},{"type":"Feature","properties":{"osm_id":177477344,"name":"Strada Călțun","highway":"residential","name_ro":null,"source":"openstreetmap"},"geometry":{"type":"LineString","coordinates":[[24.166721,45.7898703],[24.1667119,45.7897799],[24.1666412,45.7890821],[24.1665565,45.7883151],[24.1664984,45.7875649],[24.1664408,45.7868162],[24.1663762,45.7860113]]}},{"type":"Feature","properties":{"osm_id":177477345,"name":"Strada Diaconul Coressi","highway":"residential","name_ro":null,"source":"openstreetmap"},"geometry":{"type":"LineString","coordinates":[[24.1638452,45.7905835],[24.16392,45.7906237],[24.1648859,45.7911419],[24.16492,45.7911604],[24.1658836,45.7917308]]}},{"type":"Feature","properties":{"osm_id":177503149,"name":"Strada George Topârceanu","highway":"residential","name_ro":null,"source":"openstreetmap"},"geometry":{"type":"LineString","coordinates":[[24.1151995,45.7868197],[24.1148608,45.7867111],[24.1145199,45.7866242],[24.1138468,45.7864954],[24.1135094,45.7864309],[24.1131569,45.7863601],[24.1126782,45.786232],[24.112363,45.7861249],[24.1117072,45.7858472],[24.1112096,45.7855894],[24.1099999,45.7848576],[24.1095123,45.7846413],[24.1089576,45.7844581],[24.1078081,45.7842179]]}},{"type":"Feature","properties":{"osm_id":177503150,"name":"Strada Ghiocelului","highway":"residential","name_ro":null,"source":"openstreetmap"},"geometry":{"type":"LineString","coordinates":[[24.1167434,45.7842695],[24.1159302,45.78378],[24.1156543,45.7836652],[24.1154558,45.7836483],[24.114749,45.7834188],[24.1140718,45.7833411],[24.1139978,45.7833076],[24.1138777,45.7832871],[24.1137645,45.783301],[24.1131418,45.7835339],[24.1130805,45.7835638],[24.1130362,45.7835966],[24.1129853,45.7836817],[24.1129518,45.7837219],[24.1127769,45.7838226],[24.1127117,45.7838631],[24.1126333,45.783929]]}},{"type":"Feature","properties":{"osm_id":177503154,"name":"Strada Cindrel","highway":"residential","name_ro":null,"source":"openstreetmap"},"geometry":{"type":"LineString","coordinates":[[24.1283243,45.7712921],[24.1284042,45.7712533],[24.1296822,45.770632]]}},{"type":"Feature","properties":{"osm_id":177503156,"name":"Strada Ghețăriei","highway":"residential","name_ro":null,"source":"openstreetmap"},"geometry":{"type":"LineString","coordinates":[[24.1631797,45.7952521],[24.1647573,45.7958486]]}},{"type":"Feature","properties":{"osm_id":177503157,"name":"Strada Cărbunelui","highway":"residential","name_ro":null,"source":"openstreetmap"},"geometry":{"type":"LineString","coordinates":[[24.1664984,45.7875649],[24.1665662,45.7875615],[24.1695441,45.7873889]]}},{"type":"Feature","properties":{"osm_id":177503159,"name":"Strada Iancu de Hunedoara","highway":"tertiary","name_ro":null,"source":"openstreetmap"},"geometry":{"type":"LineString","coordinates":[[24.1160585,45.7853289],[24.1163127,45.7855493],[24.1163319,45.7855659],[24.1170031,45.7858549]]}},{"type":"Feature","properties":{"osm_id":177503161,"name":"Strada James Watt","highway":"residential","name_ro":null,"source":"openstreetmap"},"geometry":{"type":"LineString","coordinates":[[24.1666412,45.7890821],[24.1667,45.7890789],[24.1696202,45.788902],[24.1697043,45.7888969]]}},{"type":"Feature","properties":{"osm_id":177503162,"name":"Strada Trifoiului","highway":"residential","name_ro":null,"source":"openstreetmap"},"geometry":{"type":"LineString","coordinates":[[24.1285393,45.7962452],[24.1285193,45.796307],[24.1288428,45.7976796]]}},{"type":"Feature","properties":{"osm_id":177503166,"name":"Strada Ogorului","highway":"residential","name_ro":null,"source":"openstreetmap"},"geometry":{"type":"LineString","coordinates":[[24.1176214,45.7959799],[24.1176084,45.7960918],[24.1175546,45.7965073],[24.1175142,45.7968675]]}},{"type":"Feature","properties":{"osm_id":177503168,"name":"Strada Urlea","highway":"residential","name_ro":null,"source":"openstreetmap"},"geometry":{"type":"LineString","coordinates":[[24.1638875,45.7944664],[24.1635108,45.7948855],[24.1631797,45.7952521],[24.1627968,45.7956861],[24.1627501,45.795739]]}},{"type":"Feature","properties":{"osm_id":177503169,"name":"Strada Frații Grachi","highway":"residential","name_ro":null,"source":"openstreetmap"},"geometry":{"type":"LineString","coordinates":[[24.1604229,45.7929237],[24.1604384,45.7928641],[24.1607163,45.7917978],[24.1607118,45.7917485],[24.1606858,45.7916992],[24.1606157,45.7916123],[24.1605783,45.7915659],[24.1605431,45.7915215]]}},{"type":"Feature","properties":{"osm_id":177503170,"name":"Strada Aviației","highway":"residential","name_ro":null,"source":"openstreetmap"},"geometry":{"type":"LineString","coordinates":[[24.1092115,45.7886649],[24.1114106,45.7869655],[24.112363,45.7861249]]}},{"type":"Feature","properties":{"osm_id":177503171,"name":"Strada Liliacului","highway":"residential","name_ro":null,"source":"openstreetmap"},"geometry":{"type":"LineString","coordinates":[[24.167364,45.7858699],[24.1672153,45.7853585],[24.1671831,45.7852884],[24.1671319,45.7852207],[24.1662776,45.7844253],[24.1660381,45.7841967]]}},{"type":"Feature","properties":{"osm_id":177503172,"name":"Strada Vârtopu","highway":"residential","name_ro":null,"source":"openstreetmap"},"geometry":{"type":"LineString","coordinates":[[24.1574905,45.793199],[24.1579159,45.7927395]]}},{"type":"Feature","properties":{"osm_id":177503173,"name":"Strada Aciliu","highway":"residential","name_ro":null,"source":"openstreetmap"},"geometry":{"type":"LineString","coordinates":[[24.1256294,45.7738132],[24.1247593,45.7742505]]}},{"type":"Feature","properties":{"osm_id":177503174,"name":"Strada Nicolae Titulescu","highway":"residential","name_ro":null,"source":"openstreetmap"},"geometry":{"type":"LineString","coordinates":[[24.1620148,45.7921845],[24.1619201,45.7921261],[24.1610412,45.7915838],[24.1609538,45.7914747],[24.1609284,45.791443],[24.160891,45.7913962]]}},{"type":"Feature","properties":{"osm_id":177503175,"name":"Strada Prejbei","highway":"residential","name_ro":null,"source":"openstreetmap"},"geometry":{"type":"LineString","coordinates":[[24.1247404,45.7711922],[24.1259331,45.7723941],[24.1259849,45.7724463]]}},{"type":"Feature","properties":{"osm_id":177503176,"name":"Strada Badea Cârțan","highway":"residential","name_ro":null,"source":"openstreetmap"},"geometry":{"type":"LineString","coordinates":[[24.1248081,45.7729982],[24.1249067,45.7729519],[24.1258636,45.7725032],[24.1259849,45.7724463]]}},{"type":"Feature","properties":{"osm_id":177503178,"name":"Strada Rozdești","highway":"residential","name_ro":null,"source":"openstreetmap"},"geometry":{"type":"LineString","coordinates":[[24.128033,45.7724597],[24.128048,45.7723966],[24.1280641,45.7723286],[24.1283243,45.7712921]]}},{"type":"Feature","properties":{"osm_id":177503179,"name":"Strada Trandafirului","highway":"residential","name_ro":null,"source":"openstreetmap"},"geometry":{"type":"LineString","coordinates":[[24.1112096,45.7855894],[24.1117803,45.7850882],[24.1119111,45.7849685],[24.112123,45.7847126],[24.1126333,45.783929]]}},{"type":"Feature","properties":{"osm_id":177503181,"name":"Strada Spartacus","highway":"residential","name_ro":null,"source":"openstreetmap"},"geometry":{"type":"LineString","coordinates":[[24.1593202,45.7919832],[24.1605431,45.7915215],[24.160891,45.7913962]]}},{"type":"Feature","properties":{"osm_id":177503183,"name":"Strada Stăvilarului","highway":"residential","name_ro":null,"source":"openstreetmap"},"geometry":{"type":"LineString","coordinates":[[24.1059726,45.7771751],[24.1059998,45.7772207],[24.1066934,45.7783827],[24.1075456,45.7798103],[24.1083539,45.7812016],[24.1087488,45.7818812],[24.1094384,45.7830681],[24.1095494,45.7832765],[24.1095985,45.7833054],[24.1096633,45.7833068],[24.1097415,45.78328],[24.1101764,45.7829484],[24.1104104,45.7827658],[24.11059,45.7826534]]}},{"type":"Feature","properties":{"osm_id":177503188,"name":"Strada Negoi","highway":"residential","name_ro":null,"source":"openstreetmap"},"geometry":{"type":"LineString","coordinates":[[24.1579622,45.7904833],[24.1580199,45.7904407],[24.1597164,45.7891869],[24.1611288,45.7882751],[24.1620752,45.7876591],[24.1621591,45.7876079],[24.1622679,45.7875534],[24.1624657,45.7874778],[24.1630016,45.7872731]]}},{"type":"Feature","properties":{"osm_id":177503192,"name":"Strada Stăvilarului","highway":"residential","name_ro":null,"source":"openstreetmap"},"geometry":{"type":"LineString","coordinates":[[24.105469,45.777312],[24.1059726,45.7771751],[24.107178,45.7768108]]}},{"type":"Feature","properties":{"osm_id":177503194,"name":"Strada Iancu de Hunedoara","highway":"tertiary","name_ro":null,"source":"openstreetmap"},"geometry":{"type":"LineString","coordinates":[[24.1160585,45.7853289],[24.1159961,45.7855477],[24.1159572,45.7856597],[24.1158982,45.78582],[24.1157411,45.7860388]]}},{"type":"Feature","properties":{"osm_id":177503197,"name":"Strada Timotei Cipariu","highway":"residential","name_ro":null,"source":"openstreetmap"},"geometry":{"type":"LineString","coordinates":[[24.1258356,45.7706848],[24.1248308,45.7711503],[24.1247404,45.7711922],[24.1235693,45.7717603],[24.1224944,45.7722776],[24.1224,45.7723218]]}},{"type":"Feature","properties":{"osm_id":177503199,"name":"Strada Agricultorilor","highway":"residential","name_ro":null,"source":"openstreetmap"},"geometry":{"type":"LineString","coordinates":[[24.126753,45.794275],[24.1258447,45.7946911],[24.1253858,45.7940906],[24.1251121,45.7937372]]}},{"type":"Feature","properties":{"osm_id":177503201,"name":"Strada D.D. Roșca","highway":"residential","name_ro":null,"source":"openstreetmap"},"geometry":{"type":"LineString","coordinates":[[24.1149421,45.7904984],[24.113768,45.7890921],[24.1133856,45.788687],[24.1124093,45.7878361],[24.1118558,45.7873459],[24.1114106,45.7869655]]}},{"type":"Feature","properties":{"osm_id":177503203,"name":"Strada Grâului","highway":"residential","name_ro":null,"source":"openstreetmap"},"geometry":{"type":"LineString","coordinates":[[24.1282898,45.7942563],[24.1282967,45.7943878],[24.1282994,45.7945379],[24.1282833,45.794665],[24.1282457,45.794824],[24.1282353,45.7949029],[24.128233,45.7949865],[24.1282369,45.7950725],[24.1282523,45.7951712],[24.1282948,45.7953656],[24.1285568,45.7961873],[24.1285393,45.7962452]]}},{"type":"Feature","properties":{"osm_id":177503208,"name":"Strada Brazilor","highway":"residential","name_ro":null,"source":"openstreetmap"},"geometry":{"type":"LineString","coordinates":[[24.1256294,45.7738132],[24.1255444,45.7737289],[24.1248081,45.7729982],[24.1235693,45.7717603]]}},{"type":"Feature","properties":{"osm_id":177503213,"name":"Strada Combinei","highway":"residential","name_ro":null,"source":"openstreetmap"},"geometry":{"type":"LineString","coordinates":[[24.1099203,45.7815358],[24.1113183,45.7811405],[24.1113746,45.7811125],[24.1113961,45.7810657]]}},{"type":"Feature","properties":{"osm_id":177503215,"name":"Strada Iazul Morii","highway":"residential","name_ro":null,"source":"openstreetmap"},"geometry":{"type":"LineString","coordinates":[[24.1117803,45.7850882],[24.1120479,45.7852147],[24.1122624,45.7852772],[24.1124234,45.7853202],[24.1125529,45.7853444],[24.1126855,45.7853521],[24.1139449,45.7853578],[24.1141011,45.7853688],[24.1142787,45.7853973],[24.1144701,45.7854539],[24.1150371,45.7856812],[24.1153376,45.7857869],[24.1155369,45.7858431],[24.1157138,45.785884]]}},{"type":"Feature","properties":{"osm_id":177503216,"name":"Strada Ion Sion","highway":"residential","name_ro":null,"source":"openstreetmap"},"geometry":{"type":"LineString","coordinates":[[24.129993,45.7728656],[24.1301276,45.7728043],[24.1308912,45.7724637],[24.1309418,45.7724111],[24.1309708,45.7723389],[24.1310041,45.7722753],[24.1310434,45.7722308],[24.1311707,45.7721396],[24.1313844,45.7720071],[24.1315163,45.771929],[24.1315364,45.7719089],[24.1315359,45.7718801],[24.1315066,45.771853]]}},{"type":"Feature","properties":{"osm_id":177503220,"name":"Strada Lector","highway":"residential","name_ro":null,"source":"openstreetmap"},"geometry":{"type":"LineString","coordinates":[[24.162956,45.7958187],[24.1629174,45.7958712],[24.1628944,45.7959042],[24.1627684,45.7960854],[24.1626546,45.79623],[24.1625097,45.796387],[24.1622913,45.7965884],[24.1621629,45.7967012],[24.1614546,45.7973029],[24.1614195,45.7973604],[24.1614115,45.7974043],[24.1614181,45.7974311],[24.1614453,45.7974685],[24.161481,45.7974947]]}},{"type":"Feature","properties":{"osm_id":177503227,"name":"Strada Simion Mehedinți","highway":"residential","name_ro":null,"source":"openstreetmap"},"geometry":{"type":"LineString","coordinates":[[24.1604621,45.7957701],[24.1609151,45.7960023],[24.1621629,45.7967012]]}},{"type":"Feature","properties":{"osm_id":177503231,"name":"Strada Hermann Oberth","highway":"residential","name_ro":null,"source":"openstreetmap"},"geometry":{"type":"LineString","coordinates":[[24.161491,45.7952831],[24.1614307,45.7953819],[24.1612848,45.7956161],[24.1612463,45.7956742],[24.1609151,45.7960023]]}},{"type":"Feature","properties":{"osm_id":177503232,"name":"Strada Ștefan Luchian","highway":"residential","name_ro":null,"source":"openstreetmap"},"geometry":{"type":"LineString","coordinates":[[24.131764,45.7746412],[24.1312111,45.7740868],[24.130077,45.7729498],[24.1300393,45.772912],[24.129993,45.7728656]]}},{"type":"Feature","properties":{"osm_id":177506627,"name":"Strada Luncii","highway":"residential","name_ro":null,"source":"openstreetmap"},"geometry":{"type":"LineString","coordinates":[[24.1714695,45.8130096],[24.1712986,45.8124198],[24.1712973,45.8123841],[24.1713318,45.8123668],[24.172682,45.8119062],[24.1729513,45.8118164],[24.1739913,45.8114697],[24.1743119,45.8113605],[24.1744136,45.8113172]]}},{"type":"Feature","properties":{"osm_id":177506632,"name":"Strada Mălinului","highway":"residential","name_ro":null,"source":"openstreetmap"},"geometry":{"type":"LineString","coordinates":[[24.1827084,45.8110929],[24.1827842,45.8111408],[24.1829964,45.8112752],[24.1832104,45.8113283],[24.1841443,45.81156],[24.184493,45.8116675],[24.1848135,45.8117908],[24.1851957,45.8119647],[24.1854883,45.8121067],[24.1855696,45.8121466],[24.185971,45.81233],[24.186274,45.8124676],[24.1866213,45.8125873],[24.1869284,45.8126714],[24.1872597,45.8127265],[24.1875976,45.8127508],[24.1880697,45.8127667],[24.1884221,45.8127532],[24.1885766,45.8127424],[24.1887064,45.8127231]]}},{"type":"Feature","properties":{"osm_id":177506636,"name":"Strada Macazului","highway":"residential","name_ro":null,"source":"openstreetmap"},"geometry":{"type":"LineString","coordinates":[[24.1896572,45.8065407],[24.1892492,45.8061114]]}},{"type":"Feature","properties":{"osm_id":177506637,"name":"Strada Rovine","highway":"residential","name_ro":null,"source":"openstreetmap"},"geometry":{"type":"LineString","coordinates":[[24.1740798,45.8139264],[24.1740286,45.8138525],[24.1727143,45.811953],[24.172682,45.8119062]]}},{"type":"Feature","properties":{"osm_id":177506639,"name":"Piața Prahovei","highway":"residential","name_ro":null,"source":"openstreetmap"},"geometry":{"type":"LineString","coordinates":[[24.1459183,45.7767055],[24.1452603,45.7758636],[24.1452103,45.7758078]]}},{"type":"Feature","properties":{"osm_id":177506641,"name":"Strada Smârdan","highway":"residential","name_ro":null,"source":"openstreetmap"},"geometry":{"type":"LineString","coordinates":[[24.1822135,45.8094475],[24.1822495,45.8094956],[24.1823317,45.8096103],[24.1823726,45.8096785],[24.1824099,45.8097626],[24.1824555,45.8099299],[24.1824977,45.8101471],[24.182531,45.8103435],[24.1825757,45.8106189],[24.1825986,45.8107679],[24.1826159,45.8108958],[24.1826268,45.8109768]]}},{"type":"Feature","properties":{"osm_id":177506643,"name":"Strada Pinului","highway":"residential","name_ro":null,"source":"openstreetmap"},"geometry":{"type":"LineString","coordinates":[[24.1877319,45.8066896],[24.187961,45.8066373],[24.1881292,45.8065914],[24.188291,45.8065362],[24.1885733,45.8064231],[24.1889462,45.8062511],[24.1892492,45.8061114],[24.190046,45.8057369],[24.1901481,45.8057028],[24.1902147,45.8056883],[24.1903163,45.8056753],[24.190789,45.8056525]]}},{"type":"Feature","properties":{"osm_id":177506646,"name":"Strada Muncitorilor","highway":"residential","name_ro":null,"source":"openstreetmap"},"geometry":{"type":"LineString","coordinates":[[24.1770266,45.8128335],[24.1775408,45.8124145],[24.1780094,45.8119966],[24.1785574,45.811509],[24.1788286,45.8112542],[24.1788578,45.8112],[24.1788661,45.8111527]]}},{"type":"Feature","properties":{"osm_id":177506649,"name":"Strada Oltețului","highway":"residential","name_ro":null,"source":"openstreetmap"},"geometry":{"type":"LineString","coordinates":[[24.1747227,45.8106486],[24.1755061,45.8102851],[24.1760467,45.8099683],[24.1761481,45.8099089]]}},{"type":"Feature","properties":{"osm_id":177506650,"name":"Strada Vasile Pârvan","highway":"residential","name_ro":null,"source":"openstreetmap"},"geometry":{"type":"LineString","coordinates":[[24.179147,45.8110367],[24.1792391,45.8110798],[24.1802954,45.811574],[24.1804619,45.8116531],[24.1805517,45.8117139],[24.1806209,45.8117677],[24.180718,45.8118581]]}},{"type":"Feature","properties":{"osm_id":177506651,"name":"Strada Anul 1848","highway":"residential","name_ro":null,"source":"openstreetmap"},"geometry":{"type":"LineString","coordinates":[[24.1746441,45.8109015],[24.1747664,45.8108995],[24.1748306,45.8108977],[24.1749143,45.8108853],[24.1752235,45.8107511],[24.1752789,45.8107299],[24.1753198,45.8107224],[24.1753587,45.8107252],[24.1754244,45.8107612],[24.1756164,45.8109436],[24.1759053,45.8111898],[24.1774753,45.8123611],[24.1775408,45.8124145]]}},{"type":"Feature","properties":{"osm_id":177506654,"name":"Strada Flacăra","highway":"residential","name_ro":null,"source":"openstreetmap"},"geometry":{"type":"LineString","coordinates":[[24.1805799,45.8102659],[24.1809605,45.810604],[24.1810287,45.8106764],[24.1810684,45.8107466],[24.1811258,45.8108714],[24.1811572,45.8109407],[24.1811934,45.8109975],[24.1812556,45.8110645],[24.1813994,45.811187]]}},{"type":"Feature","properties":{"osm_id":177506655,"name":"Strada Frasinului","highway":"residential","name_ro":null,"source":"openstreetmap"},"geometry":{"type":"LineString","coordinates":[[24.1748011,45.813681],[24.1748611,45.8137305],[24.175779,45.8144869],[24.1765248,45.8151005]]}},{"type":"Feature","properties":{"osm_id":177506658,"name":"Strada Stejarului","highway":"residential","name_ro":null,"source":"openstreetmap"},"geometry":{"type":"LineString","coordinates":[[24.1846745,45.81337],[24.1850757,45.8130244],[24.1851046,45.8129665],[24.1850939,45.8129086],[24.184889,45.8125775],[24.1848862,45.8125115],[24.1849253,45.8124605],[24.1852907,45.8122837],[24.1853935,45.8121952],[24.1854883,45.8121067]]}},{"type":"Feature","properties":{"osm_id":177519296,"name":"Aleea Filozofilor","highway":"residential","name_ro":null,"source":"openstreetmap"},"geometry":{"type":"LineString","coordinates":[[24.1424621,45.7946217],[24.1424734,45.7945939],[24.1426351,45.7941942],[24.1425628,45.7938543],[24.1428382,45.7938515]]}},{"type":"Feature","properties":{"osm_id":177519307,"name":"Aleea Buia","highway":"residential","name_ro":null,"source":"openstreetmap"},"geometry":{"type":"LineString","coordinates":[[24.1504278,45.7832022],[24.1504596,45.7832038],[24.1504845,45.7831988],[24.1505134,45.7831788],[24.1506947,45.7829823],[24.1507433,45.7829289],[24.1508057,45.7829559],[24.1517171,45.7834498]]}},{"type":"Feature","properties":{"osm_id":177519314,"name":"Aleea Frații Buzești","highway":"residential","name_ro":null,"source":"openstreetmap"},"geometry":{"type":"LineString","coordinates":[[24.1513436,45.7799602],[24.1513288,45.7799443],[24.1513282,45.7799258],[24.1516326,45.7796376]]}},{"type":"Feature","properties":{"osm_id":177519315,"name":"Aleea Haiducului","highway":"residential","name_ro":null,"source":"openstreetmap"},"geometry":{"type":"LineString","coordinates":[[24.1563411,45.7818532],[24.1559472,45.7822128],[24.155454,45.7826725],[24.1554447,45.7827074],[24.1554594,45.7827427],[24.1556419,45.782844],[24.1562388,45.7831753]]}},{"type":"Feature","properties":{"osm_id":177519317,"name":"Calea Dumbrăvii","highway":"primary","name_ro":null,"source":"openstreetmap"},"geometry":{"type":"LineString","coordinates":[[24.148241,45.7829091],[24.1482229,45.7830139],[24.1482026,45.7831206],[24.148196,45.7832252],[24.1482005,45.7833523],[24.1482552,45.7837101]]}},{"type":"Feature","properties":{"osm_id":177519322,"name":"Strada Charles Darwin","highway":"residential","name_ro":null,"source":"openstreetmap"},"geometry":{"type":"LineString","coordinates":[[24.137573,45.7943645],[24.1374457,45.7938109],[24.1374224,45.7937397],[24.1373616,45.7936788]]}},{"type":"Feature","properties":{"osm_id":177519326,"name":"Strada Alpinismului","highway":"residential","name_ro":null,"source":"openstreetmap"},"geometry":{"type":"LineString","coordinates":[[24.136388,45.7928328],[24.1358235,45.7930136],[24.1357175,45.7930649],[24.1356327,45.7931259],[24.1355696,45.7932038],[24.1355371,45.793273],[24.13534,45.7937608],[24.1353116,45.793843],[24.1353013,45.793873]]}},{"type":"Feature","properties":{"osm_id":177519328,"name":"Aleea Buia","highway":"service","name_ro":null,"source":"openstreetmap"},"geometry":{"type":"LineString","coordinates":[[24.150688,45.7833512],[24.1504278,45.7832022]]}},{"type":"Feature","properties":{"osm_id":177519675,"name":"Strada Crint","highway":"residential","name_ro":null,"source":"openstreetmap"},"geometry":{"type":"LineString","coordinates":[[24.1257783,45.7673259],[24.125405,45.766626],[24.1251538,45.7661732],[24.1249874,45.765875]]}},{"type":"Feature","properties":{"osm_id":177519676,"name":"Strada Dobârca","highway":"residential","name_ro":null,"source":"openstreetmap"},"geometry":{"type":"LineString","coordinates":[[24.1242628,45.7669315],[24.1248215,45.7667807],[24.125405,45.766626],[24.1260188,45.7664666],[24.1265653,45.7663271],[24.1266541,45.7663062],[24.1267032,45.7662947],[24.1270807,45.7662054],[24.1274484,45.7661193],[24.1277036,45.7660593]]}},{"type":"Feature","properties":{"osm_id":177519677,"name":"Strada Fântânele","highway":"service","name_ro":null,"source":"openstreetmap"},"geometry":{"type":"LineString","coordinates":[[24.1252481,45.7687957],[24.1254039,45.7687513],[24.125428,45.7687457],[24.1254616,45.7687578],[24.1254938,45.7688093],[24.1255112,45.7688214],[24.1255327,45.7688214],[24.1264514,45.7685922]]}},{"type":"Feature","properties":{"osm_id":177520141,"name":"Strada Timișului","highway":"service","name_ro":null,"source":"openstreetmap"},"geometry":{"type":"LineString","coordinates":[[24.1317916,45.7843199],[24.1318474,45.7843583],[24.1321612,45.7845744],[24.1322824,45.7846505]]}},{"type":"Feature","properties":{"osm_id":177522039,"name":"Strada Cooperatorilor","highway":"residential","name_ro":null,"source":"openstreetmap"},"geometry":{"type":"LineString","coordinates":[[24.1210897,45.7892825],[24.1197645,45.7875991]]}},{"type":"Feature","properties":{"osm_id":177522040,"name":"Strada Aviației","highway":"unclassified","name_ro":null,"source":"openstreetmap"},"geometry":{"type":"LineString","coordinates":[[24.1082918,45.7923421],[24.1086901,45.7903541],[24.1087309,45.7902065],[24.1088532,45.7898436],[24.1090745,45.7891873],[24.1092115,45.7886649]]}},{"type":"Feature","properties":{"osm_id":177522044,"name":"Strada Semănătoarelor","highway":"residential","name_ro":null,"source":"openstreetmap"},"geometry":{"type":"LineString","coordinates":[[24.1230282,45.7930349],[24.1226625,45.7916876],[24.1221191,45.7898974],[24.1219074,45.7891176]]}},{"type":"Feature","properties":{"osm_id":177522045,"name":"Strada Ovăzului","highway":"residential","name_ro":null,"source":"openstreetmap"},"geometry":{"type":"LineString","coordinates":[[24.1226625,45.7916876],[24.1243051,45.7914678],[24.125857,45.7912575],[24.1263878,45.7911795]]}},{"type":"Feature","properties":{"osm_id":177522047,"name":"Strada Turda","highway":"unclassified","name_ro":null,"source":"openstreetmap"},"geometry":{"type":"LineString","coordinates":[[24.1098012,45.7927317],[24.1097735,45.7928236],[24.1096117,45.7933711],[24.1094837,45.7937897],[24.109252,45.7946025],[24.1092459,45.7946241],[24.1091746,45.7948785],[24.1090338,45.7953876],[24.1089445,45.795731],[24.1089229,45.7957768],[24.1088855,45.795817],[24.1088435,45.7958418],[24.1087777,45.795861],[24.1086801,45.7958744],[24.1085878,45.795874],[24.1084434,45.795859],[24.1076929,45.7957467],[24.1075271,45.7957243],[24.1062504,45.7955604],[24.1061319,45.7955458],[24.1056508,45.7954767],[24.1054837,45.7954531],[24.1048519,45.7953637],[24.1034887,45.7951805],[24.1029836,45.7951126],[24.1029151,45.7951034],[24.1021213,45.7949967],[24.1006519,45.7947991],[24.1005579,45.7947865]]}},{"type":"Feature","properties":{"osm_id":177680528,"name":"Strada Axente Sever","highway":"residential","name_ro":null,"source":"openstreetmap"},"geometry":{"type":"LineString","coordinates":[[24.16492,45.7911604],[24.1649655,45.7911236],[24.1651177,45.7910052],[24.1651759,45.7909681],[24.1652249,45.7909393],[24.1652838,45.7909155],[24.1653266,45.7909051],[24.1653839,45.7908956],[24.1654654,45.7908871],[24.1655806,45.7908785]]}},{"type":"Feature","properties":{"osm_id":177680529,"name":"Strada Podragu","highway":"residential","name_ro":null,"source":"openstreetmap"},"geometry":{"type":"LineString","coordinates":[[24.1631213,45.7938945],[24.1645525,45.7932563],[24.165114,45.7929594],[24.1665523,45.791968],[24.1666124,45.7919265]]}},{"type":"Feature","properties":{"osm_id":177680530,"name":"Strada Fabricii","highway":"residential","name_ro":null,"source":"openstreetmap"},"geometry":{"type":"LineString","coordinates":[[24.1647309,45.7964828],[24.1646295,45.7964449],[24.1644882,45.796392],[24.1630328,45.7958474],[24.162956,45.7958187],[24.1627501,45.795739],[24.1616047,45.7953242],[24.161491,45.7952831],[24.1609089,45.7950898],[24.1605435,45.7949742],[24.1602874,45.7948932]]}},{"type":"Feature","properties":{"osm_id":178154081,"name":"Strada Uzinei","highway":"tertiary","name_ro":null,"source":"openstreetmap"},"geometry":{"type":"LineString","coordinates":[[24.1602045,45.7991972],[24.1601004,45.7987586],[24.1600737,45.7986484],[24.1600321,45.7984334],[24.1599702,45.7981197],[24.1598447,45.7975403],[24.1597299,45.7969939]]}},{"type":"Feature","properties":{"osm_id":178154087,"name":"Strada Pescarilor","highway":"residential","name_ro":null,"source":"openstreetmap"},"geometry":{"type":"LineString","coordinates":[[24.1588787,45.7993916],[24.1588833,45.7993134],[24.1589512,45.7981496],[24.1589535,45.798111]]}},{"type":"Feature","properties":{"osm_id":178154088,"name":"Strada Pescarilor","highway":"residential","name_ro":null,"source":"openstreetmap"},"geometry":{"type":"LineString","coordinates":[[24.1581129,45.7978717],[24.1581664,45.797887],[24.1584815,45.7979771],[24.1589535,45.798111],[24.1590723,45.7981204],[24.1594993,45.7981543],[24.1598556,45.7981281],[24.1599702,45.7981197]]}},{"type":"Feature","properties":{"osm_id":178154089,"name":"Strada Uzinei","highway":"tertiary","name_ro":null,"source":"openstreetmap"},"geometry":{"type":"LineString","coordinates":[[24.1601628,45.7968289],[24.1599761,45.7968489],[24.1598943,45.7968688],[24.1598126,45.7969119],[24.1597843,45.7969348]]}},{"type":"Feature","properties":{"osm_id":178154601,"name":"Strada Depoului","highway":"residential","name_ro":null,"source":"openstreetmap"},"geometry":{"type":"LineString","coordinates":[[24.1682546,45.7925288],[24.1682912,45.7925561],[24.1696711,45.7935817]]}},{"type":"Feature","properties":{"osm_id":178154602,"name":"Strada Galileo Galilei","highway":"residential","name_ro":null,"source":"openstreetmap"},"geometry":{"type":"LineString","coordinates":[[24.1709828,45.7914484],[24.1709553,45.7915033],[24.1709149,45.7915419],[24.1708614,45.7915748],[24.1682546,45.7925288],[24.1678291,45.7926812],[24.1677736,45.7926899],[24.167718,45.7926856],[24.1676714,45.7926719],[24.1676327,45.7926471],[24.1672533,45.7923507]]}},{"type":"Feature","properties":{"osm_id":178154603,"name":"Strada Gheorghe Țițeica","highway":"residential","name_ro":null,"source":"openstreetmap"},"geometry":{"type":"LineString","coordinates":[[24.1663664,45.791718],[24.1663039,45.791641],[24.1662405,45.7915892],[24.1658147,45.7913298],[24.1657329,45.7912686],[24.1656776,45.7912103],[24.165642,45.7911594],[24.1656185,45.7911004],[24.1655857,45.790916],[24.1655806,45.7908785],[24.1654509,45.7899467]]}},{"type":"Feature","properties":{"osm_id":178154604,"name":"Strada Ion Creangă","highway":"residential","name_ro":null,"source":"openstreetmap"},"geometry":{"type":"LineString","coordinates":[[24.1658836,45.7917308],[24.1663664,45.791718],[24.1664368,45.7917144],[24.1683211,45.7916149],[24.1683992,45.7916108],[24.1685194,45.7916033],[24.1707728,45.7914618],[24.1709828,45.7914484],[24.1733136,45.7913243],[24.1733961,45.7913185]]}},{"type":"Feature","properties":{"osm_id":178154605,"name":"Strada Suru","highway":"residential","name_ro":null,"source":"openstreetmap"},"geometry":{"type":"LineString","coordinates":[[24.1685194,45.7916033],[24.1685246,45.7915612],[24.1685333,45.7915289],[24.1685543,45.7914946],[24.1685885,45.7914577],[24.1695055,45.7906971],[24.1695876,45.7906258]]}},{"type":"Feature","properties":{"osm_id":178154606,"name":"Strada Urlea","highway":"residential","name_ro":null,"source":"openstreetmap"},"geometry":{"type":"LineString","coordinates":[[24.16374,45.7943189],[24.1638366,45.7942784],[24.1651481,45.7937288],[24.1672533,45.7923507]]}},{"type":"Feature","properties":{"osm_id":178154607,"name":"Strada Pantei","highway":"residential","name_ro":null,"source":"openstreetmap"},"geometry":{"type":"LineString","coordinates":[[24.1735004,45.7912777],[24.1734354,45.7911976],[24.172846,45.7904713],[24.1728166,45.7904351]]}},{"type":"Feature","properties":{"osm_id":178154609,"name":"Strada Victor Hugo","highway":"residential","name_ro":null,"source":"openstreetmap"},"geometry":{"type":"LineString","coordinates":[[24.1654509,45.7899467],[24.1654397,45.7898539],[24.165272,45.7884606],[24.1652686,45.7884295]]}},{"type":"Feature","properties":{"osm_id":178156365,"name":"Strada Bucegi","highway":"residential","name_ro":null,"source":"openstreetmap"},"geometry":{"type":"LineString","coordinates":[[24.1665565,45.7883151],[24.1659616,45.7883521],[24.1652686,45.7884295],[24.1644542,45.7885195],[24.1637267,45.7886171],[24.1636374,45.7886291]]}},{"type":"Feature","properties":{"osm_id":178156369,"name":"Strada Paltinul","highway":"residential","name_ro":null,"source":"openstreetmap"},"geometry":{"type":"LineString","coordinates":[[24.1663762,45.7860113],[24.1659437,45.7856162],[24.1644796,45.7841748],[24.1637254,45.7834323]]}},{"type":"Feature","properties":{"osm_id":178156370,"name":"Strada Giuseppe Garibaldi","highway":"residential","name_ro":null,"source":"openstreetmap"},"geometry":{"type":"LineString","coordinates":[[24.1663762,45.7860113],[24.167364,45.7858699],[24.1690377,45.785625],[24.1691583,45.7856074]]}},{"type":"Feature","properties":{"osm_id":178295239,"name":"Aleea Crăițelor","highway":"residential","name_ro":null,"source":"openstreetmap"},"geometry":{"type":"LineString","coordinates":[[24.1472077,45.8059906],[24.1473893,45.8057697],[24.1476243,45.8054929]]}},{"type":"Feature","properties":{"osm_id":178295240,"name":"Strada Daliei","highway":"residential","name_ro":null,"source":"openstreetmap"},"geometry":{"type":"LineString","coordinates":[[24.1459055,45.8048655],[24.1460188,45.8048985],[24.1463134,45.80499],[24.1464842,45.8050441],[24.1467646,45.8051432],[24.146835,45.8051691],[24.1471149,45.8052784],[24.1471771,45.8053042],[24.1473609,45.8053804],[24.1474198,45.805395],[24.1474549,45.8053998],[24.1474808,45.8054033],[24.1475938,45.8054051],[24.1477015,45.8054005],[24.1477441,45.805396],[24.1478331,45.8053874],[24.1479175,45.8053812],[24.1479861,45.8053813],[24.1480512,45.8053864],[24.1481334,45.8054011],[24.1482137,45.8054258],[24.1484754,45.805532],[24.1485941,45.8055794],[24.1486613,45.8056065]]}},{"type":"Feature","properties":{"osm_id":178295241,"name":"Strada Dulgherilor","highway":"residential","name_ro":null,"source":"openstreetmap"},"geometry":{"type":"LineString","coordinates":[[24.137972,45.8108127],[24.135891,45.8094678]]}},{"type":"Feature","properties":{"osm_id":178295242,"name":"Strada Florilor","highway":"residential","name_ro":null,"source":"openstreetmap"},"geometry":{"type":"LineString","coordinates":[[24.1402966,45.8097072],[24.1403321,45.8097264],[24.1403681,45.8097462],[24.1410613,45.8101031],[24.1423717,45.8107612],[24.1436687,45.8114157],[24.1437207,45.8114419]]}},{"type":"Feature","properties":{"osm_id":178295243,"name":"Strada Kiev","highway":"tertiary","name_ro":null,"source":"openstreetmap"},"geometry":{"type":"LineString","coordinates":[[24.1396786,45.803983],[24.1396556,45.8039268],[24.1396315,45.8038912],[24.1395832,45.8038398],[24.138901,45.8032248],[24.1382414,45.8026393],[24.1380151,45.8024371],[24.1379586,45.802388],[24.1379277,45.802361],[24.1378965,45.802334],[24.137861,45.8023038],[24.1365367,45.8011332],[24.1364959,45.801097],[24.1364525,45.8010597],[24.1359482,45.8006288],[24.135891,45.8005814],[24.1358438,45.8005427]]}},{"type":"Feature","properties":{"osm_id":178295244,"name":"Strada Record","highway":"residential","name_ro":null,"source":"openstreetmap"},"geometry":{"type":"LineString","coordinates":[[24.1415019,45.8129604],[24.1399045,45.811984],[24.1398418,45.8119457],[24.1390042,45.8114428],[24.137972,45.8108127]]}},{"type":"Feature","properties":{"osm_id":178295252,"name":"Aleea Crăițelor","highway":"residential","name_ro":null,"source":"openstreetmap"},"geometry":{"type":"LineString","coordinates":[[24.1476243,45.8054929],[24.1477015,45.8054005]]}},{"type":"Feature","properties":{"osm_id":178297257,"name":"Strada George Bacovia","highway":"residential","name_ro":null,"source":"openstreetmap"},"geometry":{"type":"LineString","coordinates":[[24.1457336,45.773411],[24.1456854,45.7734727],[24.1456677,45.7734953],[24.1441293,45.7740249],[24.141954,45.7747442],[24.1418657,45.7747733]]}},{"type":"Feature","properties":{"osm_id":178299338,"name":"Strada Mitropoliei","highway":"residential","name_ro":null,"source":"openstreetmap"},"geometry":{"type":"LineString","coordinates":[[24.1466038,45.7941607],[24.146634,45.7941188],[24.1466536,45.7940787],[24.146658,45.7940338],[24.1466443,45.7939904],[24.1466094,45.7939434],[24.1463953,45.7937399],[24.1462738,45.7936268],[24.1456062,45.7929854],[24.1455013,45.7928895]]}},{"type":"Feature","properties":{"osm_id":178299760,"name":"Strada Oituz","highway":"tertiary","name_ro":null,"source":"openstreetmap"},"geometry":{"type":"LineString","coordinates":[[24.1529312,45.7857653],[24.1528097,45.7856991],[24.1521856,45.7853602],[24.1507756,45.7845834],[24.1507421,45.7845108],[24.1507163,45.7844548]]}},{"type":"Feature","properties":{"osm_id":178309600,"name":"Strada Gimnasticii","highway":"residential","name_ro":null,"source":"openstreetmap"},"geometry":{"type":"LineString","coordinates":[[24.1545341,45.7939446],[24.1544265,45.7938834],[24.15384,45.793552],[24.153405,45.7933063],[24.1528124,45.7929715],[24.1527378,45.7929293],[24.152421,45.7927503],[24.1519155,45.7924647],[24.1513321,45.7921351],[24.1511815,45.79205],[24.1510264,45.7919624],[24.1510104,45.7919536],[24.1509861,45.7919401]]}},{"type":"Feature","properties":{"osm_id":178311144,"name":"Strada Alexandru Papiu-Ilarian","highway":"residential","name_ro":"Strada Alexandru Papiu-Ilarian","source":"openstreetmap"},"geometry":{"type":"LineString","coordinates":[[24.1516778,45.793986],[24.1519817,45.7937009],[24.1519871,45.7936909],[24.1519882,45.7936805]]}},{"type":"Feature","properties":{"osm_id":178311145,"name":"Strada Alexandru Papiu-Ilarian","highway":"residential","name_ro":"Strada Alexandru Papiu-Ilarian","source":"openstreetmap"},"geometry":{"type":"LineString","coordinates":[[24.1516778,45.793986],[24.151093,45.7944532]]}},{"type":"Feature","properties":{"osm_id":179455710,"name":"Strada Poet Aron Cotruș","highway":"residential","name_ro":null,"source":"openstreetmap"},"geometry":{"type":"LineString","coordinates":[[24.128671,45.780917],[24.1294932,45.7815011]]}},{"type":"Feature","properties":{"osm_id":180141116,"name":"Calea Șurii Mari","highway":"residential","name_ro":null,"source":"openstreetmap"},"geometry":{"type":"LineString","coordinates":[[24.1485437,45.8115596],[24.148532,45.8115855],[24.1485371,45.8116091],[24.1487725,45.8119253],[24.1488504,45.8120247],[24.1493751,45.8126577],[24.1494253,45.8127192]]}},{"type":"Feature","properties":{"osm_id":180143569,"name":"Strada Albinelor","highway":"service","name_ro":null,"source":"openstreetmap"},"geometry":{"type":"LineString","coordinates":[[24.1668062,45.8008419],[24.1677154,45.8011868]]}},{"type":"Feature","properties":{"osm_id":180143571,"name":"Strada Crișului","highway":"residential","name_ro":null,"source":"openstreetmap"},"geometry":{"type":"LineString","coordinates":[[24.1704599,45.8081074],[24.1717276,45.8086621],[24.1718176,45.808711],[24.1719262,45.8087924]]}},{"type":"Feature","properties":{"osm_id":180143577,"name":"Strada Gheorghe Doja","highway":"residential","name_ro":null,"source":"openstreetmap"},"geometry":{"type":"LineString","coordinates":[[24.1583119,45.806193],[24.1583508,45.8061757],[24.1591931,45.8054215],[24.1592542,45.8053661],[24.159673,45.8049869]]}},{"type":"Feature","properties":{"osm_id":180143578,"name":"Strada Ion Popovici-Bănățeanu","highway":"residential","name_ro":null,"source":"openstreetmap"},"geometry":{"type":"LineString","coordinates":[[24.1602322,45.8059433],[24.1599207,45.8057913],[24.1592471,45.8054494],[24.1591931,45.8054215]]}},{"type":"Feature","properties":{"osm_id":180143579,"name":"Strada Johann Sebastian Bach","highway":"tertiary","name_ro":null,"source":"openstreetmap"},"geometry":{"type":"LineString","coordinates":[[24.168738,45.8043329],[24.1689439,45.8042896],[24.169687,45.8040542],[24.1705422,45.8037834],[24.1706468,45.8037503]]}},{"type":"Feature","properties":{"osm_id":180143587,"name":"Strada Reșița","highway":"residential","name_ro":null,"source":"openstreetmap"},"geometry":{"type":"LineString","coordinates":[[24.1662132,45.8069082],[24.1667626,45.8072759],[24.1670132,45.8074446],[24.1672325,45.8075594],[24.1675924,45.8076992],[24.1679303,45.8078237],[24.1683835,45.8079894],[24.1688827,45.8081939],[24.1691832,45.8083059],[24.1696125,45.8084862]]}},{"type":"Feature","properties":{"osm_id":180143588,"name":"Strada Tohan","highway":"residential","name_ro":null,"source":"openstreetmap"},"geometry":{"type":"LineString","coordinates":[[24.1731225,45.8068484],[24.1730403,45.8068858],[24.1725087,45.8071279],[24.1723923,45.8072259],[24.1722759,45.8073387],[24.1721561,45.8074929],[24.1720926,45.8075746]]}},{"type":"Feature","properties":{"osm_id":180143589,"name":"Strada Vulcan","highway":"residential","name_ro":null,"source":"openstreetmap"},"geometry":{"type":"LineString","coordinates":[[24.1699128,45.8085987],[24.1699589,45.8085981],[24.169997,45.8085892],[24.1704599,45.8081074],[24.1712537,45.8072432],[24.1713572,45.8071087],[24.1713988,45.8070716],[24.1714694,45.8070376],[24.1715561,45.8070142],[24.1719459,45.8069069],[24.1720106,45.8068713],[24.1720478,45.8068294],[24.1724087,45.8062109],[24.1724513,45.8061388]]}},{"type":"Feature","properties":{"osm_id":180143698,"name":"Strada Solidarității","highway":"residential","name_ro":null,"source":"openstreetmap"},"geometry":{"type":"LineString","coordinates":[[24.173844,45.8024546],[24.1740017,45.8025727],[24.1740073,45.8025769],[24.1741884,45.802713],[24.1743313,45.8028204],[24.1744691,45.802924],[24.1745457,45.8029816],[24.1745973,45.8030204],[24.1746544,45.8030627],[24.1748672,45.8032202],[24.1751386,45.8034211]]}},{"type":"Feature","properties":{"osm_id":180309824,"name":"Strada Mihai Viteazul","highway":"secondary","name_ro":null,"source":"openstreetmap"},"geometry":{"type":"LineString","coordinates":[[24.174662,45.7755777],[24.1748612,45.7754696],[24.1750701,45.7753501],[24.1751263,45.7753168],[24.1753977,45.7751611],[24.1758241,45.7749257],[24.1759531,45.7748553],[24.1762813,45.7746666],[24.1765408,45.7745202],[24.1767086,45.7744207],[24.1771444,45.7741852],[24.1772671,45.7741189],[24.1775288,45.7739743],[24.1776091,45.7739299],[24.1779767,45.7737238],[24.1781509,45.7736166],[24.1782508,45.7735628],[24.1785935,45.7733781],[24.1787175,45.7733062],[24.1789241,45.7731865],[24.1797845,45.7726877],[24.1813551,45.7718325],[24.1816204,45.7716909]]}},{"type":"Feature","properties":{"osm_id":180309827,"name":"Strada Mihai Viteazul","highway":"secondary","name_ro":null,"source":"openstreetmap"},"geometry":{"type":"LineString","coordinates":[[24.1730477,45.7762078],[24.1731672,45.7762464],[24.1732215,45.7762616],[24.1732601,45.7762673],[24.1733199,45.7762665],[24.1733839,45.776259],[24.1734635,45.7762421]]}},{"type":"Feature","properties":{"osm_id":183238866,"name":"Bulevardul Corneliu Coposu","highway":"primary","name_ro":null,"source":"openstreetmap"},"geometry":{"type":"LineString","coordinates":[[24.1490645,45.7913336],[24.1492069,45.7914079],[24.1492893,45.7914551],[24.1497984,45.7917425],[24.1499274,45.7918148],[24.1500168,45.7918657],[24.1501702,45.7919583],[24.1506569,45.7922309]]}},{"type":"Feature","properties":{"osm_id":183238867,"name":"Bulevardul General Vasile Milea","highway":"primary","name_ro":null,"source":"openstreetmap"},"geometry":{"type":"LineString","coordinates":[[24.1568006,45.7868286],[24.155829,45.7872582],[24.1557342,45.7873001],[24.1554457,45.7874107],[24.1547708,45.7876443]]}},{"type":"Feature","properties":{"osm_id":183238869,"name":"Strada Constantin Noica","highway":"secondary","name_ro":null,"source":"openstreetmap"},"geometry":{"type":"LineString","coordinates":[[24.1503792,45.7896791],[24.1502197,45.7896483]]}},{"type":"Feature","properties":{"osm_id":183238883,"name":"Strada Zaharia Boiu","highway":"tertiary","name_ro":null,"source":"openstreetmap"},"geometry":{"type":"LineString","coordinates":[[24.1460997,45.7891243],[24.1465556,45.7894712],[24.1466047,45.7895174],[24.1466491,45.7895732]]}},{"type":"Feature","properties":{"osm_id":183754580,"name":"Centura Sibiului","highway":"motorway","name_ro":null,"source":"openstreetmap"},"geometry":{"type":"LineString","coordinates":[[24.1969425,45.7931212],[24.1970644,45.7929421]]}},{"type":"Feature","properties":{"osm_id":183754581,"name":"Centura Sibiului","highway":"motorway","name_ro":null,"source":"openstreetmap"},"geometry":{"type":"LineString","coordinates":[[24.1972189,45.7929521],[24.1971044,45.7931154]]}},{"type":"Feature","properties":{"osm_id":183754582,"name":"Centura Sibiului","highway":"motorway","name_ro":null,"source":"openstreetmap"},"geometry":{"type":"LineString","coordinates":[[24.1970644,45.7929421],[24.197604,45.7921613],[24.1978786,45.7916929],[24.1982442,45.7909815]]}},{"type":"Feature","properties":{"osm_id":183754583,"name":"Centura Sibiului","highway":"motorway","name_ro":null,"source":"openstreetmap"},"geometry":{"type":"LineString","coordinates":[[24.1971044,45.7931154],[24.1964473,45.7940612],[24.1961873,45.7943785],[24.1956383,45.7950045],[24.1949058,45.7958103],[24.1945441,45.7961609],[24.1939907,45.796684],[24.1933186,45.7972792],[24.1927213,45.7977771],[24.1922067,45.7981777],[24.1912401,45.7988773],[24.1906798,45.7992547],[24.1902195,45.7995482],[24.1898596,45.7997697],[24.1892859,45.8001043],[24.1885345,45.8005225]]}},{"type":"Feature","properties":{"osm_id":183819669,"name":"Calea Gușteriței","highway":"secondary","name_ro":null,"source":"openstreetmap"},"geometry":{"type":"LineString","coordinates":[[24.1748166,45.808629],[24.1752264,45.8090608]]}},{"type":"Feature","properties":{"osm_id":183822550,"name":"Șoseaua Alba Iulia","highway":"primary","name_ro":null,"source":"openstreetmap"},"geometry":{"type":"LineString","coordinates":[[24.0781474,45.7883601],[24.0782607,45.7883819],[24.0784028,45.7883971],[24.0785828,45.7884044],[24.0787451,45.7883991],[24.0790374,45.7883776],[24.0793043,45.7883645],[24.0795111,45.7883669],[24.079758,45.788379],[24.0800198,45.7884088],[24.0805147,45.7884881]]}},{"type":"Feature","properties":{"osm_id":183822551,"name":"Șoseaua Alba Iulia","highway":"primary","name_ro":null,"source":"openstreetmap"},"geometry":{"type":"LineString","coordinates":[[24.0805147,45.7884881],[24.080364,45.7884868],[24.0799063,45.7884463],[24.079647,45.7884374],[24.0793216,45.7884422],[24.0791968,45.7884509],[24.0790723,45.7884632]]}},{"type":"Feature","properties":{"osm_id":187201338,"name":"Aleea Călăreților","highway":"residential","name_ro":null,"source":"openstreetmap"},"geometry":{"type":"LineString","coordinates":[[24.1329944,45.7696297],[24.132317,45.7685543],[24.132259,45.7684621],[24.1320324,45.7681099],[24.1320067,45.7680576]]}},{"type":"Feature","properties":{"osm_id":187201340,"name":"Strada General Moșoiu","highway":"residential","name_ro":null,"source":"openstreetmap"},"geometry":{"type":"LineString","coordinates":[[24.1340544,45.7703938],[24.1353236,45.7716006],[24.1354025,45.7717039]]}},{"type":"Feature","properties":{"osm_id":187201341,"name":"Strada Panait Cerna","highway":"residential","name_ro":null,"source":"openstreetmap"},"geometry":{"type":"LineString","coordinates":[[24.1353764,45.7719079],[24.1353949,45.7717801],[24.1354025,45.7717039],[24.1354775,45.7716664],[24.1365745,45.7711187],[24.1370772,45.7708656],[24.1376058,45.7706031],[24.1376619,45.7705752]]}},{"type":"Feature","properties":{"osm_id":187201342,"name":"Strada Privighetorii","highway":"residential","name_ro":null,"source":"openstreetmap"},"geometry":{"type":"LineString","coordinates":[[24.133579,45.7706916],[24.1340544,45.7703938],[24.1351216,45.7697026],[24.1361051,45.769079],[24.1362623,45.7689776],[24.1363473,45.7689227]]}},{"type":"Feature","properties":{"osm_id":187677806,"name":"Strada Pădurea Dumbrava","highway":"service","name_ro":null,"source":"openstreetmap"},"geometry":{"type":"LineString","coordinates":[[24.1171032,45.7552839],[24.117065,45.7553028],[24.1170211,45.7553188],[24.1169245,45.7553514],[24.1167155,45.7554221],[24.1164657,45.7550809],[24.1167078,45.754988],[24.1167265,45.7549804],[24.1167455,45.7549727],[24.116795,45.7549528]]}},{"type":"Feature","properties":{"osm_id":190641393,"name":"Piața Cibin","highway":"primary","name_ro":null,"source":"openstreetmap"},"geometry":{"type":"LineString","coordinates":[[24.1443494,45.7998068],[24.1442483,45.7998351],[24.1437936,45.7999608],[24.1436976,45.7999886]]}},{"type":"Feature","properties":{"osm_id":190917237,"name":"Strada Oașa","highway":"residential","name_ro":null,"source":"openstreetmap"},"geometry":{"type":"LineString","coordinates":[[24.174721,45.7836022],[24.1746659,45.7836583],[24.1744115,45.7839175],[24.1743888,45.7839264],[24.1743525,45.7839311],[24.174312,45.7839249],[24.1742391,45.7838897],[24.1737024,45.7835814],[24.1731947,45.7833247],[24.173065,45.7832592],[24.1725337,45.7829966],[24.1725075,45.7829798],[24.1724814,45.7829536],[24.1723976,45.7828311],[24.172376,45.7828143],[24.1723426,45.7827955],[24.1722507,45.7827521]]}},{"type":"Feature","properties":{"osm_id":190917241,"name":"Strada Octavian Goga","highway":"residential","name_ro":null,"source":"openstreetmap"},"geometry":{"type":"LineString","coordinates":[[24.1760508,45.7828569],[24.176504,45.782989],[24.1770028,45.7831367],[24.1774983,45.7832628],[24.1777542,45.7828243]]}},{"type":"Feature","properties":{"osm_id":190917242,"name":"Strada Ion Rațiu","highway":"residential","name_ro":null,"source":"openstreetmap"},"geometry":{"type":"LineString","coordinates":[[24.1760508,45.7828569],[24.175459,45.7826935]]}},{"type":"Feature","properties":{"osm_id":190917245,"name":"Strada Ion Rațiu","highway":"residential","name_ro":null,"source":"openstreetmap"},"geometry":{"type":"LineString","coordinates":[[24.177806,45.7783753],[24.1777469,45.7786885],[24.1777003,45.7789351],[24.1776543,45.7791606],[24.1775587,45.7796294],[24.1774274,45.7801928],[24.1773943,45.7803406],[24.177386,45.7803758],[24.1773574,45.7805223],[24.1771833,45.7808265],[24.177064,45.7810727],[24.1768189,45.7814521],[24.1767359,45.7817674],[24.1766948,45.7820546],[24.1766837,45.7821413],[24.1766556,45.7822273],[24.1765973,45.7823367],[24.1765023,45.7824228],[24.1764441,45.7824457]]}},{"type":"Feature","properties":{"osm_id":190918146,"name":"Strada Dobra","highway":"residential","name_ro":null,"source":"openstreetmap"},"geometry":{"type":"LineString","coordinates":[[24.1701815,45.786088],[24.1701847,45.7863834],[24.1701974,45.7865957],[24.1702997,45.7868223],[24.1703709,45.7875198],[24.1704561,45.7883554]]}},{"type":"Feature","properties":{"osm_id":190919306,"name":"Strada Constantin Noica","highway":"secondary","name_ro":null,"source":"openstreetmap"},"geometry":{"type":"LineString","coordinates":[[24.1501304,45.78945],[24.1501033,45.7895249],[24.150101,45.7895531],[24.1501085,45.7895785],[24.1501332,45.7896026],[24.1502197,45.7896483]]}},{"type":"Feature","properties":{"osm_id":190919309,"name":"Piața Unirii","highway":"primary","name_ro":null,"source":"openstreetmap"},"geometry":{"type":"LineString","coordinates":[[24.1486538,45.7906859],[24.1491314,45.7901916],[24.149531,45.7897793]]}},{"type":"Feature","properties":{"osm_id":190921166,"name":"Piața Unirii","highway":"primary","name_ro":null,"source":"openstreetmap"},"geometry":{"type":"LineString","coordinates":[[24.1485194,45.7911319],[24.1484192,45.7911888],[24.1483514,45.7912345],[24.1482799,45.7912965],[24.1481844,45.7913856]]}},{"type":"Feature","properties":{"osm_id":190921167,"name":"Piața Unirii","highway":"primary","name_ro":null,"source":"openstreetmap"},"geometry":{"type":"LineString","coordinates":[[24.148727,45.7910499],[24.1486906,45.7910858],[24.1486409,45.7911127],[24.1485822,45.7911285],[24.148552,45.7911331],[24.1485194,45.7911319],[24.148447,45.7911193],[24.148385,45.7910902],[24.148341,45.7910481],[24.1483201,45.7909981],[24.1483201,45.7909657],[24.148328,45.7909385],[24.1483429,45.7909127],[24.1483645,45.7908893],[24.1483918,45.790869],[24.148424,45.7908526],[24.1484746,45.7908373],[24.1485366,45.7908313],[24.1485984,45.790838],[24.1486549,45.7908569],[24.1487012,45.7908862],[24.1487336,45.7909235],[24.148749,45.7909645],[24.148747,45.7910083],[24.148727,45.7910499]]}},{"type":"Feature","properties":{"osm_id":191137266,"name":"Șoseaua Alba Iulia","highway":"primary","name_ro":null,"source":"openstreetmap"},"geometry":{"type":"LineString","coordinates":[[24.1444798,45.7937805],[24.1444244,45.7938396],[24.1443589,45.7938986],[24.1442728,45.7939577],[24.1441864,45.7940022],[24.1441007,45.7940309],[24.1440355,45.7940422],[24.1439637,45.7940433],[24.1438957,45.79404],[24.1438154,45.7940245],[24.1437331,45.7940001],[24.143626,45.7939624],[24.1430347,45.7937353]]}},{"type":"Feature","properties":{"osm_id":191137272,"name":"Strada Doctor Ioan Lupaș","highway":"residential","name_ro":null,"source":"openstreetmap"},"geometry":{"type":"LineString","coordinates":[[24.1466038,45.7941607],[24.1470655,45.7938967],[24.1479897,45.7933683],[24.1483589,45.7931571],[24.1483941,45.793137]]}},{"type":"Feature","properties":{"osm_id":191137274,"name":"Strada Zaharia Boiu","highway":"residential","name_ro":null,"source":"openstreetmap"},"geometry":{"type":"LineString","coordinates":[[24.1452604,45.7884609],[24.144514,45.7878307],[24.14399,45.7874414]]}},{"type":"Feature","properties":{"osm_id":191137281,"name":"Bulevardul Victoriei","highway":"primary","name_ro":null,"source":"openstreetmap"},"geometry":{"type":"LineString","coordinates":[[24.1460453,45.7911424],[24.1463646,45.7913569],[24.1466432,45.7915221],[24.1466785,45.7915422]]}},{"type":"Feature","properties":{"osm_id":191137282,"name":"Strada Andrei Șaguna","highway":"primary","name_ro":null,"source":"openstreetmap"},"geometry":{"type":"LineString","coordinates":[[24.1448195,45.7932774],[24.1446324,45.7933676],[24.1445133,45.7934315],[24.1444678,45.7934519],[24.1444223,45.7934722],[24.1444065,45.7934755],[24.1443946,45.7934753],[24.14437,45.7934737],[24.1443457,45.7934676],[24.1442764,45.7934407]]}},{"type":"Feature","properties":{"osm_id":191137679,"name":"Strada Mitropoliei","highway":"residential","name_ro":null,"source":"openstreetmap"},"geometry":{"type":"LineString","coordinates":[[24.1466038,45.7941607],[24.147156,45.7944921]]}},{"type":"Feature","properties":{"osm_id":191138616,"name":"Strada Ocnei","highway":"tertiary","name_ro":"Strada Ocnei","source":"openstreetmap"},"geometry":{"type":"LineString","coordinates":[[24.1504983,45.7994325],[24.150496,45.7997407],[24.1504926,45.7998079],[24.1504847,45.79989],[24.150431,45.80028],[24.1504182,45.8003613],[24.1503582,45.8006491],[24.1503496,45.8006979],[24.1503426,45.8007534],[24.1503378,45.8008244],[24.1503452,45.8009037],[24.1504045,45.8013432],[24.1504504,45.8016765]]}},{"type":"Feature","properties":{"osm_id":191138617,"name":"Strada Ocnei","highway":"tertiary","name_ro":null,"source":"openstreetmap"},"geometry":{"type":"LineString","coordinates":[[24.150456,45.8017127],[24.1504808,45.8019552],[24.1504864,45.8019842],[24.1504972,45.8020095],[24.1505111,45.8020305],[24.1505336,45.8020502],[24.1505705,45.8020691],[24.1508834,45.8021607],[24.151199,45.8022553],[24.1512364,45.8022664],[24.151273,45.8022824],[24.151311,45.8023066],[24.1513344,45.8023385]]}},{"type":"Feature","properties":{"osm_id":191138618,"name":"Strada Plopilor","highway":"residential","name_ro":null,"source":"openstreetmap"},"geometry":{"type":"LineString","coordinates":[[24.1487365,45.7998748],[24.1489826,45.8000124],[24.1492178,45.8001493],[24.1493159,45.8001962],[24.1493979,45.8002244],[24.1494957,45.8002439],[24.1495775,45.8002559],[24.1504182,45.8003613]]}},{"type":"Feature","properties":{"osm_id":191138620,"name":"Piața Dragoner","highway":"tertiary","name_ro":null,"source":"openstreetmap"},"geometry":{"type":"LineString","coordinates":[[24.1514593,45.7997403],[24.1506269,45.7993986],[24.1505913,45.7993934],[24.1505606,45.7993962],[24.1505421,45.7994009],[24.1504983,45.7994325]]}},{"type":"Feature","properties":{"osm_id":191138621,"name":"Strada 9 Mai","highway":"tertiary","name_ro":null,"source":"openstreetmap"},"geometry":{"type":"LineString","coordinates":[[24.1572415,45.8001054],[24.1570758,45.800092]]}},{"type":"Feature","properties":{"osm_id":192907760,"name":"Strada Tractorului","highway":"unclassified","name_ro":null,"source":"openstreetmap"},"geometry":{"type":"LineString","coordinates":[[24.1323716,45.8083032],[24.131839,45.808595],[24.1312136,45.8089374],[24.1311116,45.8089951],[24.130362,45.8094069],[24.1288548,45.8102378],[24.1287939,45.810271],[24.1282574,45.810563],[24.1281035,45.8106462],[24.1274063,45.8110228],[24.1266312,45.8114378],[24.1258096,45.8118785],[24.1243566,45.8127833]]}},{"type":"Feature","properties":{"osm_id":192907763,"name":"Strada Odessa","highway":"residential","name_ro":null,"source":"openstreetmap"},"geometry":{"type":"LineString","coordinates":[[24.1414715,45.8016977],[24.1413853,45.80162],[24.1406166,45.8009176],[24.1398563,45.8002172],[24.1397798,45.8001502]]}},{"type":"Feature","properties":{"osm_id":192907777,"name":"Strada Gheorghe Asachi","highway":"tertiary","name_ro":null,"source":"openstreetmap"},"geometry":{"type":"LineString","coordinates":[[24.1157656,45.7850334],[24.1156796,45.7849826],[24.1155696,45.7849358],[24.1152638,45.7848236],[24.1141134,45.7844335],[24.1130275,45.7840647],[24.1126333,45.783929],[24.112252,45.7836994],[24.1116478,45.7833191],[24.11059,45.7826534]]}},{"type":"Feature","properties":{"osm_id":192907785,"name":"Calea Șurii Mici","highway":"secondary","name_ro":null,"source":"openstreetmap"},"geometry":{"type":"LineString","coordinates":[[24.1286576,45.804391],[24.1280189,45.8046093],[24.1270949,45.804925],[24.1267022,45.8050605],[24.1264734,45.805131],[24.126293,45.8051816]]}},{"type":"Feature","properties":{"osm_id":192907790,"name":"Strada Paris","highway":"residential","name_ro":null,"source":"openstreetmap"},"geometry":{"type":"LineString","coordinates":[[24.1335575,45.8044218],[24.1335061,45.8044458],[24.1334681,45.8044636],[24.1324809,45.8049213],[24.1324139,45.8049511]]}},{"type":"Feature","properties":{"osm_id":192907793,"name":"Strada Țiglari","highway":"tertiary","name_ro":null,"source":"openstreetmap"},"geometry":{"type":"LineString","coordinates":[[24.1412516,45.809043],[24.141783,45.8086082],[24.1421456,45.8082819],[24.1424119,45.8080235],[24.1424613,45.8079757],[24.1426303,45.8078161]]}},{"type":"Feature","properties":{"osm_id":192907797,"name":"Strada Zăvoi","highway":"tertiary","name_ro":null,"source":"openstreetmap"},"geometry":{"type":"LineString","coordinates":[[24.1099203,45.7815358],[24.1098085,45.7813495]]}},{"type":"Feature","properties":{"osm_id":192907798,"name":"Strada Paris","highway":"tertiary","name_ro":null,"source":"openstreetmap"},"geometry":{"type":"LineString","coordinates":[[24.1379277,45.802361],[24.1378251,45.8024134],[24.1372159,45.8027248],[24.135797,45.8033606],[24.1346744,45.803876],[24.1336657,45.8043711],[24.1336116,45.8043965],[24.1335575,45.8044218]]}},{"type":"Feature","properties":{"osm_id":192913788,"name":"Piața Cibin","highway":"tertiary","name_ro":null,"source":"openstreetmap"},"geometry":{"type":"LineString","coordinates":[[24.1454671,45.7994554],[24.1448178,45.7986463],[24.1445364,45.7982975]]}},{"type":"Feature","properties":{"osm_id":192916923,"name":"Strada Nicolae Iorga","highway":"residential","name_ro":null,"source":"openstreetmap"},"geometry":{"type":"LineString","coordinates":[[24.1511697,45.7792841],[24.1510111,45.7791983],[24.1507713,45.7790685],[24.1503103,45.7788039],[24.1501035,45.7786877],[24.1498142,45.778525]]}},{"type":"Feature","properties":{"osm_id":192920315,"name":"Strada Oțelarilor","highway":"tertiary","name_ro":null,"source":"openstreetmap"},"geometry":{"type":"LineString","coordinates":[[24.1768541,45.7985404],[24.1757263,45.7987928],[24.174861,45.798993],[24.1734318,45.7993267],[24.1731716,45.7993915],[24.1731071,45.7994108],[24.1730554,45.7994295],[24.1729906,45.7994563],[24.1729417,45.7994807],[24.172778,45.7995705],[24.172531,45.7996949],[24.1724228,45.7997338]]}},{"type":"Feature","properties":{"osm_id":192920316,"name":"Strada Henri Coandă","highway":"primary","name_ro":null,"source":"openstreetmap"},"geometry":{"type":"LineString","coordinates":[[24.1854936,45.7946887],[24.1854777,45.7945921],[24.1854579,45.7944909],[24.1854136,45.7942796]]}},{"type":"Feature","properties":{"osm_id":192920319,"name":"Strada Henri Coandă","highway":"tertiary","name_ro":null,"source":"openstreetmap"},"geometry":{"type":"LineString","coordinates":[[24.1715461,45.7980321],[24.1724074,45.7978128],[24.1729228,45.7976857],[24.1732776,45.797598],[24.1739621,45.7974423],[24.1745827,45.7973014],[24.1751825,45.7971588],[24.1758503,45.7970029],[24.1763738,45.79688],[24.1767503,45.7967892],[24.1769272,45.7967476],[24.1772179,45.7966769]]}},{"type":"Feature","properties":{"osm_id":192920324,"name":"Strada Henri Coandă","highway":"tertiary","name_ro":null,"source":"openstreetmap"},"geometry":{"type":"LineString","coordinates":[[24.1850673,45.7949638],[24.1852656,45.7948569],[24.1853521,45.7947994],[24.1854075,45.7947593],[24.1854795,45.7947082]]}},{"type":"Feature","properties":{"osm_id":192920326,"name":"Strada Dealului","highway":"secondary","name_ro":null,"source":"openstreetmap"},"geometry":{"type":"LineString","coordinates":[[24.1436744,45.7928404],[24.1435848,45.7927401],[24.1433728,45.7925018],[24.1433131,45.7924462],[24.1432294,45.7923921],[24.1431259,45.7923432],[24.1430791,45.7923226],[24.1427109,45.7921604],[24.1426417,45.7921222],[24.14257,45.792074]]}},{"type":"Feature","properties":{"osm_id":192920331,"name":"Bulevardul Victoriei","highway":"primary","name_ro":null,"source":"openstreetmap"},"geometry":{"type":"LineString","coordinates":[[24.1468732,45.7916628],[24.14696,45.7917185],[24.1470056,45.7917505],[24.1470996,45.7918075],[24.1471356,45.7918368],[24.147161,45.791868],[24.1471707,45.7918964],[24.1471595,45.7919312],[24.1470934,45.7920335]]}},{"type":"Feature","properties":{"osm_id":192920335,"name":"Strada Oțelarilor","highway":"residential","name_ro":null,"source":"openstreetmap"},"geometry":{"type":"LineString","coordinates":[[24.1768541,45.7985404],[24.1769957,45.7985088],[24.1776065,45.7983727],[24.177972,45.7982913],[24.1781815,45.7982416],[24.1790728,45.7980385],[24.1797549,45.7978842]]}},{"type":"Feature","properties":{"osm_id":192920340,"name":"Strada Henri Coandă","highway":"primary","name_ro":null,"source":"openstreetmap"},"geometry":{"type":"LineString","coordinates":[[24.1854136,45.7942796],[24.1853784,45.794187],[24.1851429,45.7936527],[24.1850904,45.7935336],[24.1850342,45.7934104],[24.1849473,45.7932475],[24.1848833,45.7931502],[24.184807,45.7930444],[24.1846874,45.7928955],[24.1846189,45.7928125],[24.1845425,45.792733],[24.1844569,45.7926492],[24.1843325,45.792543],[24.1841858,45.7924405],[24.1840498,45.7923593],[24.1838962,45.7922732],[24.1835614,45.7921075],[24.1824848,45.7915761],[24.1823825,45.7915264],[24.1811449,45.7909101],[24.1800164,45.7903739],[24.179545,45.7901499]]}},{"type":"Feature","properties":{"osm_id":192920343,"name":"Strada Henri Coandă","highway":"primary","name_ro":null,"source":"openstreetmap"},"geometry":{"type":"LineString","coordinates":[[24.1854136,45.7942796],[24.1856698,45.7945829],[24.1856922,45.7946094],[24.1857288,45.7946527]]}},{"type":"Feature","properties":{"osm_id":192920344,"name":"Strada Dorobanților","highway":"residential","name_ro":null,"source":"openstreetmap"},"geometry":{"type":"LineString","coordinates":[[24.1745929,45.7927737],[24.1739603,45.7929601],[24.1737967,45.7930068],[24.173655,45.7930437],[24.1735506,45.7930795],[24.1734727,45.7931161],[24.1733886,45.7931725],[24.173041,45.7934536],[24.1724731,45.7938961],[24.1719836,45.7942171],[24.1717779,45.794346],[24.171693,45.7943992],[24.1715657,45.794484],[24.1714398,45.7945678],[24.1714022,45.7946239],[24.1714058,45.7946769],[24.1714301,45.7947507],[24.1715661,45.7951395],[24.171567,45.7951817],[24.171532,45.7952087],[24.1714317,45.7952352],[24.1711396,45.7953065],[24.1710209,45.7953401],[24.1709366,45.7953754],[24.1708215,45.7954321],[24.1706145,45.7955576],[24.1700345,45.795918],[24.1699777,45.795964],[24.1699323,45.7960099],[24.1697774,45.796244],[24.1696644,45.7964061],[24.1695939,45.7964866],[24.1695113,45.7965671],[24.1694125,45.7966514],[24.1692379,45.7967502],[24.1684678,45.7971495],[24.1681525,45.7972828]]}},{"type":"Feature","properties":{"osm_id":192926528,"name":"Strada Bobâlna","highway":"residential","name_ro":null,"source":"openstreetmap"},"geometry":{"type":"LineString","coordinates":[[24.19836,45.7583562],[24.1984079,45.7583346],[24.1984816,45.7583305],[24.2009453,45.7587055]]}},{"type":"Feature","properties":{"osm_id":192926538,"name":"Strada Ludoș","highway":"tertiary","name_ro":null,"source":"openstreetmap"},"geometry":{"type":"LineString","coordinates":[[24.1321829,45.7656743],[24.1319127,45.7658719],[24.131837,45.7659314],[24.1317829,45.7659908],[24.1317328,45.7660655],[24.1317072,45.766119]]}},{"type":"Feature","properties":{"osm_id":193858772,"name":"Strada Turnului","highway":"tertiary","name_ro":"Strada Turnului","source":"openstreetmap"},"geometry":{"type":"LineString","coordinates":[[24.1454671,45.7994554],[24.1455363,45.7994275],[24.1457707,45.7993299],[24.1462508,45.7990867],[24.1464113,45.7990127],[24.1469291,45.7987738],[24.1470345,45.7987222],[24.1471471,45.7986725],[24.1472261,45.7986426],[24.1473409,45.7986074],[24.1474804,45.7985706],[24.1476917,45.7985237],[24.1477882,45.7985042],[24.1480068,45.7984601],[24.1481925,45.7984179],[24.1483497,45.7983822],[24.1484266,45.7983635]]}},{"type":"Feature","properties":{"osm_id":193858773,"name":"Piața Mare","highway":"pedestrian","name_ro":null,"source":"openstreetmap"},"geometry":{"type":"LineString","coordinates":[[24.1513916,45.7960362],[24.1515994,45.7961281],[24.1526567,45.7965833],[24.1527076,45.7966024],[24.1527781,45.7966297]]}},{"type":"Feature","properties":{"osm_id":194070165,"name":"Strada Liviu Rebreanu","highway":"residential","name_ro":null,"source":"openstreetmap"},"geometry":{"type":"LineString","coordinates":[[24.1555631,45.8014837],[24.1555712,45.8013733],[24.1555837,45.801093],[24.1555951,45.8008222],[24.1555845,45.8007138],[24.1555601,45.8006119],[24.155485,45.80041],[24.1554131,45.8002167],[24.1553981,45.8001459],[24.155378,45.8000347]]}},{"type":"Feature","properties":{"osm_id":194070166,"name":"Strada Pietrarilor","highway":"residential","name_ro":null,"source":"openstreetmap"},"geometry":{"type":"LineString","coordinates":[[24.150456,45.8017127],[24.1506936,45.8017592],[24.1508466,45.8017931],[24.1509612,45.8018213],[24.1515256,45.8019781],[24.1519124,45.8021215],[24.1520098,45.8021457],[24.1520979,45.8021558],[24.152192,45.8021502],[24.1525757,45.8020716]]}},{"type":"Feature","properties":{"osm_id":194076617,"name":"Strada 9 Mai","highway":"tertiary","name_ro":null,"source":"openstreetmap"},"geometry":{"type":"LineString","coordinates":[[24.1514593,45.7997403],[24.1506169,45.7997406],[24.150496,45.7997407]]}},{"type":"Feature","properties":{"osm_id":197073378,"name":"Strada Croitorilor","highway":"residential","name_ro":null,"source":"openstreetmap"},"geometry":{"type":"LineString","coordinates":[[24.1454211,45.7978611],[24.1454736,45.7978996],[24.1455085,45.7979275],[24.1455354,45.7979541],[24.1455752,45.7980066],[24.1455932,45.7980384],[24.1456088,45.7980925],[24.1456292,45.7982482],[24.1457707,45.7993299]]}},{"type":"Feature","properties":{"osm_id":197078470,"name":"Strada Nouă","highway":"residential","name_ro":null,"source":"openstreetmap"},"geometry":{"type":"LineString","coordinates":[[24.1523022,45.800896],[24.1518923,45.800764],[24.1515294,45.8006268],[24.1513375,45.8005667],[24.1511227,45.8005066],[24.1508388,45.800439],[24.1506044,45.8003937],[24.1504182,45.8003613]]}},{"type":"Feature","properties":{"osm_id":199337388,"name":"Aleea Șelimbăr","highway":"residential","name_ro":null,"source":"openstreetmap"},"geometry":{"type":"LineString","coordinates":[[24.1617016,45.7790649],[24.1616309,45.7791304],[24.1612382,45.7794796],[24.1609868,45.7797038],[24.1609424,45.7797434],[24.1608765,45.7798008]]}},{"type":"Feature","properties":{"osm_id":199338246,"name":"Aleea Șelimbăr","highway":"residential","name_ro":null,"source":"openstreetmap"},"geometry":{"type":"LineString","coordinates":[[24.165002,45.7802424],[24.1648531,45.7802023],[24.1644076,45.780125],[24.1640756,45.7800708],[24.1638636,45.7800379],[24.1633956,45.7799448],[24.1630958,45.7798581],[24.1626749,45.7796586],[24.1624848,45.7795283],[24.1624173,45.7794684],[24.1620594,45.7791513],[24.1619335,45.7790603],[24.1617308,45.779042],[24.1617016,45.7790649]]}},{"type":"Feature","properties":{"osm_id":199352355,"name":"Șoseaua Alba Iulia","highway":"primary","name_ro":null,"source":"openstreetmap"},"geometry":{"type":"LineString","coordinates":[[24.0906944,45.7899077],[24.0902897,45.78984],[24.0892917,45.7896975],[24.0878315,45.7894896],[24.0872221,45.7894028],[24.0867332,45.7893372],[24.0866674,45.7893284],[24.0854352,45.7891629],[24.0843095,45.7890118],[24.083984,45.7889682],[24.0833802,45.7888871],[24.0805147,45.7884881]]}},{"type":"Feature","properties":{"osm_id":199353329,"name":"Aleea Șelimbăr","highway":"service","name_ro":null,"source":"openstreetmap"},"geometry":{"type":"LineString","coordinates":[[24.1664854,45.7806681],[24.1663428,45.7808079]]}},{"type":"Feature","properties":{"osm_id":199360503,"name":"Strada 9 Mai","highway":"residential","name_ro":null,"source":"openstreetmap"},"geometry":{"type":"LineString","coordinates":[[24.1572415,45.8001054],[24.157335,45.800113],[24.1574884,45.8001237],[24.1577287,45.8001375],[24.1581595,45.8001543],[24.1582858,45.8001585]]}},{"type":"Feature","properties":{"osm_id":199360600,"name":"Strada 9 Mai","highway":"residential","name_ro":null,"source":"openstreetmap"},"geometry":{"type":"LineString","coordinates":[[24.1582858,45.8001585],[24.1593956,45.8001918],[24.159528,45.800179]]}},{"type":"Feature","properties":{"osm_id":199360924,"name":"Strada Blănarilor","highway":"residential","name_ro":null,"source":"openstreetmap"},"geometry":{"type":"LineString","coordinates":[[24.1582858,45.8001585],[24.1583184,45.8001019],[24.1583977,45.7997772],[24.1585132,45.7993113]]}},{"type":"Feature","properties":{"osm_id":199401792,"name":"Strada Fuiorului","highway":"residential","name_ro":null,"source":"openstreetmap"},"geometry":{"type":"LineString","coordinates":[[24.1396815,45.7958367],[24.1397601,45.7958102],[24.1398063,45.7957837],[24.1400012,45.7956762],[24.1401975,45.7955726],[24.1403211,45.7955109],[24.1403913,45.7954859],[24.1404307,45.7954783],[24.14047,45.7954747],[24.1406756,45.7954861]]}},{"type":"Feature","properties":{"osm_id":199406494,"name":"Strada Ioan Codru Drăgușanu","highway":"residential","name_ro":null,"source":"openstreetmap"},"geometry":{"type":"LineString","coordinates":[[24.1342708,45.7808725],[24.1343794,45.7808415],[24.1345193,45.7808016],[24.1352972,45.7805719]]}},{"type":"Feature","properties":{"osm_id":199406997,"name":"Strada Avrig","highway":"primary","name_ro":"Strada Avrig","source":"openstreetmap"},"geometry":{"type":"LineString","coordinates":[[24.1346882,45.7790358],[24.1349751,45.7789541],[24.1354391,45.7788187]]}},{"type":"Feature","properties":{"osm_id":199407738,"name":"Strada Jina","highway":"residential","name_ro":null,"source":"openstreetmap"},"geometry":{"type":"LineString","coordinates":[[24.1352972,45.7805719],[24.1363688,45.7823424]]}},{"type":"Feature","properties":{"osm_id":199407739,"name":"Strada Ioan Codru Drăgușanu","highway":"residential","name_ro":null,"source":"openstreetmap"},"geometry":{"type":"LineString","coordinates":[[24.1352972,45.7805719],[24.1365566,45.7801981],[24.1366655,45.7801657]]}},{"type":"Feature","properties":{"osm_id":199411669,"name":"Strada Vasile Aaron","highway":"tertiary","name_ro":null,"source":"openstreetmap"},"geometry":{"type":"LineString","coordinates":[[24.1745632,45.7882593],[24.1753029,45.7886153]]}},{"type":"Feature","properties":{"osm_id":199411940,"name":"Strada Vasile Aaron","highway":"tertiary","name_ro":null,"source":"openstreetmap"},"geometry":{"type":"LineString","coordinates":[[24.1748805,45.7886987],[24.1745632,45.7882593]]}},{"type":"Feature","properties":{"osm_id":199412087,"name":"Strada Negovanu","highway":"residential","name_ro":null,"source":"openstreetmap"},"geometry":{"type":"LineString","coordinates":[[24.1719738,45.7830228],[24.1725673,45.7833261],[24.1729775,45.7835266],[24.1732703,45.7836697],[24.1739491,45.7840163],[24.1740565,45.7840739],[24.1743643,45.7842381],[24.1745939,45.7843678],[24.1750375,45.784601],[24.1750845,45.7846328],[24.1751166,45.7846669],[24.1751347,45.7847006],[24.175146,45.7847472],[24.1751498,45.7847754],[24.1751663,45.7849396],[24.1751751,45.7850336],[24.1751958,45.7852786],[24.1752419,45.7855338],[24.1752398,45.7856681],[24.1752353,45.7857069],[24.1751658,45.7858292],[24.1750723,45.785944]]}},{"type":"Feature","properties":{"osm_id":199412368,"name":"Strada Iezer","highway":"residential","name_ro":null,"source":"openstreetmap"},"geometry":{"type":"LineString","coordinates":[[24.1743003,45.7866692],[24.174725,45.7869019],[24.1751201,45.7871124],[24.175308,45.7872262],[24.1753654,45.7872739],[24.1754483,45.7873565],[24.1757154,45.7876484],[24.1752088,45.7881047]]}},{"type":"Feature","properties":{"osm_id":199412369,"name":"Strada Iezer","highway":"residential","name_ro":null,"source":"openstreetmap"},"geometry":{"type":"LineString","coordinates":[[24.1751201,45.7871124],[24.1747958,45.7874116],[24.1743157,45.7878448]]}},{"type":"Feature","properties":{"osm_id":199412370,"name":"Strada Iezer","highway":"residential","name_ro":null,"source":"openstreetmap"},"geometry":{"type":"LineString","coordinates":[[24.1751715,45.7876155],[24.1747958,45.7874116],[24.1743962,45.7871944],[24.1740069,45.7869835]]}},{"type":"Feature","properties":{"osm_id":199412371,"name":"Strada Iezer","highway":"residential","name_ro":null,"source":"openstreetmap"},"geometry":{"type":"LineString","coordinates":[[24.174725,45.7869019],[24.1743962,45.7871944],[24.1739133,45.7876241]]}},{"type":"Feature","properties":{"osm_id":199446917,"name":"Strada Preot Bacca","highway":"residential","name_ro":null,"source":"openstreetmap"},"geometry":{"type":"LineString","coordinates":[[24.1179232,45.774005],[24.1184235,45.7736559],[24.118689,45.7734874],[24.1192066,45.7731563],[24.1193059,45.7730927],[24.1194165,45.7730196],[24.1198842,45.7727613],[24.1199603,45.7727165],[24.1204805,45.7723422],[24.1205419,45.772298],[24.1215024,45.7716205],[24.1216185,45.7715446],[24.1226353,45.770862],[24.1236855,45.7701462],[24.1243809,45.769676],[24.1244694,45.7696162]]}},{"type":"Feature","properties":{"osm_id":204143056,"name":"Strada Rotașului","highway":"service","name_ro":null,"source":"openstreetmap"},"geometry":{"type":"LineString","coordinates":[[24.1415399,45.7866823],[24.141655,45.7866274],[24.1417403,45.7865866],[24.1417541,45.7865632],[24.1416722,45.7864771],[24.1416398,45.7864754],[24.1413135,45.7866372],[24.141119,45.7867323],[24.140838,45.7868685]]}},{"type":"Feature","properties":{"osm_id":205934122,"name":"Bulevardul Corneliu Coposu","highway":"secondary","name_ro":null,"source":"openstreetmap"},"geometry":{"type":"LineString","coordinates":[[24.1601628,45.7968289],[24.1597003,45.7966995],[24.1594663,45.7966405],[24.1593287,45.7966041],[24.1592154,45.7965764]]}},{"type":"Feature","properties":{"osm_id":205934124,"name":"Bulevardul Corneliu Coposu","highway":"secondary","name_ro":null,"source":"openstreetmap"},"geometry":{"type":"LineString","coordinates":[[24.1594539,45.7962578],[24.1596212,45.7963941],[24.1601628,45.7968289]]}},{"type":"Feature","properties":{"osm_id":205934125,"name":"Bulevardul Corneliu Coposu","highway":"primary","name_ro":null,"source":"openstreetmap"},"geometry":{"type":"LineString","coordinates":[[24.1577588,45.7957302],[24.1587921,45.7960609],[24.1589257,45.7961085]]}},{"type":"Feature","properties":{"osm_id":208416702,"name":"Bulevardul Victoriei","highway":"primary","name_ro":null,"source":"openstreetmap"},"geometry":{"type":"LineString","coordinates":[[24.1466785,45.7915422],[24.146911,45.7916393],[24.1470173,45.791681],[24.1470697,45.7917],[24.147134,45.7917191],[24.1472077,45.7917408],[24.1472609,45.7917486],[24.1473097,45.7917516],[24.1473628,45.7917512],[24.1474154,45.7917424],[24.14746,45.7917307],[24.147526,45.7916989],[24.1476004,45.7916509],[24.1477833,45.7915033],[24.1479591,45.7913528],[24.1482313,45.7910866],[24.1483201,45.7909981]]}},{"type":"Feature","properties":{"osm_id":208416707,"name":"Strada Dealului","highway":"secondary","name_ro":null,"source":"openstreetmap"},"geometry":{"type":"LineString","coordinates":[[24.14257,45.792074],[24.1425156,45.7920266],[24.1424691,45.7919747],[24.1424278,45.7919151],[24.1422053,45.7915658],[24.1417381,45.7908841],[24.1415037,45.7905589],[24.141451,45.7905127],[24.1409783,45.7902102],[24.1406824,45.790032],[24.1405778,45.7899689],[24.1405412,45.789934],[24.1405264,45.7898977],[24.1405269,45.789846],[24.1405439,45.7897553]]}},{"type":"Feature","properties":{"osm_id":208513463,"name":"Strada Malului","highway":"primary","name_ro":null,"source":"openstreetmap"},"geometry":{"type":"LineString","coordinates":[[24.1435589,45.7987119],[24.1438597,45.7991146],[24.1439903,45.7993046],[24.1442407,45.7996602],[24.1442662,45.7996945]]}},{"type":"Feature","properties":{"osm_id":208521018,"name":"Strada Luarea Bastiliei","highway":"residential","name_ro":null,"source":"openstreetmap"},"geometry":{"type":"LineString","coordinates":[[24.1380945,45.7797484],[24.1381423,45.7797114],[24.1381652,45.7796779],[24.1381544,45.779087],[24.1380949,45.7780621],[24.1380869,45.777984]]}},{"type":"Feature","properties":{"osm_id":208697504,"name":"Strada Triajului","highway":"residential","name_ro":null,"source":"openstreetmap"},"geometry":{"type":"LineString","coordinates":[[24.1799318,45.7882312],[24.1799394,45.7881164],[24.1799597,45.7880657],[24.1799909,45.7880133],[24.1804064,45.7875736],[24.1806574,45.7873136],[24.1817299,45.7862413],[24.1822215,45.7857449]]}},{"type":"Feature","properties":{"osm_id":208697524,"name":"Strada Triajului","highway":"residential","name_ro":null,"source":"openstreetmap"},"geometry":{"type":"LineString","coordinates":[[24.1803101,45.7888299],[24.1803635,45.7887267],[24.1803939,45.7886389],[24.1803956,45.7885399],[24.180377,45.788484],[24.1803297,45.7884109],[24.1802807,45.7883614],[24.1802131,45.7883019],[24.1800484,45.7882336]]}},{"type":"Feature","properties":{"osm_id":217660518,"name":"Strada Podului","highway":"residential","name_ro":null,"source":"openstreetmap"},"geometry":{"type":"LineString","coordinates":[[24.1855018,45.8078603],[24.1861342,45.8083598],[24.1862044,45.8084029],[24.1863087,45.80844]]}},{"type":"Feature","properties":{"osm_id":219165357,"name":"Strada Colinei","highway":"residential","name_ro":null,"source":"openstreetmap"},"geometry":{"type":"LineString","coordinates":[[24.121413,45.7731756],[24.1217696,45.7735028]]}},{"type":"Feature","properties":{"osm_id":219165660,"name":"Strada Hameiului","highway":"residential","name_ro":null,"source":"openstreetmap"},"geometry":{"type":"LineString","coordinates":[[24.1392465,45.7971252],[24.1401746,45.7972889],[24.1402915,45.7973122],[24.1404512,45.7973462],[24.1405463,45.7973675],[24.1407372,45.7974208],[24.1409872,45.797507],[24.1410786,45.7975417],[24.1411888,45.7975864]]}},{"type":"Feature","properties":{"osm_id":223526679,"name":"Șelimbăr-Bungard","highway":"tertiary","name_ro":null,"source":"openstreetmap"},"geometry":{"type":"LineString","coordinates":[[24.2159256,45.7769305],[24.2162088,45.7769007],[24.2164126,45.776853],[24.2167385,45.7767417],[24.2172427,45.7765902],[24.2175043,45.7765256],[24.2177819,45.7764733],[24.2182352,45.7764228],[24.2185946,45.77639],[24.2187944,45.7763489],[24.2190827,45.7762787],[24.2194476,45.7761595],[24.2197372,45.7760542],[24.2200012,45.7759546],[24.2201177,45.7759242],[24.2201827,45.7759142],[24.220248,45.7759087],[24.2203633,45.7759098],[24.2205057,45.7759165],[24.220739,45.7759382],[24.220861,45.7759448],[24.2209241,45.7759438],[24.2209791,45.7759316],[24.2210928,45.7758932],[24.2211826,45.7758689],[24.2213164,45.7758318]]}},{"type":"Feature","properties":{"osm_id":223526683,"name":"Șelimbăr-Bungard","highway":"tertiary","name_ro":null,"source":"openstreetmap"},"geometry":{"type":"LineString","coordinates":[[24.2151528,45.7769045],[24.215421,45.7769328],[24.2156669,45.776935],[24.2159256,45.7769305]]}},{"type":"Feature","properties":{"osm_id":224234785,"name":"Strada Ștefan cel Mare","highway":"tertiary","name_ro":null,"source":"openstreetmap"},"geometry":{"type":"LineString","coordinates":[[24.1731406,45.7894515],[24.1737265,45.7894137],[24.1738051,45.7894087],[24.174796,45.7893487],[24.1755089,45.7893051],[24.1756606,45.7892792]]}},{"type":"Feature","properties":{"osm_id":224238096,"name":"Strada Gențianei","highway":"residential","name_ro":null,"source":"openstreetmap"},"geometry":{"type":"LineString","coordinates":[[24.1404301,45.7561906],[24.1401782,45.7561827],[24.1396276,45.7560936],[24.1374008,45.7557352]]}},{"type":"Feature","properties":{"osm_id":224238097,"name":"Strada Ion Mincu","highway":"residential","name_ro":null,"source":"openstreetmap"},"geometry":{"type":"LineString","coordinates":[[24.1483183,45.7578998],[24.1482925,45.7579402],[24.1479163,45.7585297],[24.1478982,45.7585579]]}},{"type":"Feature","properties":{"osm_id":224238100,"name":"Strada Radu Patrulius","highway":"residential","name_ro":null,"source":"openstreetmap"},"geometry":{"type":"LineString","coordinates":[[24.1438315,45.7557108],[24.143645,45.7557274]]}},{"type":"Feature","properties":{"osm_id":224238105,"name":"Strada Grigore Cerchez","highway":"residential","name_ro":null,"source":"openstreetmap"},"geometry":{"type":"LineString","coordinates":[[24.1498739,45.7599745],[24.1498735,45.7600275],[24.1498767,45.7606998],[24.1498875,45.7614622],[24.1498865,45.7615572],[24.1498803,45.7617475],[24.1498483,45.7620168]]}},{"type":"Feature","properties":{"osm_id":224239286,"name":"Strada Șureanu","highway":"residential","name_ro":null,"source":"openstreetmap"},"geometry":{"type":"LineString","coordinates":[[24.1733897,45.7854719],[24.1734601,45.7854092],[24.1741129,45.7848134],[24.1745939,45.7843678]]}},{"type":"Feature","properties":{"osm_id":224488255,"name":"Strada Vârtopu","highway":"service","name_ro":null,"source":"openstreetmap"},"geometry":{"type":"LineString","coordinates":[[24.1573445,45.7934056],[24.1571889,45.793599]]}},{"type":"Feature","properties":{"osm_id":224488264,"name":"Strada Budislavu","highway":"residential","name_ro":null,"source":"openstreetmap"},"geometry":{"type":"LineString","coordinates":[[24.1580144,45.7927846],[24.1584347,45.7923228],[24.1584892,45.792289],[24.1585475,45.7922609],[24.1593202,45.7919832]]}},{"type":"Feature","properties":{"osm_id":224631417,"name":"Strada Topazului","highway":"residential","name_ro":null,"source":"openstreetmap"},"geometry":{"type":"LineString","coordinates":[[24.1288439,45.8124288],[24.1294344,45.8121907],[24.1305334,45.8117477]]}},{"type":"Feature","properties":{"osm_id":224718323,"name":"Șoseaua Alba Iulia","highway":"primary","name_ro":null,"source":"openstreetmap"},"geometry":{"type":"LineString","coordinates":[[24.1430347,45.7937353],[24.1425411,45.7935457],[24.1421866,45.7934006],[24.1420574,45.7933563],[24.1419676,45.793336],[24.1418863,45.7933205],[24.141775,45.7933097],[24.1416598,45.793319]]}},{"type":"Feature","properties":{"osm_id":227772749,"name":"Șoseaua Alba Iulia","highway":"primary","name_ro":null,"source":"openstreetmap"},"geometry":{"type":"LineString","coordinates":[[24.1405866,45.7925906],[24.1407659,45.7926852],[24.1409135,45.7927608]]}},{"type":"Feature","properties":{"osm_id":227772750,"name":"Strada Tudor Arghezi","highway":"secondary","name_ro":null,"source":"openstreetmap"},"geometry":{"type":"LineString","coordinates":[[24.1393924,45.7916998],[24.1393512,45.7916422]]}},{"type":"Feature","properties":{"osm_id":229785253,"name":"Strada Alexandru Papiu-Ilarian","highway":"pedestrian","name_ro":"Strada Alexandru Papiu-Ilarian","source":"openstreetmap"},"geometry":{"type":"LineString","coordinates":[[24.151093,45.7944532],[24.1509464,45.7945585],[24.1509123,45.7945781],[24.1505809,45.7947089],[24.1504287,45.7947569]]}},{"type":"Feature","properties":{"osm_id":229785254,"name":"Strada Regele Ferdinand","highway":"tertiary","name_ro":null,"source":"openstreetmap"},"geometry":{"type":"LineString","coordinates":[[24.159528,45.800179],[24.1595731,45.8001277],[24.1596141,45.8000749],[24.1596639,45.7999662],[24.1596907,45.7998879],[24.1597176,45.7997983],[24.1597308,45.7997186],[24.1597328,45.7996637],[24.1597172,45.7995849]]}},{"type":"Feature","properties":{"osm_id":229785255,"name":"Strada Ștefan cel Mare","highway":"secondary","name_ro":null,"source":"openstreetmap"},"geometry":{"type":"LineString","coordinates":[[24.1945534,45.7885949],[24.1944217,45.7885888],[24.1939782,45.7885747],[24.193501,45.7885613],[24.1930307,45.7885541],[24.1928161,45.7885508],[24.1926526,45.7885464]]}},{"type":"Feature","properties":{"osm_id":229785256,"name":"Strada Ștefan cel Mare","highway":"secondary","name_ro":null,"source":"openstreetmap"},"geometry":{"type":"LineString","coordinates":[[24.2044786,45.7899469],[24.2041764,45.7899038],[24.2039246,45.7898679],[24.203494,45.7898055]]}},{"type":"Feature","properties":{"osm_id":229785257,"name":"Strada Ștefan cel Mare","highway":"secondary","name_ro":null,"source":"openstreetmap"},"geometry":{"type":"LineString","coordinates":[[24.203494,45.7898055],[24.2034143,45.7897941]]}},{"type":"Feature","properties":{"osm_id":229785258,"name":"Strada Ștefan cel Mare","highway":"secondary","name_ro":null,"source":"openstreetmap"},"geometry":{"type":"LineString","coordinates":[[24.195729,45.7887337],[24.1951989,45.7886677],[24.1949471,45.7886391],[24.1947833,45.7886215],[24.1946651,45.788609],[24.1945534,45.7885949]]}},{"type":"Feature","properties":{"osm_id":229785259,"name":"Strada Ștefan cel Mare","highway":"secondary","name_ro":null,"source":"openstreetmap"},"geometry":{"type":"LineString","coordinates":[[24.2031456,45.7897556],[24.2026571,45.7896885],[24.202612,45.7896823]]}},{"type":"Feature","properties":{"osm_id":229785260,"name":"Strada Ștefan cel Mare","highway":"secondary","name_ro":null,"source":"openstreetmap"},"geometry":{"type":"LineString","coordinates":[[24.1962485,45.7888038],[24.1958577,45.788751],[24.195729,45.7887337]]}},{"type":"Feature","properties":{"osm_id":229785261,"name":"Strada Ștefan cel Mare","highway":"secondary","name_ro":null,"source":"openstreetmap"},"geometry":{"type":"LineString","coordinates":[[24.1968479,45.7888865],[24.1962485,45.7888038]]}},{"type":"Feature","properties":{"osm_id":229785262,"name":"Strada Ștefan cel Mare","highway":"secondary","name_ro":null,"source":"openstreetmap"},"geometry":{"type":"LineString","coordinates":[[24.202612,45.7896823],[24.2021422,45.7896118],[24.2017329,45.789555],[24.2015766,45.789528],[24.2014269,45.7894964]]}},{"type":"Feature","properties":{"osm_id":229785266,"name":"Strada Nicolae Grigorescu","highway":"residential","name_ro":null,"source":"openstreetmap"},"geometry":{"type":"LineString","coordinates":[[24.1349433,45.7746936],[24.1348056,45.7747379],[24.1329022,45.7757058],[24.1328153,45.7757501],[24.1316588,45.7763406]]}},{"type":"Feature","properties":{"osm_id":229785273,"name":"Strada Ogorului","highway":"residential","name_ro":null,"source":"openstreetmap"},"geometry":{"type":"LineString","coordinates":[[24.1215305,45.7967231],[24.1211952,45.7966168],[24.1207729,45.7964829],[24.1202963,45.7963318],[24.1198754,45.7961983],[24.1195844,45.7961061],[24.1194485,45.796063],[24.1188411,45.7958704],[24.1187698,45.7958348],[24.1186879,45.795767]]}},{"type":"Feature","properties":{"osm_id":229810470,"name":"Calea Șurii Mari","highway":"primary","name_ro":null,"source":"openstreetmap"},"geometry":{"type":"LineString","coordinates":[[24.1519078,45.8244796],[24.1517597,45.824017],[24.1515261,45.8233355],[24.1514787,45.8231084],[24.1514621,45.8229797],[24.1514499,45.8228103],[24.1514037,45.8222055]]}},{"type":"Feature","properties":{"osm_id":229810474,"name":"Strada Henri Coandă","highway":"tertiary","name_ro":null,"source":"openstreetmap"},"geometry":{"type":"LineString","coordinates":[[24.1855585,45.7948553],[24.1850673,45.7949638]]}},{"type":"Feature","properties":{"osm_id":231052097,"name":"Strada Triajului","highway":"residential","name_ro":null,"source":"openstreetmap"},"geometry":{"type":"LineString","coordinates":[[24.1800484,45.7882336],[24.1807932,45.7882229],[24.1811549,45.7882366],[24.1812646,45.7882595],[24.1813655,45.788342]]}},{"type":"Feature","properties":{"osm_id":231052098,"name":"Strada Ștefan cel Mare","highway":"primary","name_ro":null,"source":"openstreetmap"},"geometry":{"type":"LineString","coordinates":[[24.1748805,45.7886987],[24.1747559,45.7887361],[24.1746389,45.7887765],[24.1745142,45.7888332],[24.1741192,45.7890277],[24.173667,45.7892513],[24.1735249,45.7893215],[24.1733409,45.7893936],[24.1731406,45.7894515],[24.1728644,45.7894811]]}},{"type":"Feature","properties":{"osm_id":235340910,"name":"Bulevardul General Vasile Milea","highway":"primary","name_ro":null,"source":"openstreetmap"},"geometry":{"type":"LineString","coordinates":[[24.1671759,45.7815897],[24.1669048,45.7817636],[24.1666582,45.7819218]]}},{"type":"Feature","properties":{"osm_id":235340911,"name":"Bulevardul General Vasile Milea","highway":"primary","name_ro":null,"source":"openstreetmap"},"geometry":{"type":"LineString","coordinates":[[24.1660834,45.7822222],[24.1662652,45.7821288]]}},{"type":"Feature","properties":{"osm_id":235340912,"name":"Strada Rahovei","highway":"primary","name_ro":null,"source":"openstreetmap"},"geometry":{"type":"LineString","coordinates":[[24.1660876,45.7817269],[24.166465,45.781871],[24.1666582,45.7819218]]}},{"type":"Feature","properties":{"osm_id":235341733,"name":"Strada Nicolaus Olahus","highway":"secondary","name_ro":null,"source":"openstreetmap"},"geometry":{"type":"LineString","coordinates":[[24.1457436,45.7836228],[24.1458459,45.7835919],[24.1459355,45.783555],[24.1460115,45.7835148],[24.1464061,45.7832348],[24.146527,45.7831552],[24.1466265,45.7830927],[24.146726,45.7830369],[24.1468286,45.7829833],[24.1469474,45.7829297],[24.1470722,45.7828824],[24.1475935,45.7827094],[24.1476677,45.7826835],[24.1477565,45.782652],[24.1478772,45.7826104]]}},{"type":"Feature","properties":{"osm_id":235341734,"name":"Strada Rahovei","highway":"primary","name_ro":null,"source":"openstreetmap"},"geometry":{"type":"LineString","coordinates":[[24.1589221,45.7782682],[24.1592524,45.7785157],[24.1599579,45.7790777],[24.1607893,45.7797357],[24.1608765,45.7798008],[24.1612911,45.78012],[24.1615035,45.7802751],[24.1617021,45.7804121],[24.1619178,45.7805314],[24.1622682,45.7806955],[24.162432,45.7807614],[24.1626038,45.780822],[24.1628462,45.7808965],[24.1632552,45.7809931],[24.1635278,45.7810384],[24.1638835,45.7810829],[24.1639941,45.7810935],[24.1641322,45.7811077],[24.1645005,45.7811509],[24.1646659,45.7811813],[24.1648372,45.7812203],[24.1651111,45.7812951]]}},{"type":"Feature","properties":{"osm_id":235341735,"name":"Strada Rahovei","highway":"tertiary","name_ro":null,"source":"openstreetmap"},"geometry":{"type":"LineString","coordinates":[[24.1579447,45.7776517],[24.1571056,45.7770961],[24.1570264,45.7770158]]}},{"type":"Feature","properties":{"osm_id":235341737,"name":"Strada Octavian Goga","highway":"secondary","name_ro":null,"source":"openstreetmap"},"geometry":{"type":"LineString","coordinates":[[24.1441121,45.7824249],[24.1439943,45.7823403],[24.1432592,45.7817685],[24.141889,45.7807242],[24.1418497,45.7806937],[24.1409697,45.7799956],[24.1407201,45.779797],[24.1405642,45.7796746],[24.1404749,45.7795894],[24.140405,45.779506],[24.1403498,45.7794144],[24.1403046,45.7793159],[24.1402842,45.7792328],[24.1402739,45.7791539],[24.1402696,45.7790501],[24.1402749,45.778916],[24.1402779,45.7788596],[24.1402805,45.7788031]]}},{"type":"Feature","properties":{"osm_id":236069739,"name":"Strada Reconstrucției","highway":"secondary","name_ro":null,"source":"openstreetmap"},"geometry":{"type":"LineString","coordinates":[[24.1415094,45.8002884],[24.1418855,45.8003406]]}},{"type":"Feature","properties":{"osm_id":236069740,"name":"Strada Reconstrucției","highway":"secondary","name_ro":null,"source":"openstreetmap"},"geometry":{"type":"LineString","coordinates":[[24.1410291,45.8002669],[24.1408972,45.8002606],[24.1403599,45.8002168],[24.140132,45.800193],[24.1397798,45.8001502]]}},{"type":"Feature","properties":{"osm_id":236069741,"name":"Strada Tudor Vladimirescu","highway":"tertiary","name_ro":null,"source":"openstreetmap"},"geometry":{"type":"LineString","coordinates":[[24.1411777,45.8006249],[24.1411335,45.8006456],[24.1406166,45.8009176],[24.1397332,45.8013885],[24.1388389,45.8018788],[24.1380867,45.8022764],[24.1379277,45.802361]]}},{"type":"Feature","properties":{"osm_id":240036400,"name":"Strada Horia Creangă","highway":"residential","name_ro":null,"source":"openstreetmap"},"geometry":{"type":"LineString","coordinates":[[24.1450902,45.7597811],[24.1481293,45.7603637],[24.1498767,45.7606998],[24.1509497,45.7609085],[24.1516829,45.7610563]]}},{"type":"Feature","properties":{"osm_id":240681873,"name":"Strada Semaforului","highway":"primary","name_ro":null,"source":"openstreetmap"},"geometry":{"type":"LineString","coordinates":[[24.1746568,45.7862848],[24.1746374,45.7862609],[24.1746282,45.7862343],[24.1746298,45.786207],[24.1746423,45.786181],[24.1746645,45.7861584],[24.1746892,45.7861435],[24.1747183,45.7861329],[24.1747501,45.7861273],[24.1747828,45.786127],[24.1748148,45.7861319],[24.1748443,45.7861419],[24.1748696,45.7861563],[24.1748896,45.7861744],[24.1749029,45.7861953],[24.1749091,45.7862177],[24.1749076,45.7862405],[24.1748986,45.7862625],[24.1748827,45.7862824],[24.1748605,45.7862992],[24.1748344,45.7863116],[24.1748051,45.7863197],[24.1747739,45.786323],[24.1747424,45.7863214],[24.1747122,45.7863149],[24.1746849,45.7863039],[24.1746568,45.7862848]]}},{"type":"Feature","properties":{"osm_id":240681874,"name":"Strada Semaforului","highway":"primary","name_ro":null,"source":"openstreetmap"},"geometry":{"type":"LineString","coordinates":[[24.1748605,45.7862992],[24.1749117,45.786339],[24.1750856,45.7864696],[24.1752948,45.7866272],[24.1754262,45.7867346],[24.1758159,45.7870721],[24.1759282,45.787188],[24.1760091,45.7872922],[24.1760827,45.7873926],[24.176138,45.7874835],[24.176187,45.7875792],[24.1762223,45.787657]]}},{"type":"Feature","properties":{"osm_id":240684221,"name":"Șoseaua Alba Iulia","highway":"primary","name_ro":null,"source":"openstreetmap"},"geometry":{"type":"LineString","coordinates":[[24.1311229,45.7933035],[24.131408,45.7932774],[24.1315968,45.7932497]]}},{"type":"Feature","properties":{"osm_id":241940980,"name":"Strada Milano","highway":"unclassified","name_ro":null,"source":"openstreetmap"},"geometry":{"type":"LineString","coordinates":[[24.0885012,45.7941887],[24.0892354,45.7943202],[24.0896679,45.7943977],[24.0918341,45.7947858],[24.0929979,45.7949943],[24.0943406,45.7952348]]}},{"type":"Feature","properties":{"osm_id":241940982,"name":"Strada Europa Unită","highway":"unclassified","name_ro":null,"source":"openstreetmap"},"geometry":{"type":"LineString","coordinates":[[24.0860509,45.7993058],[24.0861357,45.7991283],[24.0863263,45.7986673],[24.08644,45.7983922],[24.0869939,45.7970526],[24.0870256,45.7969761]]}},{"type":"Feature","properties":{"osm_id":243515294,"name":"Strada Ștrandului","highway":"residential","name_ro":null,"source":"openstreetmap"},"geometry":{"type":"LineString","coordinates":[[24.135386,45.7846389],[24.1348211,45.7852745],[24.1348182,45.7853897],[24.1347725,45.7854383]]}},{"type":"Feature","properties":{"osm_id":243515473,"name":"Strada Muncel","highway":"service","name_ro":null,"source":"openstreetmap"},"geometry":{"type":"LineString","coordinates":[[24.1756924,45.7841293],[24.1756686,45.78406],[24.1756537,45.7840359],[24.1756255,45.7840099],[24.1755854,45.7839866],[24.1751455,45.7837481],[24.1751183,45.783729],[24.1751045,45.783703],[24.1750965,45.7836606]]}},{"type":"Feature","properties":{"osm_id":245834972,"name":"Strada Avrig","highway":"primary","name_ro":"Strada Avrig","source":"openstreetmap"},"geometry":{"type":"LineString","coordinates":[[24.1360912,45.7786061],[24.1365781,45.7784506]]}},{"type":"Feature","properties":{"osm_id":248187926,"name":"Strada Pictor Nicolae Brana","highway":"tertiary","name_ro":null,"source":"openstreetmap"},"geometry":{"type":"LineString","coordinates":[[24.1797845,45.7726877],[24.1798214,45.7727684],[24.17988,45.7731159],[24.1800385,45.7739018],[24.1800836,45.7741286],[24.1801092,45.7742571],[24.1801438,45.7744448],[24.1802047,45.7747475],[24.1802231,45.7748336],[24.1802798,45.7751175],[24.1802948,45.7751874],[24.1803778,45.7755692],[24.1803909,45.7756254],[24.1804745,45.7759973],[24.1805936,45.7765109],[24.1806512,45.7767538],[24.1807412,45.7770992],[24.1808087,45.7773742],[24.1808276,45.7774504],[24.1809117,45.7778138],[24.1809479,45.7779886],[24.1810725,45.7785254],[24.1810945,45.7786252],[24.1811664,45.7789328],[24.18122,45.7791656],[24.1813293,45.7796553],[24.18145,45.7802183],[24.1815151,45.7805476],[24.1816262,45.7810925],[24.1816945,45.7813796],[24.1817337,45.7815444],[24.1818114,45.7818711],[24.1818707,45.7821203],[24.1819328,45.7823816],[24.1820288,45.7827783],[24.1820933,45.7830601],[24.1821885,45.7834762],[24.1822852,45.7838988],[24.1823103,45.7839975],[24.1823279,45.7840692],[24.1823366,45.7841302],[24.1823392,45.7841827]]}},{"type":"Feature","properties":{"osm_id":250198753,"name":"Strada Juvenal","highway":"residential","name_ro":null,"source":"openstreetmap"},"geometry":{"type":"LineString","coordinates":[[24.1752427,45.7808149],[24.1762471,45.7808208],[24.1771281,45.7808263]]}},{"type":"Feature","properties":{"osm_id":250200718,"name":"Strada Nicolaus Olahus","highway":"tertiary","name_ro":null,"source":"openstreetmap"},"geometry":{"type":"LineString","coordinates":[[24.1457444,45.7838719],[24.1453253,45.7842975],[24.1452395,45.7843649],[24.1450323,45.784543],[24.1449559,45.7846216]]}},{"type":"Feature","properties":{"osm_id":250221074,"name":"Strada Nichita Stănescu","highway":"residential","name_ro":null,"source":"openstreetmap"},"geometry":{"type":"LineString","coordinates":[[24.1748528,45.781813],[24.1748838,45.7817777],[24.1750249,45.7815935],[24.1750706,45.7815338],[24.1751906,45.7813771],[24.1752313,45.781324],[24.175302,45.7812318]]}},{"type":"Feature","properties":{"osm_id":251287470,"name":"Strada Săcel","highway":"residential","name_ro":null,"source":"openstreetmap"},"geometry":{"type":"LineString","coordinates":[[24.1262468,45.7776514],[24.1252389,45.7771898],[24.1249411,45.7770477],[24.124834,45.7769746],[24.1235475,45.776415],[24.1226351,45.7760215],[24.1223611,45.7759155],[24.1221483,45.7758292],[24.121651,45.7755525],[24.1214759,45.7754519],[24.1213149,45.7753265],[24.1211299,45.7752236],[24.120916,45.7751399],[24.1207998,45.7750945],[24.1202044,45.7748644],[24.1197193,45.7746702],[24.1191531,45.7744435],[24.1179232,45.774005],[24.1171616,45.7736804],[24.1170501,45.7736372],[24.11678,45.7735384],[24.1165379,45.7734538]]}},{"type":"Feature","properties":{"osm_id":251287568,"name":"Strada Poiana Sibiului","highway":"residential","name_ro":null,"source":"openstreetmap"},"geometry":{"type":"LineString","coordinates":[[24.1252063,45.7766718],[24.1242506,45.7762252],[24.1230961,45.7757053]]}},{"type":"Feature","properties":{"osm_id":252249593,"name":"Strada Lucernei","highway":"residential","name_ro":null,"source":"openstreetmap"},"geometry":{"type":"LineString","coordinates":[[24.1268398,45.7961074],[24.1269422,45.7962658],[24.1270842,45.7964324],[24.1273866,45.7967374]]}},{"type":"Feature","properties":{"osm_id":252249594,"name":"Aleea Iasomiei","highway":"residential","name_ro":null,"source":"openstreetmap"},"geometry":{"type":"LineString","coordinates":[[24.1236694,45.7939023],[24.1235522,45.7939152],[24.1228776,45.7939896]]}},{"type":"Feature","properties":{"osm_id":252249595,"name":"Strada Livezii","highway":"residential","name_ro":null,"source":"openstreetmap"},"geometry":{"type":"LineString","coordinates":[[24.1161164,45.7898005],[24.1165083,45.7902397],[24.1186314,45.7927295],[24.1189346,45.7930342],[24.1190864,45.7931661],[24.1192496,45.793298]]}},{"type":"Feature","properties":{"osm_id":252249596,"name":"Aleea Iasomiei","highway":"residential","name_ro":null,"source":"openstreetmap"},"geometry":{"type":"LineString","coordinates":[[24.1244315,45.7943356],[24.1246448,45.794152],[24.1244187,45.7940137]]}},{"type":"Feature","properties":{"osm_id":252249598,"name":"Strada D.D. Roșca","highway":"residential","name_ro":null,"source":"openstreetmap"},"geometry":{"type":"LineString","coordinates":[[24.1114106,45.7869655],[24.1095904,45.7860136],[24.1082156,45.7853587]]}},{"type":"Feature","properties":{"osm_id":252249602,"name":"Strada Verzăriei","highway":"living_street","name_ro":null,"source":"openstreetmap"},"geometry":{"type":"LineString","coordinates":[[24.1260186,45.7961678],[24.126688,45.7958416]]}},{"type":"Feature","properties":{"osm_id":252249604,"name":"Strada Verzăriei","highway":"residential","name_ro":null,"source":"openstreetmap"},"geometry":{"type":"LineString","coordinates":[[24.1278678,45.7963969],[24.1276028,45.795901],[24.1270646,45.7948678],[24.1268689,45.7945038],[24.126753,45.794275]]}},{"type":"Feature","properties":{"osm_id":252249605,"name":"Aleea Iasomiei","highway":"residential","name_ro":null,"source":"openstreetmap"},"geometry":{"type":"LineString","coordinates":[[24.1232603,45.7944798],[24.1235518,45.7942585],[24.1236423,45.794194],[24.1236837,45.7941711],[24.1237708,45.7941386],[24.1238575,45.7941263],[24.1239547,45.7941215],[24.1240663,45.7941334],[24.1244315,45.7943356],[24.1246702,45.7944754],[24.1254085,45.7949077],[24.125441,45.7949267],[24.1261074,45.7953169]]}},{"type":"Feature","properties":{"osm_id":252249606,"name":"Strada Trifoiului","highway":"residential","name_ro":null,"source":"openstreetmap"},"geometry":{"type":"LineString","coordinates":[[24.1285393,45.7962452],[24.1278678,45.7963969]]}},{"type":"Feature","properties":{"osm_id":252249607,"name":"Aleea Pajiștei","highway":"residential","name_ro":null,"source":"openstreetmap"},"geometry":{"type":"LineString","coordinates":[[24.1228776,45.7939896],[24.1222358,45.7940705],[24.1221791,45.794079],[24.1221193,45.7941091],[24.1218744,45.7942533],[24.1217966,45.7942993]]}},{"type":"Feature","properties":{"osm_id":252249953,"name":"Calea Dumbrăvii","highway":"primary","name_ro":null,"source":"openstreetmap"},"geometry":{"type":"LineString","coordinates":[[24.1492837,45.7865068],[24.1493136,45.7865891],[24.1493223,45.786615],[24.1493808,45.7867738],[24.1494097,45.7868539],[24.1495964,45.7873407],[24.1498049,45.7878602],[24.1498599,45.7879984],[24.1498841,45.7880648],[24.1499083,45.7881485],[24.149922,45.7882276],[24.1499361,45.7883932],[24.1499445,45.7886844]]}},{"type":"Feature","properties":{"osm_id":252250299,"name":"Bulevardul Victoriei","highway":"secondary","name_ro":null,"source":"openstreetmap"},"geometry":{"type":"LineString","coordinates":[[24.140838,45.7868685],[24.140661,45.7866967],[24.1405999,45.78663],[24.1404795,45.7864547],[24.1404246,45.7863641],[24.1403183,45.7861951],[24.1399702,45.7856219],[24.1399168,45.7855354],[24.1398303,45.7853929],[24.139134,45.7842316],[24.1389974,45.7840041],[24.1384142,45.7830701],[24.1383632,45.7829839],[24.1382231,45.7827509],[24.1377469,45.7819588],[24.1370503,45.7808007]]}},{"type":"Feature","properties":{"osm_id":252251143,"name":"Strada Oltețului","highway":"residential","name_ro":null,"source":"openstreetmap"},"geometry":{"type":"LineString","coordinates":[[24.1745228,45.8112261],[24.1746441,45.8109015],[24.1746876,45.8107511],[24.1747227,45.8106486]]}},{"type":"Feature","properties":{"osm_id":252251144,"name":"Strada Muncitorilor","highway":"residential","name_ro":null,"source":"openstreetmap"},"geometry":{"type":"LineString","coordinates":[[24.1770324,45.8128849],[24.1778569,45.8133951],[24.1779768,45.8134528],[24.1781019,45.8134869],[24.1783063,45.8135193],[24.1784271,45.8135505],[24.1785894,45.8136171]]}},{"type":"Feature","properties":{"osm_id":252251145,"name":"Strada Piotr Ilici Ceaikovski","highway":"residential","name_ro":null,"source":"openstreetmap"},"geometry":{"type":"LineString","coordinates":[[24.1744136,45.8113172],[24.1749911,45.8116662],[24.1755287,45.8120259],[24.1758015,45.8122052],[24.1761644,45.8124563],[24.1765265,45.8127161],[24.1768613,45.8129453],[24.1776539,45.8134646],[24.1779045,45.8136291],[24.1780663,45.8137267],[24.1781706,45.8137775],[24.1782376,45.8138046],[24.1783325,45.8138387]]}},{"type":"Feature","properties":{"osm_id":252251146,"name":"Strada Salcâmilor","highway":"residential","name_ro":null,"source":"openstreetmap"},"geometry":{"type":"LineString","coordinates":[[24.1826279,45.815452],[24.1829909,45.8166603],[24.1831331,45.8169861],[24.1832337,45.8171623],[24.1833792,45.8173627],[24.18362,45.81765],[24.1842278,45.8183595],[24.1843884,45.8185856],[24.1845202,45.8188164],[24.1846688,45.8191473],[24.1847702,45.8194346],[24.1848441,45.8195655],[24.1848987,45.8196204],[24.1849675,45.8196709],[24.1857916,45.8202177],[24.1860535,45.8203773],[24.1862115,45.8204532],[24.1863687,45.8205215],[24.1865647,45.8205863],[24.1868888,45.8206582],[24.1871432,45.820699],[24.1873157,45.8207116],[24.1874445,45.8207027]]}},{"type":"Feature","properties":{"osm_id":252251147,"name":"Strada Cedonia","highway":"residential","name_ro":null,"source":"openstreetmap"},"geometry":{"type":"LineString","coordinates":[[24.1747227,45.8106486],[24.1747291,45.8104979],[24.1747366,45.8104086],[24.1747521,45.8103314],[24.1747827,45.8102648],[24.1748509,45.810187],[24.1752448,45.8098481]]}},{"type":"Feature","properties":{"osm_id":252251148,"name":"Strada Salcâmilor","highway":"residential","name_ro":null,"source":"openstreetmap"},"geometry":{"type":"LineString","coordinates":[[24.1784705,45.8138842],[24.1786183,45.8139133],[24.1787738,45.8139341],[24.178978,45.8139567],[24.1794792,45.8140012],[24.1798338,45.8140243],[24.1801045,45.8140412],[24.1805205,45.8140644],[24.1806863,45.8140534],[24.1807209,45.8140528],[24.181159,45.814075],[24.1812799,45.8140965],[24.1813346,45.8141062],[24.1815198,45.8141714],[24.1818062,45.8143762],[24.1818377,45.814408],[24.1818726,45.8144431],[24.1819158,45.8144867],[24.1823323,45.8149573],[24.1824267,45.8150639],[24.1826279,45.815452]]}},{"type":"Feature","properties":{"osm_id":252251260,"name":"Strada Sergiu Celibidache","highway":"residential","name_ro":null,"source":"openstreetmap"},"geometry":{"type":"LineString","coordinates":[[24.1740158,45.8106118],[24.1742349,45.8111365],[24.1743072,45.8112299],[24.1744136,45.8113172]]}},{"type":"Feature","properties":{"osm_id":252252054,"name":"Strada Tineretului","highway":"residential","name_ro":null,"source":"openstreetmap"},"geometry":{"type":"LineString","coordinates":[[24.1783726,45.8139052],[24.178285,45.8139613],[24.1780282,45.8141302],[24.177618,45.8144028],[24.1772856,45.8146412],[24.1768931,45.8148854],[24.1765974,45.815058],[24.1765248,45.8151005],[24.17644,45.8151418],[24.1763552,45.8151764],[24.1762045,45.8152291]]}},{"type":"Feature","properties":{"osm_id":252252056,"name":"Strada Frasinului","highway":"residential","name_ro":null,"source":"openstreetmap"},"geometry":{"type":"LineString","coordinates":[[24.1753399,45.8134828],[24.1753471,45.8134594],[24.1753471,45.8134376],[24.1753306,45.8134106],[24.175306,45.8133734],[24.1748347,45.8127125],[24.174632,45.8124142],[24.1744785,45.8121883],[24.1740355,45.8115348],[24.1739913,45.8114697]]}},{"type":"Feature","properties":{"osm_id":252252929,"name":"Strada Maior Niță Octavian","highway":"residential","name_ro":null,"source":"openstreetmap"},"geometry":{"type":"LineString","coordinates":[[24.1825453,45.8110761],[24.1824217,45.8111116],[24.1821553,45.8111915],[24.1818976,45.8112758],[24.1817122,45.81134],[24.1814782,45.8114332],[24.1812977,45.8115134],[24.180718,45.8118581],[24.1804733,45.8120046],[24.1796698,45.8124856],[24.1795035,45.8126234],[24.1787316,45.8134625],[24.1785894,45.8136171],[24.1785047,45.8137239]]}},{"type":"Feature","properties":{"osm_id":252252930,"name":"Strada Piotr Ilici Ceaikovski","highway":"residential","name_ro":null,"source":"openstreetmap"},"geometry":{"type":"LineString","coordinates":[[24.1792335,45.8158855],[24.1793508,45.814964],[24.1794792,45.8140012]]}},{"type":"Feature","properties":{"osm_id":252253486,"name":"Strada Viilor","highway":"residential","name_ro":null,"source":"openstreetmap"},"geometry":{"type":"LineString","coordinates":[[24.1887064,45.8127231],[24.1887813,45.8126653],[24.1888568,45.8126005],[24.1891745,45.8123572],[24.1893542,45.8122259],[24.1895175,45.8121076],[24.1907522,45.811277],[24.1914604,45.8107902]]}},{"type":"Feature","properties":{"osm_id":252253487,"name":"Strada Bradului","highway":"residential","name_ro":null,"source":"openstreetmap"},"geometry":{"type":"LineString","coordinates":[[24.1886383,45.8152774],[24.1889445,45.81553],[24.1890621,45.8156212],[24.1891408,45.8156998],[24.1892168,45.8157932],[24.1894267,45.816146],[24.1894864,45.8162031],[24.1895726,45.8162603],[24.1897313,45.8163037],[24.1899136,45.8163211],[24.1900934,45.8162953],[24.1902561,45.816251],[24.1903474,45.8162122],[24.1904716,45.8161187],[24.1906078,45.815969],[24.1907063,45.8158327],[24.1907667,45.8156906],[24.1908042,45.8154691],[24.1908499,45.8153027],[24.1909477,45.8151428],[24.1912012,45.8148484],[24.1912924,45.814725],[24.1913265,45.8146388],[24.191346,45.8145502],[24.1914225,45.8143184],[24.1914949,45.8141922],[24.1915599,45.814104],[24.1918731,45.8137651],[24.1922537,45.8132294],[24.192338,45.8131628],[24.1924328,45.8131146],[24.1927765,45.8130353],[24.1928847,45.813014]]}},{"type":"Feature","properties":{"osm_id":252253488,"name":"Strada Drum Nou","highway":"residential","name_ro":null,"source":"openstreetmap"},"geometry":{"type":"LineString","coordinates":[[24.1903153,45.806211],[24.1896572,45.8065407],[24.189101,45.8068092]]}},{"type":"Feature","properties":{"osm_id":252253490,"name":"Strada Măceșului","highway":"residential","name_ro":null,"source":"openstreetmap"},"geometry":{"type":"LineString","coordinates":[[24.1908675,45.806745],[24.1908336,45.8066911],[24.1907442,45.8066058],[24.1903153,45.806211]]}},{"type":"Feature","properties":{"osm_id":252376436,"name":"Centura Sibiului","highway":"motorway","name_ro":null,"source":"openstreetmap"},"geometry":{"type":"LineString","coordinates":[[24.0790431,45.8224878],[24.0806763,45.8233593],[24.0819522,45.8239435],[24.0843581,45.8248586],[24.0855678,45.8252457],[24.0877028,45.8258413],[24.0894892,45.826254],[24.0914372,45.8265807],[24.0934289,45.8268174],[24.0950892,45.8269469],[24.0967291,45.8269986],[24.0982573,45.8269933],[24.1003262,45.8268989],[24.102521,45.8267827],[24.1072098,45.8264881]]}},{"type":"Feature","properties":{"osm_id":252960251,"name":"Strada Emil Cioran","highway":"residential","name_ro":null,"source":"openstreetmap"},"geometry":{"type":"LineString","coordinates":[[24.1770629,45.778119],[24.1768302,45.7783316],[24.1764197,45.7787101],[24.1760614,45.7790633],[24.1756647,45.7793987],[24.1756473,45.7794332],[24.1756469,45.7794674]]}},{"type":"Feature","properties":{"osm_id":253001307,"name":"Calea Gușteriței","highway":"secondary","name_ro":null,"source":"openstreetmap"},"geometry":{"type":"LineString","coordinates":[[24.1692653,45.8015719],[24.1693041,45.8016332],[24.1696512,45.8021822],[24.1698413,45.8024848],[24.1698861,45.802556],[24.1699139,45.8026003],[24.170407,45.803374],[24.1705677,45.8036261],[24.1706468,45.8037503],[24.1709218,45.8043359],[24.171036,45.8045772],[24.1710692,45.8046433],[24.1711071,45.8047118],[24.1711564,45.8047882],[24.1712053,45.804857],[24.1712625,45.8049243],[24.1716365,45.8053241],[24.1717063,45.8053965],[24.1717549,45.8054466],[24.172124,45.805807],[24.1724008,45.8060843],[24.1724513,45.8061388]]}},{"type":"Feature","properties":{"osm_id":253001528,"name":"Strada Oțelarilor","highway":"residential","name_ro":null,"source":"openstreetmap"},"geometry":{"type":"LineString","coordinates":[[24.1797549,45.7978842],[24.1800261,45.7978193],[24.1803942,45.7977291],[24.1815114,45.7974553],[24.1823886,45.7972355],[24.1837583,45.7968917],[24.1838811,45.7968615],[24.1839446,45.7968422],[24.1839721,45.7968228],[24.1839877,45.7967884],[24.1838241,45.7961128]]}},{"type":"Feature","properties":{"osm_id":253001547,"name":"Strada Wolfgang Amadeus Mozart","highway":"residential","name_ro":null,"source":"openstreetmap"},"geometry":{"type":"LineString","coordinates":[[24.1717815,45.7999071],[24.170975,45.7986848],[24.1709352,45.7986235]]}},{"type":"Feature","properties":{"osm_id":253001548,"name":"Strada Wolfgang Amadeus Mozart","highway":"residential","name_ro":null,"source":"openstreetmap"},"geometry":{"type":"LineString","coordinates":[[24.1728897,45.8015986],[24.1717815,45.7999071]]}},{"type":"Feature","properties":{"osm_id":253001550,"name":"Strada Nicovalei","highway":"residential","name_ro":null,"source":"openstreetmap"},"geometry":{"type":"LineString","coordinates":[[24.168578,45.7996679],[24.1686342,45.7997074],[24.1692565,45.8001442],[24.1700561,45.8007233]]}},{"type":"Feature","properties":{"osm_id":253001552,"name":"Strada Balanței","highway":"residential","name_ro":null,"source":"openstreetmap"},"geometry":{"type":"LineString","coordinates":[[24.1674846,45.7990897],[24.1676328,45.7989739],[24.1677011,45.7989199],[24.1682527,45.798447],[24.1687651,45.7980077],[24.1688138,45.797967]]}},{"type":"Feature","properties":{"osm_id":253001553,"name":"Strada Wolfgang Amadeus Mozart","highway":"service","name_ro":null,"source":"openstreetmap"},"geometry":{"type":"LineString","coordinates":[[24.1709837,45.7986124],[24.170951,45.7985575],[24.1709044,45.7984784],[24.1708419,45.7983755],[24.1707721,45.7982761],[24.17064,45.7981785],[24.1684678,45.7971495]]}},{"type":"Feature","properties":{"osm_id":253001652,"name":"Pasajul Școlii","highway":"residential","name_ro":null,"source":"openstreetmap"},"geometry":{"type":"LineString","coordinates":[[24.1540191,45.798319],[24.1540274,45.7982851]]}},{"type":"Feature","properties":{"osm_id":253001744,"name":"Strada Amnaș","highway":"residential","name_ro":null,"source":"openstreetmap"},"geometry":{"type":"LineString","coordinates":[[24.1337005,45.7740654],[24.1324722,45.7746739],[24.1324141,45.7747027]]}},{"type":"Feature","properties":{"osm_id":253002228,"name":"Strada Prejbei","highway":"residential","name_ro":null,"source":"openstreetmap"},"geometry":{"type":"LineString","coordinates":[[24.1259849,45.7724463],[24.1275029,45.7726241],[24.1275895,45.7726325],[24.1276719,45.7726405]]}},{"type":"Feature","properties":{"osm_id":253002229,"name":"Strada Tilișca","highway":"residential","name_ro":null,"source":"openstreetmap"},"geometry":{"type":"LineString","coordinates":[[24.1279703,45.7756109],[24.1279856,45.7745737],[24.1279961,45.7743112],[24.1280373,45.7732855],[24.1280563,45.7730449],[24.1280584,45.773017],[24.1280639,45.7729427],[24.1280691,45.7728529]]}},{"type":"Feature","properties":{"osm_id":253002231,"name":"Strada Orlat","highway":"residential","name_ro":null,"source":"openstreetmap"},"geometry":{"type":"LineString","coordinates":[[24.1299688,45.7746455],[24.1299135,45.7746722],[24.1298757,45.7746905],[24.1279703,45.7756109]]}},{"type":"Feature","properties":{"osm_id":253002232,"name":"Piața Crișan","highway":"residential","name_ro":null,"source":"openstreetmap"},"geometry":{"type":"LineString","coordinates":[[24.1372228,45.7722871],[24.1380117,45.7718946]]}},{"type":"Feature","properties":{"osm_id":253002233,"name":"Strada Aciliu","highway":"residential","name_ro":null,"source":"openstreetmap"},"geometry":{"type":"LineString","coordinates":[[24.1277338,45.7727875],[24.1276352,45.7728347],[24.1275254,45.7728872],[24.1256294,45.7738132]]}},{"type":"Feature","properties":{"osm_id":253002234,"name":"Piața Tălmaciu","highway":"residential","name_ro":null,"source":"openstreetmap"},"geometry":{"type":"LineString","coordinates":[[24.1310636,45.7757436],[24.1323019,45.7751426],[24.1323209,45.7751323],[24.1323873,45.7750876],[24.1324375,45.7750289],[24.1324617,45.7749784],[24.1324777,45.7749194],[24.1324787,45.7748547],[24.1324662,45.7748024],[24.1324492,45.7747497],[24.1324141,45.7747027],[24.1323618,45.7746549],[24.1322974,45.7746127],[24.1322279,45.7745851],[24.1321503,45.7745716],[24.1320554,45.7745726],[24.1319585,45.7745863],[24.1318521,45.7746102],[24.131764,45.7746412],[24.1316945,45.7746758],[24.1305608,45.7752393]]}},{"type":"Feature","properties":{"osm_id":253002235,"name":"Strada Ion Sion","highway":"residential","name_ro":null,"source":"openstreetmap"},"geometry":{"type":"LineString","coordinates":[[24.129993,45.7728656],[24.1284129,45.772694],[24.1283419,45.7726866],[24.1282597,45.772678]]}},{"type":"Feature","properties":{"osm_id":253002236,"name":"Piața Crișan","highway":"residential","name_ro":null,"source":"openstreetmap"},"geometry":{"type":"LineString","coordinates":[[24.1372228,45.7722871],[24.1372014,45.7722114],[24.1371846,45.7721534],[24.1371699,45.7720813],[24.1371765,45.7719957],[24.1372193,45.7719205],[24.1372614,45.7718695],[24.1373341,45.77182],[24.1374085,45.7717867],[24.1375093,45.7717634],[24.1376208,45.7717615],[24.1377243,45.7717716],[24.1378273,45.7717934],[24.1379298,45.7718402],[24.1380117,45.7718946]]}},{"type":"Feature","properties":{"osm_id":253002237,"name":"Strada Rozdești","highway":"residential","name_ro":null,"source":"openstreetmap"},"geometry":{"type":"LineString","coordinates":[[24.1283243,45.7712921],[24.1273869,45.7703591],[24.1273254,45.7702978]]}},{"type":"Feature","properties":{"osm_id":253002238,"name":"Strada Dinicu Golescu","highway":"residential","name_ro":null,"source":"openstreetmap"},"geometry":{"type":"LineString","coordinates":[[24.1380117,45.7718946],[24.1380493,45.7718747],[24.1389116,45.7714395],[24.1390114,45.7713854]]}},{"type":"Feature","properties":{"osm_id":253002239,"name":"Strada Bobâlna","highway":"residential","name_ro":null,"source":"openstreetmap"},"geometry":{"type":"LineString","coordinates":[[24.1315066,45.771853],[24.1311862,45.7717286],[24.1308996,45.7715926],[24.1305455,45.7713951]]}},{"type":"Feature","properties":{"osm_id":253002240,"name":"Strada Tilișca","highway":"residential","name_ro":null,"source":"openstreetmap"},"geometry":{"type":"LineString","coordinates":[[24.1279703,45.7756109],[24.1279682,45.7756913],[24.1279581,45.776211],[24.1279895,45.7763473],[24.1280658,45.7764851],[24.1280694,45.7764898],[24.1281822,45.7766379],[24.1282605,45.7767239],[24.1283749,45.7768237],[24.1284976,45.7769024],[24.1294746,45.7774174]]}},{"type":"Feature","properties":{"osm_id":253002241,"name":"Piața Crișan","highway":"service","name_ro":null,"source":"openstreetmap"},"geometry":{"type":"LineString","coordinates":[[24.1378748,45.7723819],[24.1379928,45.7722977],[24.1381109,45.7722023],[24.1381929,45.772135],[24.1382274,45.7721067]]}},{"type":"Feature","properties":{"osm_id":253010000,"name":"Strada Doctor Corneliu Diaconovici","highway":"residential","name_ro":null,"source":"openstreetmap"},"geometry":{"type":"LineString","coordinates":[[24.1765413,45.8004866],[24.1764986,45.8003972],[24.175755,45.7988526],[24.1757263,45.7987928]]}},{"type":"Feature","properties":{"osm_id":253010001,"name":"Strada Oțelarilor","highway":"residential","name_ro":null,"source":"openstreetmap"},"geometry":{"type":"LineString","coordinates":[[24.1729417,45.7994807],[24.1723168,45.7996319]]}},{"type":"Feature","properties":{"osm_id":253010005,"name":"Strada Mașiniștilor","highway":"residential","name_ro":null,"source":"openstreetmap"},"geometry":{"type":"LineString","coordinates":[[24.1733242,45.8013286],[24.1734654,45.8014147],[24.1735557,45.8014934],[24.1736695,45.8016246],[24.1737264,45.8016731],[24.1737974,45.8017216],[24.1743196,45.8020431],[24.1743745,45.8020942],[24.1744223,45.8021624],[24.1744892,45.8022922]]}},{"type":"Feature","properties":{"osm_id":253010633,"name":"Strada Iazului","highway":"residential","name_ro":null,"source":"openstreetmap"},"geometry":{"type":"LineString","coordinates":[[24.1296822,45.770632],[24.1296439,45.7705383],[24.1295813,45.7703106],[24.1294744,45.7698705],[24.1294389,45.7697258]]}},{"type":"Feature","properties":{"osm_id":253010634,"name":"Strada Iazului","highway":"residential","name_ro":null,"source":"openstreetmap"},"geometry":{"type":"LineString","coordinates":[[24.1305455,45.7713951],[24.1304129,45.7712973],[24.1302437,45.7711655],[24.1300501,45.7709899],[24.1296822,45.770632]]}},{"type":"Feature","properties":{"osm_id":253010635,"name":"Strada Sibiel","highway":"residential","name_ro":null,"source":"openstreetmap"},"geometry":{"type":"LineString","coordinates":[[24.1269237,45.7670286],[24.1265653,45.7663271],[24.1263289,45.7658821],[24.126134,45.7655152],[24.1261148,45.765479]]}},{"type":"Feature","properties":{"osm_id":253010636,"name":"Aleea Sibiel","highway":"residential","name_ro":null,"source":"openstreetmap"},"geometry":{"type":"LineString","coordinates":[[24.1263289,45.7658821],[24.1266343,45.7657999],[24.1266998,45.7657817],[24.1267143,45.7657778],[24.1271162,45.7656715],[24.127209,45.7656474],[24.1272217,45.7656442],[24.1272417,45.7656391],[24.127625,45.7655427]]}},{"type":"Feature","properties":{"osm_id":253010637,"name":"Strada Sibiel","highway":"residential","name_ro":null,"source":"openstreetmap"},"geometry":{"type":"LineString","coordinates":[[24.1273509,45.7678352],[24.127327,45.76779],[24.1269237,45.7670286]]}},{"type":"Feature","properties":{"osm_id":253010639,"name":"Strada Iazului","highway":"residential","name_ro":null,"source":"openstreetmap"},"geometry":{"type":"LineString","coordinates":[[24.1294389,45.7697258],[24.1294933,45.7697007],[24.1295438,45.7696744],[24.1295763,45.7696409],[24.1296028,45.7696075],[24.1296145,45.7695355],[24.1295895,45.7694253],[24.129385,45.7689754],[24.1293024,45.7687939]]}},{"type":"Feature","properties":{"osm_id":253018024,"name":"Strada Triajului","highway":"tertiary","name_ro":null,"source":"openstreetmap"},"geometry":{"type":"LineString","coordinates":[[24.1861426,45.772951],[24.1861087,45.7727823],[24.1859718,45.7721454],[24.1857733,45.7711572],[24.1855788,45.7702743],[24.1855582,45.7701809]]}},{"type":"Feature","properties":{"osm_id":253018355,"name":"Strada Lucernei","highway":"residential","name_ro":null,"source":"openstreetmap"},"geometry":{"type":"LineString","coordinates":[[24.1937145,45.7718266],[24.1929029,45.7697051]]}},{"type":"Feature","properties":{"osm_id":253018356,"name":"Strada Trifoiului","highway":"residential","name_ro":null,"source":"openstreetmap"},"geometry":{"type":"LineString","coordinates":[[24.1953064,45.7694133],[24.1953745,45.7694155],[24.1954415,45.769429],[24.1955172,45.7694863],[24.1955676,45.7695949],[24.1958009,45.77031],[24.1958312,45.7703955],[24.1959464,45.7707342]]}},{"type":"Feature","properties":{"osm_id":253019306,"name":"Strada Șoimului","highway":"living_street","name_ro":null,"source":"openstreetmap"},"geometry":{"type":"LineString","coordinates":[[24.1661996,45.7834628],[24.1666185,45.7830503],[24.1669713,45.7827136],[24.1669981,45.7826762],[24.1670188,45.782633],[24.167008,45.7826016],[24.1664295,45.7823096]]}},{"type":"Feature","properties":{"osm_id":253025093,"name":"Șoseaua Alba Iulia","highway":"primary","name_ro":null,"source":"openstreetmap"},"geometry":{"type":"LineString","coordinates":[[24.1108482,45.7926856],[24.1113996,45.792765],[24.1116943,45.7928062]]}},{"type":"Feature","properties":{"osm_id":253027805,"name":"Strada Semaforului","highway":"residential","name_ro":null,"source":"openstreetmap"},"geometry":{"type":"LineString","coordinates":[[24.1715338,45.7844758],[24.1715871,45.7844284],[24.1718034,45.7842363]]}},{"type":"Feature","properties":{"osm_id":253027806,"name":"Strada Semaforului","highway":"residential","name_ro":null,"source":"openstreetmap"},"geometry":{"type":"LineString","coordinates":[[24.1718099,45.7836441],[24.1714673,45.7839688],[24.1714535,45.7840018],[24.1714572,45.7840352],[24.1714893,45.7840648],[24.1718034,45.7842363],[24.1724029,45.7845631],[24.1724445,45.784579],[24.1724928,45.78458],[24.172533,45.7845622],[24.1729246,45.7841979]]}},{"type":"Feature","properties":{"osm_id":253040602,"name":"Strada Triajului","highway":"residential","name_ro":null,"source":"openstreetmap"},"geometry":{"type":"LineString","coordinates":[[24.1870017,45.7765089],[24.1871155,45.7769689],[24.1872643,45.7775703],[24.1874145,45.7781773],[24.1875547,45.7787436],[24.1875993,45.7789239],[24.1876408,45.7791233],[24.1876438,45.7791945],[24.1876346,45.7792635]]}},{"type":"Feature","properties":{"osm_id":253040603,"name":"Strada Ion Rațiu","highway":"residential","name_ro":null,"source":"openstreetmap"},"geometry":{"type":"LineString","coordinates":[[24.177094,45.7766432],[24.1755006,45.7776255]]}},{"type":"Feature","properties":{"osm_id":253040604,"name":"Strada Ion Creangă","highway":"residential","name_ro":null,"source":"openstreetmap"},"geometry":{"type":"LineString","coordinates":[[24.1773487,45.7758991],[24.1765278,45.7763445],[24.1761095,45.7765859],[24.175259,45.7770874],[24.1748143,45.7773439]]}},{"type":"Feature","properties":{"osm_id":253040605,"name":"Strada Pictor Nicolae Tonitza","highway":"residential","name_ro":null,"source":"openstreetmap"},"geometry":{"type":"LineString","coordinates":[[24.1835674,45.7748272],[24.1833926,45.7748467],[24.1802948,45.7751874]]}},{"type":"Feature","properties":{"osm_id":253040781,"name":"Strada Morii","highway":"residential","name_ro":null,"source":"openstreetmap"},"geometry":{"type":"LineString","coordinates":[[24.1835096,45.7702477],[24.1836288,45.7700227],[24.1836736,45.7699679],[24.1837559,45.7699068],[24.1849015,45.7695172],[24.1853094,45.7693588],[24.185882,45.7691205],[24.1863872,45.768942],[24.186945,45.7687449],[24.1875396,45.76857]]}},{"type":"Feature","properties":{"osm_id":253042647,"name":"Calea Turnișorului","highway":"tertiary","name_ro":null,"source":"openstreetmap"},"geometry":{"type":"LineString","coordinates":[[24.1214271,45.7937069],[24.1214835,45.7938315],[24.1216505,45.7941678]]}},{"type":"Feature","properties":{"osm_id":253046257,"name":"Strada Zorilor","highway":"residential","name_ro":null,"source":"openstreetmap"},"geometry":{"type":"LineString","coordinates":[[24.1912731,45.7753752],[24.1909523,45.7735393],[24.1909479,45.7735091]]}},{"type":"Feature","properties":{"osm_id":253048438,"name":"Strada Ștefan cel Mare","highway":"secondary","name_ro":null,"source":"openstreetmap"},"geometry":{"type":"LineString","coordinates":[[24.1798078,45.7891253],[24.1796831,45.7892227],[24.179443,45.7893751],[24.1792889,45.7894633],[24.1792596,45.7894817],[24.1792234,45.78951],[24.1791791,45.7895531],[24.1791252,45.7896137]]}},{"type":"Feature","properties":{"osm_id":253048439,"name":"Strada Păcii","highway":"residential","name_ro":null,"source":"openstreetmap"},"geometry":{"type":"LineString","coordinates":[[24.1748805,45.7886987],[24.1748674,45.7887854],[24.174833,45.7890245],[24.174796,45.7893487]]}},{"type":"Feature","properties":{"osm_id":253574678,"name":"Aleea Turnu Roșu","highway":"residential","name_ro":null,"source":"openstreetmap"},"geometry":{"type":"LineString","coordinates":[[24.1544217,45.7805582],[24.1545229,45.7806102],[24.1546705,45.7806874],[24.1546988,45.7807188],[24.1547042,45.7807566],[24.1546888,45.7807959],[24.1546015,45.7808872],[24.1545821,45.7809145],[24.1545878,45.7809427],[24.1546139,45.780966],[24.154815,45.7810789],[24.1556378,45.7815244]]}},{"type":"Feature","properties":{"osm_id":254008852,"name":"Piața Mare","highway":"pedestrian","name_ro":null,"source":"openstreetmap"},"geometry":{"type":"LineString","coordinates":[[24.1506288,45.7967209],[24.1507469,45.7966227],[24.1509951,45.7964162],[24.1513916,45.7960362]]}},{"type":"Feature","properties":{"osm_id":254330899,"name":"Strada Mihail Sebastian","highway":"residential","name_ro":null,"source":"openstreetmap"},"geometry":{"type":"LineString","coordinates":[[24.1418497,45.7806937],[24.1418941,45.7806663],[24.1421327,45.7805227],[24.1423341,45.7804164],[24.1425298,45.780323],[24.1429392,45.7801376],[24.1431007,45.7800723],[24.1446252,45.7795256],[24.1451078,45.7793449],[24.1452361,45.7792796]]}},{"type":"Feature","properties":{"osm_id":254806818,"name":"Aleea Taberei","highway":"residential","name_ro":null,"source":"openstreetmap"},"geometry":{"type":"LineString","coordinates":[[24.1561609,45.7765023],[24.156122,45.7765362],[24.1560312,45.7766152],[24.1558764,45.7767272]]}},{"type":"Feature","properties":{"osm_id":254809321,"name":"Calea Șurii Mari","highway":"primary","name_ro":null,"source":"openstreetmap"},"geometry":{"type":"LineString","coordinates":[[24.1489134,45.8150902],[24.1489177,45.8150699],[24.1489302,45.8150513],[24.1489499,45.815036],[24.1489628,45.8150297],[24.148994,45.8150213],[24.1490275,45.8150205],[24.1490596,45.8150273],[24.1490859,45.8150406],[24.1491048,45.8150591],[24.1491143,45.8150807],[24.1491139,45.8151015],[24.1491048,45.8151213],[24.1490879,45.8151383],[24.1490645,45.8151512],[24.1490374,45.8151587],[24.1490083,45.8151604],[24.1489797,45.8151563],[24.148954,45.8151466],[24.1489451,45.8151414],[24.1489372,45.8151356],[24.1489302,45.8151291],[24.1489177,45.8151105],[24.1489134,45.8150902]]}},{"type":"Feature","properties":{"osm_id":254809751,"name":"Strada Rusciorului","highway":"primary","name_ro":null,"source":"openstreetmap"},"geometry":{"type":"LineString","coordinates":[[24.1518828,45.8051069],[24.1518776,45.805142],[24.1518694,45.8051868]]}},{"type":"Feature","properties":{"osm_id":254825935,"name":"Strada Doctor Ștefan Stâncă","highway":"residential","name_ro":null,"source":"openstreetmap"},"geometry":{"type":"LineString","coordinates":[[24.1479016,45.7894048],[24.148593,45.7898298],[24.1486317,45.7898527]]}},{"type":"Feature","properties":{"osm_id":255186102,"name":"Strada Lungă","highway":"primary","name_ro":null,"source":"openstreetmap"},"geometry":{"type":"LineString","coordinates":[[24.1430555,45.8006583],[24.1431626,45.8008112],[24.1432267,45.8009153],[24.1432712,45.8009725],[24.1433068,45.8010127],[24.1433584,45.8010559],[24.1434073,45.8010821],[24.1434604,45.8010982]]}},{"type":"Feature","properties":{"osm_id":255186104,"name":"Strada Autogării","highway":"residential","name_ro":null,"source":"openstreetmap"},"geometry":{"type":"LineString","coordinates":[[24.1330465,45.7953305],[24.1328795,45.7953831],[24.1328343,45.7954232]]}},{"type":"Feature","properties":{"osm_id":256889794,"name":"Șoseaua Alba Iulia","highway":"primary","name_ro":null,"source":"openstreetmap"},"geometry":{"type":"LineString","coordinates":[[24.1210632,45.7936941],[24.1208435,45.7936473],[24.120605,45.7936153],[24.1198476,45.7935494]]}},{"type":"Feature","properties":{"osm_id":256889795,"name":"Șoseaua Alba Iulia","highway":"primary","name_ro":null,"source":"openstreetmap"},"geometry":{"type":"LineString","coordinates":[[24.1214333,45.7934935],[24.1214792,45.7935158],[24.1215241,45.7935321],[24.1215713,45.7935426],[24.1216232,45.7935503],[24.1216923,45.7935555],[24.1217765,45.7935604],[24.1227668,45.7935864],[24.1230437,45.7935961],[24.1231442,45.7936014]]}},{"type":"Feature","properties":{"osm_id":256940543,"name":"Strada Gheorghe Ioanid","highway":"residential","name_ro":null,"source":"openstreetmap"},"geometry":{"type":"LineString","coordinates":[[24.1844302,45.7785916],[24.1813057,45.7789186],[24.1811664,45.7789328]]}},{"type":"Feature","properties":{"osm_id":256940544,"name":"Strada Andrei Șaguna","highway":"residential","name_ro":null,"source":"openstreetmap"},"geometry":{"type":"LineString","coordinates":[[24.1787833,45.7799794],[24.18122,45.7791656]]}},{"type":"Feature","properties":{"osm_id":257216754,"name":"Aleea Petru Rareș","highway":"residential","name_ro":null,"source":"openstreetmap"},"geometry":{"type":"LineString","coordinates":[[24.1811771,45.7849144],[24.1805773,45.7851554]]}},{"type":"Feature","properties":{"osm_id":257216757,"name":"Strada C. I. Nottara","highway":"residential","name_ro":null,"source":"openstreetmap"},"geometry":{"type":"LineString","coordinates":[[24.1876346,45.7792635],[24.187589,45.7792865],[24.1875295,45.7793009],[24.1871704,45.7793613],[24.1847486,45.7797514]]}},{"type":"Feature","properties":{"osm_id":257216760,"name":"Aleea Petru Rareș","highway":"residential","name_ro":null,"source":"openstreetmap"},"geometry":{"type":"LineString","coordinates":[[24.1805773,45.7851554],[24.1801354,45.7853456],[24.1800484,45.785394],[24.1799572,45.7854529],[24.1798921,45.7854835],[24.1796741,45.7855707]]}},{"type":"Feature","properties":{"osm_id":257743589,"name":"Strada Neppendorf","highway":"residential","name_ro":null,"source":"openstreetmap"},"geometry":{"type":"LineString","coordinates":[[24.1162474,45.7949005],[24.1163016,45.7946975],[24.1162949,45.794679],[24.1162702,45.7946647],[24.1156179,45.7945641],[24.1155321,45.7945155],[24.1154355,45.7944893],[24.1149634,45.7944295],[24.11371,45.7942798],[24.1136628,45.794266],[24.1136369,45.794243]]}},{"type":"Feature","properties":{"osm_id":258568245,"name":"Strada Nicolae Iorga","highway":"secondary","name_ro":null,"source":"openstreetmap"},"geometry":{"type":"LineString","coordinates":[[24.1582388,45.7815703],[24.1583134,45.7816443],[24.1585984,45.781927],[24.1597122,45.7830316],[24.1597504,45.7830694],[24.1612884,45.7845755],[24.1613246,45.7846713]]}},{"type":"Feature","properties":{"osm_id":263928333,"name":"Aleea Călărașilor","highway":"residential","name_ro":null,"source":"openstreetmap"},"geometry":{"type":"LineString","coordinates":[[24.1647776,45.7819097],[24.1651976,45.7822097]]}},{"type":"Feature","properties":{"osm_id":263928336,"name":"Aleea Seviș","highway":"service","name_ro":null,"source":"openstreetmap"},"geometry":{"type":"LineString","coordinates":[[24.1531045,45.7733878],[24.1533426,45.7733989],[24.1537761,45.7734232]]}},{"type":"Feature","properties":{"osm_id":263928339,"name":"Strada Iezer","highway":"residential","name_ro":null,"source":"openstreetmap"},"geometry":{"type":"LineString","coordinates":[[24.1752088,45.7881047],[24.1751822,45.7881128],[24.1751572,45.788108],[24.1748366,45.7879437],[24.1751715,45.7876155],[24.1754483,45.7873565]]}},{"type":"Feature","properties":{"osm_id":271378893,"name":"Calea Dumbrăvii","highway":"secondary","name_ro":null,"source":"openstreetmap"},"geometry":{"type":"LineString","coordinates":[[24.1398831,45.7722369],[24.1400314,45.7723804],[24.1402271,45.7725699],[24.140292,45.7726396],[24.1403489,45.7727065],[24.1404558,45.7728478],[24.140634,45.7730756],[24.140674,45.7731302],[24.1409529,45.7734969],[24.1413116,45.7739936],[24.1413724,45.7740788],[24.1414332,45.7741641],[24.1418657,45.7747733],[24.1425069,45.7756636],[24.1425852,45.7757749],[24.1426544,45.7758746]]}},{"type":"Feature","properties":{"osm_id":271378897,"name":"Șoseaua Sibiului","highway":"primary","name_ro":null,"source":"openstreetmap"},"geometry":{"type":"LineString","coordinates":[[24.1694,45.7796692],[24.169388,45.7796443],[24.1693828,45.7796183],[24.1693868,45.7795827],[24.1694032,45.7795489],[24.1694311,45.779519],[24.1694688,45.7794948],[24.1695083,45.7794795],[24.1695517,45.7794705],[24.1695969,45.7794684],[24.1696447,45.7794739],[24.1696894,45.779487],[24.1697284,45.779507],[24.1697596,45.7795329],[24.1697813,45.7795631],[24.1697915,45.7795923],[24.1697928,45.7796223],[24.1697851,45.7796518],[24.1697687,45.7796795],[24.1697432,45.7797053],[24.1697102,45.7797266],[24.1696664,45.7797439],[24.1696179,45.7797532],[24.1695646,45.7797538],[24.1695128,45.7797448],[24.1694661,45.7797268],[24.1694276,45.779701],[24.1694,45.7796692]]}},{"type":"Feature","properties":{"osm_id":271389855,"name":"Strada George Coșbuc","highway":"tertiary","name_ro":null,"source":"openstreetmap"},"geometry":{"type":"LineString","coordinates":[[24.1791005,45.783237],[24.1791344,45.7832383],[24.1791782,45.7832288],[24.1819328,45.7823816]]}},{"type":"Feature","properties":{"osm_id":271393279,"name":"Strada Pușcașului","highway":"service","name_ro":null,"source":"openstreetmap"},"geometry":{"type":"LineString","coordinates":[[24.1487906,45.7820185],[24.1486081,45.782012],[24.1482264,45.7821662],[24.148168,45.782169],[24.1481213,45.7821557],[24.1480194,45.782036]]}},{"type":"Feature","properties":{"osm_id":271398350,"name":"Aleea Valea Frumoasei","highway":"residential","name_ro":null,"source":"openstreetmap"},"geometry":{"type":"LineString","coordinates":[[24.1692924,45.7828583],[24.169834,45.7823484]]}},{"type":"Feature","properties":{"osm_id":272849957,"name":"Strada Islazului","highway":"residential","name_ro":null,"source":"openstreetmap"},"geometry":{"type":"LineString","coordinates":[[24.1216185,45.7715446],[24.12198,45.7719028],[24.1224,45.7723218],[24.1231505,45.7730501],[24.123701,45.7734679],[24.1237658,45.773517]]}},{"type":"Feature","properties":{"osm_id":277879623,"name":"Strada Ion Rațiu","highway":"residential","name_ro":null,"source":"openstreetmap"},"geometry":{"type":"LineString","coordinates":[[24.1759356,45.7777166],[24.1772416,45.7769441]]}},{"type":"Feature","properties":{"osm_id":282987479,"name":"Strada Juvenal","highway":"residential","name_ro":null,"source":"openstreetmap"},"geometry":{"type":"LineString","coordinates":[[24.1771281,45.7808263],[24.1771833,45.7808265]]}},{"type":"Feature","properties":{"osm_id":282987480,"name":"Strada Horațiu","highway":"residential","name_ro":null,"source":"openstreetmap"},"geometry":{"type":"LineString","coordinates":[[24.1745675,45.7801386],[24.1761272,45.7801429],[24.1762086,45.7801727],[24.1762473,45.780248],[24.1762471,45.7808208]]}},{"type":"Feature","properties":{"osm_id":288373985,"name":"Strada Lungă","highway":"primary","name_ro":null,"source":"openstreetmap"},"geometry":{"type":"LineString","coordinates":[[24.1468299,45.8092262],[24.146752,45.8090962],[24.1465195,45.8087298]]}},{"type":"Feature","properties":{"osm_id":288374880,"name":"Strada Blănarilor","highway":"residential","name_ro":null,"source":"openstreetmap"},"geometry":{"type":"LineString","coordinates":[[24.1578385,45.7982936],[24.1583362,45.7984096],[24.158384,45.7984291],[24.1584081,45.7984615],[24.1584163,45.7984974],[24.1584157,45.798614],[24.1584195,45.7992023],[24.1584201,45.7992911]]}},{"type":"Feature","properties":{"osm_id":290219591,"name":"Strada Cibinului","highway":"primary","name_ro":null,"source":"openstreetmap"},"geometry":{"type":"LineString","coordinates":[[24.144833,45.8004923],[24.1453394,45.8011829],[24.1461587,45.8020371],[24.1466372,45.802513],[24.1467265,45.8025835],[24.1468641,45.8026783],[24.1478044,45.8032185],[24.1486377,45.8036993],[24.1488005,45.8037725],[24.1492446,45.8039489],[24.1495651,45.8040687],[24.1496952,45.8041114],[24.1498806,45.8041661],[24.1501555,45.8042417],[24.1509229,45.8044371],[24.1511545,45.8044932],[24.1512624,45.804516],[24.1513336,45.8045267],[24.1513907,45.8045313],[24.1514464,45.8045313],[24.1515027,45.804529],[24.1515551,45.8045244],[24.1516184,45.8045149],[24.1516517,45.8045105]]}},{"type":"Feature","properties":{"osm_id":290219595,"name":"Strada Râului","highway":"primary","name_ro":null,"source":"openstreetmap"},"geometry":{"type":"LineString","coordinates":[[24.1436976,45.7999886],[24.1436502,45.7999195],[24.1434661,45.7996443],[24.1432455,45.7993068],[24.1428404,45.7986934],[24.1427853,45.7986183]]}},{"type":"Feature","properties":{"osm_id":290220715,"name":"Strada Mihail Kogălniceanu","highway":"secondary","name_ro":null,"source":"openstreetmap"},"geometry":{"type":"LineString","coordinates":[[24.1376693,45.7996372],[24.1376127,45.7996327],[24.1375641,45.7996316],[24.1375081,45.799632],[24.1374517,45.7996371],[24.1373222,45.7996582]]}},{"type":"Feature","properties":{"osm_id":290220716,"name":"Aleea Târgul Cailor","highway":"residential","name_ro":null,"source":"openstreetmap"},"geometry":{"type":"LineString","coordinates":[[24.1468247,45.8059364],[24.1466606,45.8058799],[24.1466311,45.8058768],[24.1466096,45.805882],[24.1465866,45.8058939],[24.1465605,45.805919],[24.146337,45.8061714],[24.1464521,45.8063592]]}},{"type":"Feature","properties":{"osm_id":290220718,"name":"Strada Reconstrucției","highway":"secondary","name_ro":null,"source":"openstreetmap"},"geometry":{"type":"LineString","coordinates":[[24.1378141,45.7995158],[24.1379848,45.7995962],[24.1381478,45.7996794]]}},{"type":"Feature","properties":{"osm_id":296424731,"name":"Strada Bahluiului","highway":"secondary","name_ro":null,"source":"openstreetmap"},"geometry":{"type":"LineString","coordinates":[[24.138257,45.7745328],[24.1384617,45.77421],[24.138739,45.7737725],[24.1389735,45.7734025],[24.1391899,45.7730611],[24.1396062,45.7724043],[24.1396128,45.7723939]]}},{"type":"Feature","properties":{"osm_id":303357106,"name":"Calea Dumbrăvii","highway":"residential","name_ro":null,"source":"openstreetmap"},"geometry":{"type":"LineString","coordinates":[[24.1376619,45.7705752],[24.1374937,45.7704055],[24.1373863,45.7703029],[24.1361051,45.769079]]}},{"type":"Feature","properties":{"osm_id":306853815,"name":"Strada Nichita Stănescu","highway":"residential","name_ro":null,"source":"openstreetmap"},"geometry":{"type":"LineString","coordinates":[[24.1750151,45.7811237],[24.1750533,45.7811377],[24.1750729,45.7811451],[24.175302,45.7812318],[24.175632,45.7813559],[24.1756979,45.7813803],[24.1758139,45.7814248]]}},{"type":"Feature","properties":{"osm_id":306907902,"name":"Strada Negovanu","highway":"service","name_ro":null,"source":"openstreetmap"},"geometry":{"type":"LineString","coordinates":[[24.1748013,45.7851871],[24.174656,45.7853186],[24.1746255,45.7853333],[24.1746026,45.785337],[24.1745752,45.7853356],[24.1745265,45.7853221],[24.1742477,45.7851695],[24.174205,45.7851551],[24.1741611,45.7851518],[24.1741231,45.7851601],[24.1740889,45.7851783],[24.1739883,45.7852814],[24.173965,45.7853089],[24.173957,45.7853468],[24.1739655,45.7853772],[24.1739976,45.7854058],[24.1746367,45.7857202],[24.1746643,45.7857268],[24.1746915,45.7857257],[24.1747133,45.7857213],[24.1747356,45.7857087],[24.1751958,45.7852786]]}},{"type":"Feature","properties":{"osm_id":307343636,"name":"Strada Ștefan cel Mare","highway":"primary","name_ro":null,"source":"openstreetmap"},"geometry":{"type":"LineString","coordinates":[[24.178038,45.789334],[24.1782179,45.7893822],[24.1784131,45.7894401],[24.1785579,45.7894771],[24.1785662,45.7894786]]}},{"type":"Feature","properties":{"osm_id":307353011,"name":"Strada Uzinei","highway":"tertiary","name_ro":null,"source":"openstreetmap"},"geometry":{"type":"LineString","coordinates":[[24.1603279,45.7996829],[24.1603024,45.7996084]]}},{"type":"Feature","properties":{"osm_id":307353013,"name":"Strada General Magheru","highway":"tertiary","name_ro":null,"source":"openstreetmap"},"geometry":{"type":"LineString","coordinates":[[24.1597172,45.7995849],[24.1596767,45.7995745],[24.1588787,45.7993916],[24.1585132,45.7993113],[24.1584201,45.7992911]]}},{"type":"Feature","properties":{"osm_id":307353400,"name":"Pasajul Școlii","highway":"residential","name_ro":null,"source":"openstreetmap"},"geometry":{"type":"LineString","coordinates":[[24.1539249,45.798693],[24.1539516,45.7986241],[24.154005,45.798391]]}},{"type":"Feature","properties":{"osm_id":309715736,"name":"Calea Dumbrăvii - Cimitir","highway":"secondary","name_ro":null,"source":"openstreetmap"},"geometry":{"type":"LineString","coordinates":[[24.1381042,45.7705921],[24.1380639,45.7705981],[24.1380227,45.7705981]]}},{"type":"Feature","properties":{"osm_id":309715737,"name":"Calea Dumbrăvii","highway":"secondary","name_ro":null,"source":"openstreetmap"},"geometry":{"type":"LineString","coordinates":[[24.1378853,45.7703798],[24.1378024,45.7702371]]}},{"type":"Feature","properties":{"osm_id":310276786,"name":"Strada Constantin Lepadatu","highway":"residential","name_ro":null,"source":"openstreetmap"},"geometry":{"type":"LineString","coordinates":[[24.1508987,45.7573984],[24.1488738,45.7567336],[24.1474428,45.7562588],[24.1473365,45.7562238],[24.1447099,45.7553616],[24.1445802,45.755319],[24.1440012,45.7551376]]}},{"type":"Feature","properties":{"osm_id":312477373,"name":"Strada Ioan Slavici","highway":"residential","name_ro":null,"source":"openstreetmap"},"geometry":{"type":"LineString","coordinates":[[24.1731648,45.7811577],[24.1725931,45.7818713],[24.1722884,45.782215]]}},{"type":"Feature","properties":{"osm_id":315469751,"name":"Strada Revoluției","highway":"service","name_ro":null,"source":"openstreetmap"},"geometry":{"type":"LineString","coordinates":[[24.1548448,45.7879159],[24.1552195,45.7875839]]}},{"type":"Feature","properties":{"osm_id":330663585,"name":"Strada Mașiniștilor","highway":"residential","name_ro":null,"source":"openstreetmap"},"geometry":{"type":"LineString","coordinates":[[24.1715461,45.7980321],[24.1714624,45.7979543],[24.1695017,45.7967037],[24.1694125,45.7966514]]}},{"type":"Feature","properties":{"osm_id":330663586,"name":"Strada Octavian Goga","highway":"residential","name_ro":null,"source":"openstreetmap"},"geometry":{"type":"LineString","coordinates":[[24.1791005,45.783237],[24.1790861,45.7832747],[24.1790853,45.7833054],[24.179092,45.7833378],[24.1792121,45.783625],[24.179797,45.7850097]]}},{"type":"Feature","properties":{"osm_id":330663589,"name":"Prelungirea Rampa Ștefan cel Mare","highway":"tertiary","name_ro":null,"source":"openstreetmap"},"geometry":{"type":"LineString","coordinates":[[24.1769546,45.7886841],[24.1774789,45.7882938],[24.1775779,45.788228],[24.1777265,45.788123],[24.1778923,45.7879937]]}},{"type":"Feature","properties":{"osm_id":330663591,"name":"Prelungirea Rampa Ștefan cel Mare","highway":"residential","name_ro":null,"source":"openstreetmap"},"geometry":{"type":"LineString","coordinates":[[24.1823392,45.7841827],[24.1824291,45.7840964],[24.1828572,45.7836764],[24.1834635,45.783081],[24.1835235,45.7829194],[24.1836755,45.78276],[24.1840167,45.7825432],[24.1841438,45.7824266]]}},{"type":"Feature","properties":{"osm_id":330665437,"name":"Strada Octavian Goga","highway":"tertiary","name_ro":null,"source":"openstreetmap"},"geometry":{"type":"LineString","coordinates":[[24.1731648,45.7811577],[24.173713,45.7813677],[24.1742285,45.7815703],[24.1744686,45.7816606],[24.1745874,45.7817077],[24.174677,45.7817433],[24.1747841,45.7817858],[24.1748528,45.781813],[24.1752483,45.7819699],[24.1752798,45.7819813],[24.1753446,45.7820051],[24.1754127,45.7820297],[24.1754679,45.7820499],[24.1754928,45.7820589],[24.1760068,45.7822687],[24.1764441,45.7824457]]}},{"type":"Feature","properties":{"osm_id":334977449,"name":"Strada Octavian Goga","highway":"residential","name_ro":null,"source":"openstreetmap"},"geometry":{"type":"LineString","coordinates":[[24.1407201,45.779797],[24.1407754,45.7797661],[24.1414155,45.7793789]]}},{"type":"Feature","properties":{"osm_id":335033234,"name":"Strada Dorobanților","highway":"residential","name_ro":null,"source":"openstreetmap"},"geometry":{"type":"LineString","coordinates":[[24.1662258,45.7970551],[24.1665098,45.7971616],[24.1665736,45.797188],[24.1666247,45.7972264],[24.1666719,45.7972753],[24.1667899,45.7973726],[24.1669125,45.7974253],[24.1670642,45.7974739],[24.1672451,45.7975139],[24.1673966,45.7975414]]}},{"type":"Feature","properties":{"osm_id":335881800,"name":"Strada Theodor Aman","highway":"unclassified","name_ro":null,"source":"openstreetmap"},"geometry":{"type":"LineString","coordinates":[[24.1349433,45.7746936],[24.1348507,45.7745632],[24.1347299,45.7744259],[24.1345853,45.7742957],[24.134359,45.7741473],[24.1341496,45.7740178],[24.1340124,45.773922],[24.1339403,45.7738404],[24.1336908,45.7737492],[24.1335491,45.7736949],[24.1334377,45.7736372],[24.1333195,45.7735605]]}},{"type":"Feature","properties":{"osm_id":335881803,"name":"Strada Avrig","highway":"unclassified","name_ro":null,"source":"openstreetmap"},"geometry":{"type":"LineString","coordinates":[[24.1364309,45.7764204],[24.1359928,45.7761482],[24.1357986,45.7760031],[24.1356265,45.7758512],[24.1354672,45.7756975],[24.13532,45.7755137],[24.1352143,45.7753106],[24.1351424,45.7751478],[24.1350114,45.7747983],[24.1349433,45.7746936]]}},{"type":"Feature","properties":{"osm_id":351534240,"name":"McDrive","highway":"service","name_ro":null,"source":"openstreetmap"},"geometry":{"type":"LineString","coordinates":[[24.1681413,45.7806497],[24.1677758,45.7809516],[24.167749,45.7809642],[24.1677141,45.7809706],[24.1676869,45.7809692],[24.1675954,45.7809287],[24.1675548,45.7808985],[24.1675394,45.7808768],[24.1675347,45.7808646],[24.1675307,45.7808424],[24.1675355,45.7808247],[24.1677842,45.7806149],[24.1679186,45.7805047]]}},{"type":"Feature","properties":{"osm_id":351534508,"name":"McDrive","highway":"service","name_ro":null,"source":"openstreetmap"},"geometry":{"type":"LineString","coordinates":[[24.1675394,45.7808768],[24.1677728,45.7806764],[24.1677809,45.7806601],[24.1677842,45.7806392],[24.1677842,45.7806149]]}},{"type":"Feature","properties":{"osm_id":351534815,"name":"Strada Doamna Stanca","highway":"tertiary","name_ro":null,"source":"openstreetmap"},"geometry":{"type":"LineString","coordinates":[[24.1693828,45.7796183],[24.1692293,45.7795376],[24.1692261,45.7795359],[24.1691411,45.7794898]]}},{"type":"Feature","properties":{"osm_id":352243940,"name":"Strada General Magheru","highway":"residential","name_ro":"Strada General Magheru","source":"openstreetmap"},"geometry":{"type":"LineString","coordinates":[[24.1537455,45.7971048],[24.1539702,45.7973393],[24.1540592,45.7974261],[24.1541551,45.7975072],[24.1542806,45.7975982],[24.1547606,45.7978994],[24.1551439,45.7981448],[24.1553507,45.7982743],[24.1555521,45.7983911]]}},{"type":"Feature","properties":{"osm_id":352253755,"name":"Strada Gheorghe Lazăr","highway":"residential","name_ro":"Strada Gheorghe Lazăr","source":"openstreetmap"},"geometry":{"type":"LineString","coordinates":[[24.1545292,45.7954081],[24.1548328,45.7952015]]}},{"type":"Feature","properties":{"osm_id":352430063,"name":"Strada Manejului","highway":"pedestrian","name_ro":null,"source":"openstreetmap"},"geometry":{"type":"LineString","coordinates":[[24.1563311,45.7969536],[24.1563104,45.7974733],[24.1562979,45.7976115]]}},{"type":"Feature","properties":{"osm_id":356187527,"name":"Aleea Turnu Roșu","highway":"residential","name_ro":null,"source":"openstreetmap"},"geometry":{"type":"LineString","coordinates":[[24.1540215,45.7817888],[24.154815,45.7810789]]}},{"type":"Feature","properties":{"osm_id":356194071,"name":"Strada Dimitrie Anghel","highway":"residential","name_ro":null,"source":"openstreetmap"},"geometry":{"type":"LineString","coordinates":[[24.1446967,45.7819772],[24.144148,45.7824007],[24.1441121,45.7824249]]}},{"type":"Feature","properties":{"osm_id":356212479,"name":"Bulevardul Corneliu Coposu","highway":"primary","name_ro":null,"source":"openstreetmap"},"geometry":{"type":"LineString","coordinates":[[24.1490645,45.7913336],[24.1488885,45.7912647],[24.1486535,45.7911728],[24.148552,45.7911331]]}},{"type":"Feature","properties":{"osm_id":356212480,"name":"Bulevardul Corneliu Coposu","highway":"primary","name_ro":null,"source":"openstreetmap"},"geometry":{"type":"LineString","coordinates":[[24.148749,45.7909645],[24.1488343,45.7910953],[24.1490645,45.7913336]]}},{"type":"Feature","properties":{"osm_id":356235687,"name":"Strada Școala de Înot","highway":"tertiary","name_ro":null,"source":"openstreetmap"},"geometry":{"type":"LineString","coordinates":[[24.1464345,45.7860549],[24.146468,45.786023],[24.1465015,45.7859973],[24.1465384,45.785979],[24.1465766,45.7859678],[24.1466633,45.7859487]]}},{"type":"Feature","properties":{"osm_id":356235688,"name":"Strada Octavian Goga","highway":"secondary","name_ro":null,"source":"openstreetmap"},"geometry":{"type":"LineString","coordinates":[[24.1446239,45.7828178],[24.1443646,45.7826186],[24.1441618,45.7824628],[24.1441121,45.7824249]]}},{"type":"Feature","properties":{"osm_id":356257087,"name":"Strada Cernei","highway":"residential","name_ro":null,"source":"openstreetmap"},"geometry":{"type":"LineString","coordinates":[[24.1562513,45.7848414],[24.1576341,45.7841662]]}},{"type":"Feature","properties":{"osm_id":356450180,"name":"Aleea Șteaza","highway":"residential","name_ro":null,"source":"openstreetmap"},"geometry":{"type":"LineString","coordinates":[[24.1502598,45.7732688],[24.1502057,45.7738234],[24.1502032,45.7738493],[24.1501788,45.7741164]]}},{"type":"Feature","properties":{"osm_id":368398836,"name":"Calea Cisnădiei","highway":"secondary","name_ro":null,"source":"openstreetmap"},"geometry":{"type":"LineString","coordinates":[[24.1482788,45.7725587],[24.148363,45.772906]]}},{"type":"Feature","properties":{"osm_id":368398837,"name":"Calea Șurii Mari","highway":"primary","name_ro":null,"source":"openstreetmap"},"geometry":{"type":"LineString","coordinates":[[24.1505655,45.8198882],[24.1504437,45.8195545],[24.1504141,45.8194562],[24.1503809,45.8193553],[24.1503087,45.81914],[24.1502936,45.8190947],[24.1502305,45.8189054],[24.1501476,45.8186569],[24.1501244,45.8185681]]}},{"type":"Feature","properties":{"osm_id":368398843,"name":"Strada Lungă","highway":"primary","name_ro":null,"source":"openstreetmap"},"geometry":{"type":"LineString","coordinates":[[24.1468299,45.8092262],[24.1468856,45.8092745],[24.1469454,45.8093129],[24.147031,45.8093511]]}},{"type":"Feature","properties":{"osm_id":368403884,"name":"Strada Constituției","highway":"primary","name_ro":null,"source":"openstreetmap"},"geometry":{"type":"LineString","coordinates":[[24.1573059,45.798989],[24.15734,45.7989062],[24.1577083,45.7982956],[24.1578681,45.7980529],[24.1583176,45.7973719],[24.1584066,45.7972217],[24.158488,45.7970615],[24.1586599,45.7965923],[24.1586688,45.7965648],[24.1586948,45.7965025],[24.1587507,45.7964052]]}},{"type":"Feature","properties":{"osm_id":368403885,"name":"Strada Constituției","highway":"primary","name_ro":null,"source":"openstreetmap"},"geometry":{"type":"LineString","coordinates":[[24.1572415,45.8001054],[24.1571849,45.8002575],[24.1570227,45.800694],[24.1569296,45.8009637],[24.1569081,45.8010815],[24.1569108,45.8011862],[24.1569403,45.8012704],[24.1569918,45.8013593]]}},{"type":"Feature","properties":{"osm_id":368403886,"name":"Strada General Magheru","highway":"residential","name_ro":null,"source":"openstreetmap"},"geometry":{"type":"LineString","coordinates":[[24.1573059,45.798989],[24.1571753,45.7989357],[24.1569493,45.798834],[24.1567334,45.7987434],[24.1564239,45.7986282],[24.1561406,45.798539],[24.155865,45.7984689]]}},{"type":"Feature","properties":{"osm_id":368403887,"name":"Strada Râului","highway":"primary","name_ro":null,"source":"openstreetmap"},"geometry":{"type":"LineString","coordinates":[[24.1441114,45.8005768],[24.1437576,45.8000724],[24.1436976,45.7999886]]}},{"type":"Feature","properties":{"osm_id":368403888,"name":"Strada Ștefan cel Mare","highway":"secondary","name_ro":null,"source":"openstreetmap"},"geometry":{"type":"LineString","coordinates":[[24.1916996,45.7885276],[24.1910729,45.788512],[24.1903004,45.7884929],[24.1887865,45.7884486],[24.1887092,45.7884471],[24.1881634,45.7884367],[24.1880869,45.7884352],[24.1879089,45.7884318],[24.1876526,45.7884269],[24.1873111,45.7884203],[24.1872997,45.7884203],[24.1870075,45.7884146],[24.1862335,45.7883996],[24.1860968,45.788396],[24.1854953,45.78838],[24.185042,45.788368],[24.1848366,45.7883625],[24.1843494,45.7883496],[24.183628,45.7883294],[24.1834194,45.7883236],[24.1830494,45.7883155],[24.1827848,45.7883113],[24.18255,45.7883049],[24.1821276,45.7882954],[24.1819425,45.7882907],[24.1818657,45.7882896]]}},{"type":"Feature","properties":{"osm_id":368405272,"name":"Strada Ștefan cel Mare","highway":"secondary","name_ro":null,"source":"openstreetmap"},"geometry":{"type":"LineString","coordinates":[[24.2086302,45.7910198],[24.2083941,45.7909791],[24.2081936,45.7909445],[24.2081216,45.7909276],[24.2080461,45.7909099],[24.2078995,45.7908721]]}},{"type":"Feature","properties":{"osm_id":368408389,"name":"Calea Poplăcii","highway":"secondary","name_ro":null,"source":"openstreetmap"},"geometry":{"type":"LineString","coordinates":[[24.1234305,45.7688328],[24.1235089,45.7688919],[24.1236378,45.7689891],[24.1244694,45.7696162],[24.125614,45.7705114],[24.1258356,45.7706848],[24.1259458,45.7707766],[24.1266475,45.7713581],[24.1268361,45.7715291],[24.1269979,45.7716888],[24.1274065,45.7720977]]}},{"type":"Feature","properties":{"osm_id":368408390,"name":"Piața 1 Decembrie 1918","highway":"tertiary","name_ro":null,"source":"openstreetmap"},"geometry":{"type":"LineString","coordinates":[[24.161488,45.7997009],[24.1613183,45.7998366],[24.1612758,45.7998546],[24.1612461,45.7998599],[24.1612356,45.7998615],[24.1611976,45.7998664],[24.1610813,45.79986],[24.1603279,45.7996829]]}},{"type":"Feature","properties":{"osm_id":368408391,"name":"Strada Iazului","highway":"residential","name_ro":null,"source":"openstreetmap"},"geometry":{"type":"LineString","coordinates":[[24.1278196,45.7667964],[24.1276869,45.7665589],[24.1276639,45.7665],[24.1276606,45.7664529],[24.1277036,45.7660593],[24.1277413,45.7657979],[24.1277302,45.7657363],[24.1277038,45.7656746],[24.1276734,45.7656213],[24.127625,45.7655427],[24.1273203,45.7650971],[24.1272868,45.7650831],[24.1272627,45.7650803]]}},{"type":"Feature","properties":{"osm_id":368408392,"name":"Strada Ludoș","highway":"tertiary","name_ro":null,"source":"openstreetmap"},"geometry":{"type":"LineString","coordinates":[[24.125047,45.7684224],[24.1253008,45.7683565],[24.126211,45.7681253],[24.1269192,45.767945],[24.1273509,45.7678352]]}},{"type":"Feature","properties":{"osm_id":368408393,"name":"Strada Poiana","highway":"residential","name_ro":null,"source":"openstreetmap"},"geometry":{"type":"LineString","coordinates":[[24.1246291,45.7676206],[24.1248919,45.7681195]]}},{"type":"Feature","properties":{"osm_id":368408394,"name":"Strada Poiana","highway":"residential","name_ro":null,"source":"openstreetmap"},"geometry":{"type":"LineString","coordinates":[[24.1248919,45.7681195],[24.1250083,45.7683468],[24.125047,45.7684224]]}},{"type":"Feature","properties":{"osm_id":368408395,"name":"Strada Poiana","highway":"residential","name_ro":null,"source":"openstreetmap"},"geometry":{"type":"LineString","coordinates":[[24.125047,45.7684224],[24.1250867,45.7684961],[24.1252481,45.7687957],[24.125404,45.7690916],[24.1256632,45.7695837],[24.1257076,45.7696665],[24.1258613,45.7699398],[24.1261391,45.7704341],[24.126193,45.7705352],[24.1262193,45.7705845]]}},{"type":"Feature","properties":{"osm_id":368408396,"name":"Strada Valea Aurie","highway":"residential","name_ro":null,"source":"openstreetmap"},"geometry":{"type":"LineString","coordinates":[[24.1269237,45.7670286],[24.1257783,45.7673259],[24.1255792,45.7673769],[24.1246291,45.7676206]]}},{"type":"Feature","properties":{"osm_id":368408397,"name":"Calea Dumbrăvii","highway":"secondary","name_ro":null,"source":"openstreetmap"},"geometry":{"type":"LineString","coordinates":[[24.1327698,45.7657264],[24.1328057,45.7657574],[24.132853,45.765799],[24.1332292,45.7661352],[24.1343934,45.7671755],[24.1353878,45.7680631],[24.1360689,45.7686728],[24.1363473,45.7689227],[24.1375203,45.7699823],[24.1378024,45.7702371]]}},{"type":"Feature","properties":{"osm_id":368432562,"name":"Bulevardul Mihai Viteazul","highway":"primary","name_ro":null,"source":"openstreetmap"},"geometry":{"type":"LineString","coordinates":[[24.1573051,45.7780455],[24.1576847,45.777846],[24.1578366,45.7777628],[24.1578802,45.777725],[24.1579452,45.7776638]]}},{"type":"Feature","properties":{"osm_id":368432563,"name":"Calea Gușteriței","highway":"secondary","name_ro":null,"source":"openstreetmap"},"geometry":{"type":"LineString","coordinates":[[24.1674453,45.8006293],[24.167891,45.8008144],[24.1683469,45.8009961],[24.1686344,45.8011176],[24.1687853,45.8011818],[24.1689667,45.8012544]]}},{"type":"Feature","properties":{"osm_id":368432564,"name":"Strada Henri Coandă","highway":"tertiary","name_ro":null,"source":"openstreetmap"},"geometry":{"type":"LineString","coordinates":[[24.1841442,45.7951636],[24.1848787,45.7950076],[24.1850673,45.7949638]]}},{"type":"Feature","properties":{"osm_id":368432565,"name":"Strada Mașiniștilor","highway":"tertiary","name_ro":null,"source":"openstreetmap"},"geometry":{"type":"LineString","coordinates":[[24.171766,45.7984367],[24.1716611,45.7982157],[24.1716114,45.7981209],[24.1715461,45.7980321]]}},{"type":"Feature","properties":{"osm_id":368436163,"name":"Calea Rășinari","highway":"secondary","name_ro":null,"source":"openstreetmap"},"geometry":{"type":"LineString","coordinates":[[24.116286,45.7542612],[24.1167782,45.7549317],[24.116795,45.7549528],[24.1169409,45.7551175],[24.1171032,45.7552839],[24.1172969,45.7554574],[24.1176979,45.7558053]]}},{"type":"Feature","properties":{"osm_id":368438701,"name":"Strada Valea Aurie","highway":"residential","name_ro":null,"source":"openstreetmap"},"geometry":{"type":"LineString","coordinates":[[24.1315457,45.7666779],[24.1314909,45.7666554],[24.1314189,45.7666258],[24.1310246,45.7664447],[24.1309209,45.7664064],[24.1308396,45.7663844],[24.1307702,45.766376],[24.1306136,45.7663714],[24.1305101,45.7663817],[24.130411,45.7663998]]}},{"type":"Feature","properties":{"osm_id":368438702,"name":"Aleea Călăreților","highway":"residential","name_ro":null,"source":"openstreetmap"},"geometry":{"type":"LineString","coordinates":[[24.1320067,45.7680576],[24.1319989,45.7680052],[24.1319895,45.7670826],[24.1319855,45.7670401],[24.1319732,45.7669919],[24.1319477,45.7669354],[24.1319139,45.7668853],[24.1318657,45.7668375],[24.1317707,45.7667759],[24.1316815,45.7667327],[24.1316043,45.7667015],[24.1315457,45.7666779]]}},{"type":"Feature","properties":{"osm_id":368438703,"name":"Strada Macaralei","highway":"tertiary","name_ro":null,"source":"openstreetmap"},"geometry":{"type":"LineString","coordinates":[[24.1694306,45.8012463],[24.1693966,45.8012782],[24.1693565,45.8013159]]}},{"type":"Feature","properties":{"osm_id":368444589,"name":"Bulevardul Victoriei","highway":"secondary","name_ro":null,"source":"openstreetmap"},"geometry":{"type":"LineString","coordinates":[[24.1370503,45.7808007],[24.1367701,45.7803361],[24.1366655,45.7801657]]}},{"type":"Feature","properties":{"osm_id":368444590,"name":"Bulevardul Victoriei","highway":"secondary","name_ro":null,"source":"openstreetmap"},"geometry":{"type":"LineString","coordinates":[[24.1366655,45.7801657],[24.1362545,45.7794797],[24.1360836,45.7791916],[24.1360267,45.7790964],[24.1359872,45.7790316]]}},{"type":"Feature","properties":{"osm_id":368444591,"name":"Strada Cristian","highway":"primary","name_ro":null,"source":"openstreetmap"},"geometry":{"type":"LineString","coordinates":[[24.1342708,45.7808725],[24.1342724,45.7805921],[24.1342807,45.7802771],[24.1342875,45.7802095],[24.1343063,45.7801475],[24.1345087,45.7796734],[24.1345168,45.7796449]]}},{"type":"Feature","properties":{"osm_id":368444592,"name":"Strada Distribuției","highway":"residential","name_ro":null,"source":"openstreetmap"},"geometry":{"type":"LineString","coordinates":[[24.1316086,45.7983651],[24.1329582,45.797542],[24.1332905,45.7973396],[24.133916,45.7969323],[24.134134,45.7967473],[24.1343343,45.7965773],[24.1344092,45.7964982],[24.1345649,45.7963035],[24.1348396,45.7958962]]}},{"type":"Feature","properties":{"osm_id":368444593,"name":"Strada Ioan Codru Drăgușanu","highway":"residential","name_ro":null,"source":"openstreetmap"},"geometry":{"type":"LineString","coordinates":[[24.1366655,45.7801657],[24.1367712,45.7801351],[24.1374751,45.7799316]]}},{"type":"Feature","properties":{"osm_id":368444594,"name":"Strada Ioan Codru Drăgușanu","highway":"residential","name_ro":null,"source":"openstreetmap"},"geometry":{"type":"LineString","coordinates":[[24.1374751,45.7799316],[24.1380945,45.7797484]]}},{"type":"Feature","properties":{"osm_id":368444595,"name":"Strada Metalurgiștilor","highway":"primary","name_ro":null,"source":"openstreetmap"},"geometry":{"type":"LineString","coordinates":[[24.1348396,45.7958962],[24.134704,45.7958542],[24.1344008,45.7957545],[24.13419,45.7956864],[24.1330465,45.7953305],[24.1324863,45.7951507],[24.132177,45.7950566],[24.1318395,45.7949519],[24.1315589,45.7948635],[24.1314966,45.7948455],[24.1314253,45.7948342],[24.1313499,45.7948286]]}},{"type":"Feature","properties":{"osm_id":368444596,"name":"Strada Lungă","highway":"primary","name_ro":null,"source":"openstreetmap"},"geometry":{"type":"LineString","coordinates":[[24.1463856,45.8085134],[24.1462536,45.8083066],[24.1461163,45.8080846],[24.1459991,45.8078964],[24.1459373,45.8077972]]}},{"type":"Feature","properties":{"osm_id":368446653,"name":"Strada Doljului","highway":"residential","name_ro":null,"source":"openstreetmap"},"geometry":{"type":"LineString","coordinates":[[24.1350419,45.7890233],[24.1350968,45.7890229],[24.1358537,45.7890176],[24.1366143,45.7890191]]}},{"type":"Feature","properties":{"osm_id":368446654,"name":"Strada Gorjului","highway":"residential","name_ro":null,"source":"openstreetmap"},"geometry":{"type":"LineString","coordinates":[[24.1367049,45.7880638],[24.1364046,45.7880654],[24.1358556,45.7880684],[24.1350672,45.7880672],[24.1350293,45.7880671]]}},{"type":"Feature","properties":{"osm_id":368446655,"name":"Strada Maramureșului","highway":"primary","name_ro":null,"source":"openstreetmap"},"geometry":{"type":"LineString","coordinates":[[24.1330632,45.7880741],[24.1330404,45.7877323],[24.1330314,45.7875982],[24.1330196,45.7873767],[24.1330113,45.7873333],[24.132996,45.7872528],[24.1329566,45.7871401],[24.1328938,45.7870093],[24.1325854,45.7865373],[24.1324521,45.7863334],[24.1324351,45.7863074],[24.1323818,45.7862259],[24.1323017,45.7861033],[24.1322231,45.785983],[24.1321987,45.7859416],[24.1321394,45.7858407],[24.1321209,45.7857915],[24.1321017,45.7857404],[24.1320918,45.7856802],[24.1320865,45.7856483],[24.1320915,45.785563],[24.1321069,45.7855165],[24.1321401,45.7854638],[24.1321715,45.7854231],[24.1322063,45.7853832],[24.1322909,45.7852845],[24.132303,45.7852704],[24.1324051,45.7851636],[24.1324923,45.7850698],[24.1325139,45.7850474],[24.132641,45.7849014],[24.1328908,45.7845923],[24.1329832,45.7844927],[24.1330398,45.7844284],[24.1330685,45.7843938],[24.1332762,45.7841426],[24.1333652,45.7840383],[24.1335247,45.7838693],[24.1335937,45.7838083],[24.1341151,45.7834307],[24.1341442,45.7834022],[24.1341786,45.7833534]]}},{"type":"Feature","properties":{"osm_id":368446657,"name":"Strada Maramureșului","highway":"primary","name_ro":null,"source":"openstreetmap"},"geometry":{"type":"LineString","coordinates":[[24.1329553,45.7890191],[24.1330066,45.7888075],[24.1330254,45.7887074],[24.1330518,45.7885083],[24.1330614,45.7883539],[24.1330634,45.7881641],[24.1330632,45.7880741]]}},{"type":"Feature","properties":{"osm_id":368446658,"name":"Strada Poet Vasile Cârlova","highway":"tertiary","name_ro":null,"source":"openstreetmap"},"geometry":{"type":"LineString","coordinates":[[24.1345835,45.7908213],[24.1341288,45.7907301]]}},{"type":"Feature","properties":{"osm_id":368446659,"name":"Strada Poet Vasile Cârlova","highway":"tertiary","name_ro":null,"source":"openstreetmap"},"geometry":{"type":"LineString","coordinates":[[24.1341288,45.7907301],[24.1339114,45.7906859],[24.1335684,45.7906165],[24.1327985,45.790463],[24.1325927,45.7904082],[24.1320468,45.7901679]]}},{"type":"Feature","properties":{"osm_id":368446660,"name":"Strada Transilvaniei","highway":"secondary","name_ro":null,"source":"openstreetmap"},"geometry":{"type":"LineString","coordinates":[[24.1396759,45.7902822],[24.139962,45.7901529],[24.1402124,45.7900392],[24.1402634,45.7900185]]}},{"type":"Feature","properties":{"osm_id":368446661,"name":"Strada Bihorului","highway":"residential","name_ro":null,"source":"openstreetmap"},"geometry":{"type":"LineString","coordinates":[[24.1350293,45.7880671],[24.1350304,45.7881524],[24.1350418,45.7890145],[24.1350419,45.7890233]]}},{"type":"Feature","properties":{"osm_id":368446662,"name":"Strada Bihorului","highway":"residential","name_ro":null,"source":"openstreetmap"},"geometry":{"type":"LineString","coordinates":[[24.1350419,45.7890233],[24.1350371,45.7894865],[24.1350326,45.7896241],[24.1347972,45.7902737],[24.1347142,45.7904864],[24.1345835,45.7908213]]}},{"type":"Feature","properties":{"osm_id":368449770,"name":"Strada Lisabona","highway":"residential","name_ro":null,"source":"openstreetmap"},"geometry":{"type":"LineString","coordinates":[[24.132894,45.8158912],[24.1329245,45.8159542],[24.132954,45.8160039],[24.1330476,45.8160934],[24.1331515,45.8161448],[24.1335613,45.8163234],[24.1341583,45.8165823],[24.1343492,45.8166744]]}},{"type":"Feature","properties":{"osm_id":368449771,"name":"Strada Lisabona","highway":"residential","name_ro":null,"source":"openstreetmap"},"geometry":{"type":"LineString","coordinates":[[24.1297876,45.8143876],[24.1298379,45.8144464],[24.1299043,45.8145081],[24.1300089,45.8145717],[24.1301994,45.8146568],[24.1312079,45.8151092]]}},{"type":"Feature","properties":{"osm_id":368449772,"name":"Strada Țiglari","highway":"tertiary","name_ro":null,"source":"openstreetmap"},"geometry":{"type":"LineString","coordinates":[[24.1363029,45.8114173],[24.1370707,45.8111435],[24.137972,45.8108127],[24.1381688,45.8107364],[24.1383483,45.8106625],[24.1390397,45.8103443],[24.1395486,45.8100953],[24.1396394,45.8100503],[24.1401837,45.8097696],[24.1402422,45.8097381],[24.1402966,45.8097072],[24.140389,45.8096523],[24.1404934,45.8095886],[24.1406375,45.8094961],[24.1407959,45.8093885],[24.1410906,45.8091722],[24.1411442,45.8091305],[24.1412516,45.809043]]}},{"type":"Feature","properties":{"osm_id":368451642,"name":"Strada Barcelona","highway":"unclassified","name_ro":null,"source":"openstreetmap"},"geometry":{"type":"LineString","coordinates":[[24.0895459,45.7996802],[24.0897054,45.7995289],[24.090386,45.7988834],[24.090738,45.7985496],[24.0911175,45.7981896],[24.0915806,45.7977504]]}},{"type":"Feature","properties":{"osm_id":368451643,"name":"Strada Monaco","highway":"unclassified","name_ro":null,"source":"openstreetmap"},"geometry":{"type":"LineString","coordinates":[[24.0826034,45.7989122],[24.0837995,45.7991187],[24.085501,45.7993433],[24.085623,45.7993577],[24.08578,45.7993674],[24.0858939,45.7993563],[24.0860509,45.7993058]]}},{"type":"Feature","properties":{"osm_id":368451644,"name":"Strada Europa Unită","highway":"unclassified","name_ro":null,"source":"openstreetmap"},"geometry":{"type":"LineString","coordinates":[[24.0884389,45.794418],[24.0881524,45.7951351],[24.0878812,45.7956627]]}},{"type":"Feature","properties":{"osm_id":368451645,"name":"Strada Europa Unită","highway":"unclassified","name_ro":null,"source":"openstreetmap"},"geometry":{"type":"LineString","coordinates":[[24.089655,45.7919178],[24.0900756,45.7912209],[24.0903049,45.790841],[24.0904559,45.7905908],[24.0906549,45.790261],[24.0907877,45.790011]]}},{"type":"Feature","properties":{"osm_id":368451647,"name":"Strada Lyon","highway":"residential","name_ro":null,"source":"openstreetmap"},"geometry":{"type":"LineString","coordinates":[[24.0852318,45.7952161],[24.0853177,45.7952198],[24.0856164,45.795272]]}},{"type":"Feature","properties":{"osm_id":368451649,"name":"Strada Europa Unită","highway":"unclassified","name_ro":null,"source":"openstreetmap"},"geometry":{"type":"LineString","coordinates":[[24.0876252,45.7956155],[24.0877079,45.7955249],[24.0877384,45.7954853],[24.087862,45.7951974],[24.0879136,45.7950836],[24.0881478,45.7945604],[24.0881827,45.7944926],[24.0882413,45.7944269],[24.0883059,45.7943939]]}},{"type":"Feature","properties":{"osm_id":368453956,"name":"Strada Europa Unită","highway":"unclassified","name_ro":null,"source":"openstreetmap"},"geometry":{"type":"LineString","coordinates":[[24.0884859,45.7943003],[24.0885012,45.7941887]]}},{"type":"Feature","properties":{"osm_id":368453957,"name":"Strada Europa Unită","highway":"unclassified","name_ro":null,"source":"openstreetmap"},"geometry":{"type":"LineString","coordinates":[[24.0885012,45.7941887],[24.0885852,45.7940233],[24.0886392,45.7939171],[24.0889239,45.7933568],[24.0891844,45.792844],[24.0893992,45.7924212],[24.0895439,45.7921366],[24.089655,45.7919178]]}},{"type":"Feature","properties":{"osm_id":368453958,"name":"Strada Nicolae Iorga","highway":"tertiary","name_ro":null,"source":"openstreetmap"},"geometry":{"type":"LineString","coordinates":[[24.1485425,45.7781491],[24.1486919,45.7781405],[24.1489377,45.7781262],[24.1495468,45.7780913],[24.1495615,45.7780905],[24.1495881,45.7780886],[24.1496204,45.7780867],[24.1503422,45.7780446],[24.15049,45.7780339],[24.1511291,45.7779919],[24.1513026,45.7779872],[24.1515844,45.7780193],[24.1518241,45.7780501],[24.1519426,45.7780731],[24.1519774,45.7780798],[24.1521524,45.7781138],[24.1527512,45.778269],[24.1529232,45.778341],[24.153286,45.7785316],[24.1537061,45.7787674],[24.1537858,45.7788121],[24.1541254,45.779008],[24.15435,45.7791418]]}},{"type":"Feature","properties":{"osm_id":368456445,"name":"Strada Monaco","highway":"unclassified","name_ro":null,"source":"openstreetmap"},"geometry":{"type":"LineString","coordinates":[[24.0794697,45.7984916],[24.0799877,45.7985685],[24.081003,45.7987],[24.0815755,45.7987838],[24.0826034,45.7989122]]}},{"type":"Feature","properties":{"osm_id":368463090,"name":"Strada Strungului","highway":"tertiary","name_ro":null,"source":"openstreetmap"},"geometry":{"type":"LineString","coordinates":[[24.168578,45.7996679],[24.1691166,45.7992754],[24.1693143,45.7991371],[24.1694088,45.7990788],[24.1695265,45.7990192],[24.1696593,45.7989622],[24.1698631,45.798892],[24.1700486,45.7988365],[24.1701267,45.7988117],[24.1703032,45.7987692],[24.1709352,45.7986235],[24.1709837,45.7986124],[24.1716465,45.7984596],[24.171766,45.7984367]]}},{"type":"Feature","properties":{"osm_id":368905575,"name":"Strada Macaralei","highway":"tertiary","name_ro":null,"source":"openstreetmap"},"geometry":{"type":"LineString","coordinates":[[24.1700561,45.8007233],[24.1697764,45.8009551]]}},{"type":"Feature","properties":{"osm_id":368908746,"name":"Strada Podului","highway":"tertiary","name_ro":null,"source":"openstreetmap"},"geometry":{"type":"LineString","coordinates":[[24.1891816,45.8053337],[24.1891592,45.8053607],[24.1885872,45.8060495],[24.188481,45.8061482],[24.1883481,45.8062666],[24.1882407,45.8063426],[24.1880675,45.8064668],[24.1879157,45.8065701],[24.1877319,45.8066896],[24.1874541,45.8068195],[24.1867377,45.8071274],[24.1865315,45.8072308],[24.1863155,45.8073598],[24.1857134,45.8077357],[24.1855018,45.8078603],[24.1852835,45.8079996],[24.185185,45.8080626],[24.1843549,45.8085936],[24.1841369,45.8087244],[24.1839347,45.8088235],[24.1836888,45.8089206],[24.1830683,45.8091261],[24.1826889,45.8092641],[24.1823116,45.8094121],[24.1822135,45.8094475],[24.1817471,45.8096279],[24.1816223,45.8096787],[24.1813883,45.8097861],[24.181118,45.8099355],[24.1808779,45.8100817]]}},{"type":"Feature","properties":{"osm_id":368908747,"name":"Strada Podului","highway":"tertiary","name_ro":null,"source":"openstreetmap"},"geometry":{"type":"LineString","coordinates":[[24.1898943,45.8038331],[24.1898755,45.803901],[24.1896973,45.8045421],[24.1896914,45.8045616],[24.1896676,45.8046367],[24.189645,45.8046965],[24.1896185,45.8047554],[24.1896052,45.804785],[24.1895104,45.8049337],[24.1891816,45.8053337]]}},{"type":"Feature","properties":{"osm_id":368910898,"name":"Strada Eduard Albert Bielz","highway":"tertiary","name_ro":null,"source":"openstreetmap"},"geometry":{"type":"LineString","coordinates":[[24.1157656,45.7850334],[24.1158123,45.7851285],[24.1158368,45.7852188],[24.1158343,45.7852888],[24.1158121,45.785411],[24.1157117,45.7856933],[24.115705,45.7857878],[24.1157138,45.785884],[24.1157411,45.7860388]]}},{"type":"Feature","properties":{"osm_id":368952471,"name":"Strada Octavian Goga","highway":"secondary","name_ro":null,"source":"openstreetmap"},"geometry":{"type":"LineString","coordinates":[[24.1449855,45.7830849],[24.1453549,45.7833864],[24.1455101,45.7834984],[24.1456003,45.7835583],[24.1456842,45.7836038]]}},{"type":"Feature","properties":{"osm_id":369082601,"name":"Strada Viile Sibiului","highway":"residential","name_ro":null,"source":"openstreetmap"},"geometry":{"type":"LineString","coordinates":[[24.1601935,45.8357178],[24.1599682,45.8354048],[24.1597858,45.8351674],[24.1596463,45.835003],[24.1594291,45.8347993],[24.157856,45.8334668],[24.1573852,45.8330744],[24.157282,45.8329977],[24.1569761,45.8327582],[24.1568407,45.8326698],[24.1556123,45.8320306],[24.1553789,45.8319007],[24.1551831,45.8317643],[24.1548599,45.8314943],[24.1540365,45.8307729],[24.1533324,45.8301748],[24.1528421,45.8297507],[24.1526484,45.8295917],[24.1524612,45.8294442],[24.1523378,45.8293732],[24.1522359,45.8293216]]}},{"type":"Feature","properties":{"osm_id":369089108,"name":"Strada Lungă","highway":"primary","name_ro":null,"source":"openstreetmap"},"geometry":{"type":"LineString","coordinates":[[24.1437817,45.8009428],[24.1440308,45.8006861],[24.1441114,45.8005768]]}},{"type":"Feature","properties":{"osm_id":369703284,"name":"Strada Zăvoi","highway":"tertiary","name_ro":null,"source":"openstreetmap"},"geometry":{"type":"LineString","coordinates":[[24.1095595,45.7809325],[24.1087997,45.7796347],[24.1087072,45.7794821],[24.1085677,45.7792522],[24.1078664,45.7780202],[24.107178,45.7768108]]}},{"type":"Feature","properties":{"osm_id":369703285,"name":"Strada Zăvoi","highway":"tertiary","name_ro":null,"source":"openstreetmap"},"geometry":{"type":"LineString","coordinates":[[24.1098085,45.7813495],[24.1095595,45.7809325]]}},{"type":"Feature","properties":{"osm_id":370552715,"name":"Strada Nicolae Iorga","highway":"secondary","name_ro":null,"source":"openstreetmap"},"geometry":{"type":"LineString","coordinates":[[24.1576934,45.7810971],[24.1579134,45.7812827],[24.1581079,45.7814467],[24.1581695,45.7815056],[24.1582388,45.7815703]]}},{"type":"Feature","properties":{"osm_id":371468762,"name":"Bulevardul Mihai Viteazul","highway":"primary","name_ro":null,"source":"openstreetmap"},"geometry":{"type":"LineString","coordinates":[[24.1489221,45.7822565],[24.1497416,45.7818606],[24.1497885,45.7818367],[24.1499755,45.7817404],[24.1501867,45.7816371],[24.1504402,45.7815126],[24.1504984,45.7814817],[24.1517217,45.7808702],[24.1530405,45.7802123],[24.1533693,45.7800462],[24.1534144,45.7800234],[24.1535643,45.7799453],[24.1544056,45.7795125],[24.1544835,45.7794717],[24.1545673,45.7794278]]}},{"type":"Feature","properties":{"osm_id":371470142,"name":"Strada Macaralei","highway":"tertiary","name_ro":null,"source":"openstreetmap"},"geometry":{"type":"LineString","coordinates":[[24.1697764,45.8009551],[24.169549,45.8011437],[24.1694306,45.8012463]]}},{"type":"Feature","properties":{"osm_id":371473642,"name":"Calea Poplăcii","highway":"secondary","name_ro":null,"source":"openstreetmap"},"geometry":{"type":"LineString","coordinates":[[24.1225542,45.7681918],[24.1234305,45.7688328]]}},{"type":"Feature","properties":{"osm_id":371696163,"name":"Strada Maramureșului","highway":"primary","name_ro":null,"source":"openstreetmap"},"geometry":{"type":"LineString","coordinates":[[24.1320468,45.7901679],[24.1323429,45.789839],[24.1323778,45.7898003],[24.1325562,45.7895989],[24.1326452,45.789492],[24.1327702,45.7893218],[24.1328807,45.7891544],[24.1329553,45.7890191]]}},{"type":"Feature","properties":{"osm_id":372493957,"name":"Șelimbăr-Bungard","highway":"tertiary","name_ro":null,"source":"openstreetmap"},"geometry":{"type":"LineString","coordinates":[[24.2056235,45.770704],[24.2075558,45.7720593],[24.2078014,45.7722336],[24.2086999,45.7728542],[24.2096789,45.7735304],[24.2117643,45.7749748],[24.2128023,45.7756894],[24.213817,45.7764183],[24.2140602,45.7765528],[24.2140932,45.776571],[24.2142885,45.7766622],[24.214451,45.776728],[24.2146323,45.7767932],[24.2148462,45.7768511],[24.2149899,45.7768823],[24.2151528,45.7769045]]}},{"type":"Feature","properties":{"osm_id":372493958,"name":"Șelimbăr-Bungard","highway":"tertiary","name_ro":null,"source":"openstreetmap"},"geometry":{"type":"LineString","coordinates":[[24.2049654,45.7702571],[24.2056235,45.770704]]}},{"type":"Feature","properties":{"osm_id":372493989,"name":"Strada Ștefan cel Mare","highway":"secondary","name_ro":null,"source":"openstreetmap"},"geometry":{"type":"LineString","coordinates":[[24.199557,45.7892304],[24.1986873,45.789107]]}},{"type":"Feature","properties":{"osm_id":372493990,"name":"Strada Ștefan cel Mare","highway":"secondary","name_ro":null,"source":"openstreetmap"},"geometry":{"type":"LineString","coordinates":[[24.1981688,45.7890329],[24.1980442,45.7890259],[24.1979362,45.7890142],[24.197617,45.7889791],[24.1972066,45.7889309],[24.1968479,45.7888865]]}},{"type":"Feature","properties":{"osm_id":372960756,"name":"Strada Europa Unită","highway":"unclassified","name_ro":null,"source":"openstreetmap"},"geometry":{"type":"LineString","coordinates":[[24.0875415,45.795793],[24.0875848,45.7956746],[24.0876252,45.7956155]]}},{"type":"Feature","properties":{"osm_id":372960758,"name":"Strada Lyon","highway":"unclassified","name_ro":null,"source":"openstreetmap"},"geometry":{"type":"LineString","coordinates":[[24.0856164,45.795272],[24.0860016,45.7953396],[24.0874185,45.7955883],[24.0876252,45.7956155]]}},{"type":"Feature","properties":{"osm_id":372966467,"name":"Strada Andrei Șaguna","highway":"primary","name_ro":"Strada Andrei Șaguna","source":"openstreetmap"},"geometry":{"type":"LineString","coordinates":[[24.1450155,45.7931763],[24.1448578,45.7933031],[24.1447783,45.793366],[24.1447295,45.79342],[24.1446825,45.7934849],[24.1446385,45.7935527],[24.144607,45.7936012],[24.144571,45.7936567],[24.1444798,45.7937805]]}},{"type":"Feature","properties":{"osm_id":372966468,"name":"Strada Dealului","highway":"primary","name_ro":null,"source":"openstreetmap"},"geometry":{"type":"LineString","coordinates":[[24.1442764,45.7934407],[24.1436744,45.7928404]]}},{"type":"Feature","properties":{"osm_id":380568264,"name":"Strada Virgil Ioan Ispas","highway":"residential","name_ro":null,"source":"openstreetmap"},"geometry":{"type":"LineString","coordinates":[[24.1466679,45.7677297],[24.1468577,45.7677432]]}},{"type":"Feature","properties":{"osm_id":380568873,"name":"Strada Ascanio Damian","highway":"residential","name_ro":null,"source":"openstreetmap"},"geometry":{"type":"LineString","coordinates":[[24.1464731,45.7670797],[24.1467171,45.7671179],[24.1486709,45.7674513],[24.1505985,45.7677887]]}},{"type":"Feature","properties":{"osm_id":382737350,"name":"Strada Henri Coandă","highway":"primary","name_ro":null,"source":"openstreetmap"},"geometry":{"type":"LineString","coordinates":[[24.179545,45.7901499],[24.1794323,45.7901032],[24.1792694,45.7900134],[24.1791324,45.7899337],[24.1790284,45.7898712],[24.1789485,45.7898157],[24.1788672,45.7897482]]}},{"type":"Feature","properties":{"osm_id":382737351,"name":"Strada Henri Coandă","highway":"primary","name_ro":null,"source":"openstreetmap"},"geometry":{"type":"LineString","coordinates":[[24.1791157,45.789671],[24.1791607,45.789781],[24.1791956,45.7898394],[24.1792188,45.7898676],[24.1792357,45.7898881],[24.1792499,45.7899054],[24.1793177,45.7899694],[24.179545,45.7901499]]}},{"type":"Feature","properties":{"osm_id":382737352,"name":"Strada Bâlea","highway":"primary","name_ro":null,"source":"openstreetmap"},"geometry":{"type":"LineString","coordinates":[[24.160752,45.7932056],[24.1606208,45.7933392],[24.1605158,45.7934669],[24.1604246,45.793597],[24.1603648,45.7937189],[24.1603158,45.7938623],[24.1602422,45.7941249],[24.160195,45.7943385]]}},{"type":"Feature","properties":{"osm_id":382737353,"name":"Strada Ștefan cel Mare","highway":"primary","name_ro":null,"source":"openstreetmap"},"geometry":{"type":"LineString","coordinates":[[24.1785008,45.7895877],[24.1783085,45.7894939],[24.1781791,45.7894242],[24.178038,45.789334]]}},{"type":"Feature","properties":{"osm_id":382737354,"name":"Strada Ștefan cel Mare","highway":"secondary","name_ro":null,"source":"openstreetmap"},"geometry":{"type":"LineString","coordinates":[[24.1792203,45.7894048],[24.1792791,45.7893823],[24.1793708,45.7893411],[24.1796563,45.7891862],[24.1798078,45.7891253]]}},{"type":"Feature","properties":{"osm_id":382904696,"name":"Strada George Bacovia","highway":"residential","name_ro":null,"source":"openstreetmap"},"geometry":{"type":"LineString","coordinates":[[24.2013965,45.7625804],[24.1984428,45.762121],[24.198376,45.7621008],[24.1983518,45.7620653],[24.1983354,45.7620142],[24.1983277,45.7619788],[24.1982954,45.761964],[24.1978358,45.7618965],[24.1977823,45.7618963],[24.1977422,45.7619162],[24.197702,45.7619659],[24.1976737,45.7619941],[24.197628,45.7619956],[24.1972288,45.7619362]]}},{"type":"Feature","properties":{"osm_id":382904697,"name":"Strada Horea","highway":"residential","name_ro":null,"source":"openstreetmap"},"geometry":{"type":"LineString","coordinates":[[24.2026998,45.7604931],[24.2026542,45.760464],[24.19791,45.7597288]]}},{"type":"Feature","properties":{"osm_id":382904701,"name":"Strada Adrian Păunescu","highway":"residential","name_ro":null,"source":"openstreetmap"},"geometry":{"type":"LineString","coordinates":[[24.1941328,45.7613314],[24.1973292,45.7616162]]}},{"type":"Feature","properties":{"osm_id":382904704,"name":"Strada Busuiocului","highway":"residential","name_ro":null,"source":"openstreetmap"},"geometry":{"type":"LineString","coordinates":[[24.1941662,45.7717572],[24.1933382,45.769616]]}},{"type":"Feature","properties":{"osm_id":383173985,"name":"Calea Șurii Mici","highway":"residential","name_ro":null,"source":"openstreetmap"},"geometry":{"type":"LineString","coordinates":[[24.1334821,45.8019225],[24.1334599,45.801952],[24.1334304,45.8019875],[24.1324836,45.8024508]]}},{"type":"Feature","properties":{"osm_id":383173989,"name":"Calea Șurii Mici","highway":"residential","name_ro":null,"source":"openstreetmap"},"geometry":{"type":"LineString","coordinates":[[24.132426,45.802361],[24.1332603,45.8019781],[24.1333506,45.8019389],[24.1333929,45.8019272],[24.1334986,45.8019139]]}},{"type":"Feature","properties":{"osm_id":383173994,"name":"Viaductul Mihai Kogălniceanu","highway":"secondary","name_ro":null,"source":"openstreetmap"},"geometry":{"type":"LineString","coordinates":[[24.1333221,45.8019978],[24.1326417,45.8023093],[24.1323693,45.8024369],[24.1321194,45.8025599],[24.131654,45.8027933],[24.1313596,45.802949],[24.1310275,45.8031374],[24.1306741,45.8033385],[24.1303157,45.8035423],[24.1300723,45.8036825],[24.1298356,45.8038172],[24.1295329,45.8039798],[24.1292122,45.8041485]]}},{"type":"Feature","properties":{"osm_id":383326234,"name":"Calea Șurii Mici","highway":"residential","name_ro":null,"source":"openstreetmap"},"geometry":{"type":"LineString","coordinates":[[24.1298051,45.8039221],[24.1292917,45.8041658],[24.1292542,45.8041758],[24.1292246,45.8041794],[24.1291679,45.8041708]]}},{"type":"Feature","properties":{"osm_id":384028109,"name":"Pasajul Pielarilor","highway":"pedestrian","name_ro":null,"source":"openstreetmap"},"geometry":{"type":"LineString","coordinates":[[24.1521695,45.7979143],[24.1524405,45.7978383]]}},{"type":"Feature","properties":{"osm_id":384091618,"name":"Strada Reșița","highway":"residential","name_ro":null,"source":"openstreetmap"},"geometry":{"type":"LineString","coordinates":[[24.1669944,45.8086095],[24.1679303,45.8078237]]}},{"type":"Feature","properties":{"osm_id":384091619,"name":"Strada Albert Einstein","highway":"living_street","name_ro":null,"source":"openstreetmap"},"geometry":{"type":"LineString","coordinates":[[24.1705423,45.799142],[24.1703032,45.7987692]]}},{"type":"Feature","properties":{"osm_id":384981023,"name":"Strada Irina Rosetti","highway":"residential","name_ro":null,"source":"openstreetmap"},"geometry":{"type":"LineString","coordinates":[[24.1459863,45.7660054],[24.1460674,45.7660433],[24.1461971,45.7661037]]}},{"type":"Feature","properties":{"osm_id":402101363,"name":"Strada Valea Hotarului","highway":"residential","name_ro":null,"source":"openstreetmap"},"geometry":{"type":"LineString","coordinates":[[24.1570105,45.775392],[24.1570928,45.7753929],[24.1571349,45.7753805],[24.1571664,45.7753559],[24.1573609,45.7751413],[24.1583238,45.7742165],[24.1585527,45.7739967]]}},{"type":"Feature","properties":{"osm_id":402101364,"name":"Strada Doamna Stanca","highway":"residential","name_ro":null,"source":"openstreetmap"},"geometry":{"type":"LineString","coordinates":[[24.1585527,45.7739967],[24.1593347,45.7744316],[24.1594198,45.774484],[24.1599635,45.7747586],[24.1600468,45.7748032],[24.1603602,45.7749729],[24.1604354,45.7750136],[24.1610032,45.77532]]}},{"type":"Feature","properties":{"osm_id":420847585,"name":"Pasajul Spitalului","highway":"residential","name_ro":null,"source":"openstreetmap"},"geometry":{"type":"LineString","coordinates":[[24.1386156,45.7859136],[24.1395556,45.7856404],[24.1399168,45.7855354]]}},{"type":"Feature","properties":{"osm_id":420851405,"name":"Strada Gheorghe Șoima","highway":"residential","name_ro":null,"source":"openstreetmap"},"geometry":{"type":"LineString","coordinates":[[24.1355872,45.7825569],[24.1363688,45.7823424],[24.1375843,45.782004],[24.1377469,45.7819588],[24.1383884,45.7817658],[24.1383983,45.7817525],[24.1384325,45.7817034]]}},{"type":"Feature","properties":{"osm_id":427702111,"name":"Aleea Mihai Eminescu","highway":"pedestrian","name_ro":null,"source":"openstreetmap"},"geometry":{"type":"LineString","coordinates":[[24.1416124,45.7849622],[24.1422622,45.7848054],[24.1423525,45.7847924],[24.1429606,45.7847577]]}},{"type":"Feature","properties":{"osm_id":430451331,"name":"Ulița Morilor","highway":"service","name_ro":null,"source":"openstreetmap"},"geometry":{"type":"LineString","coordinates":[[24.1154466,45.7551051],[24.1155524,45.7547917],[24.1155769,45.7546867],[24.1155997,45.7545428],[24.1155734,45.7544326],[24.1154878,45.7543249],[24.1152626,45.7541148],[24.1150854,45.7539489],[24.1146871,45.7536231],[24.1144103,45.7534126],[24.1142211,45.7532671],[24.1137594,45.752926],[24.1134672,45.7528783],[24.1132828,45.7528676],[24.113058,45.7528802],[24.1129418,45.7529052],[24.1128449,45.7529509],[24.1127808,45.753001],[24.1127062,45.7530781],[24.1125675,45.7532441],[24.1124965,45.7533055],[24.112409,45.7533657],[24.1122875,45.7534191],[24.1122188,45.7534459],[24.112125,45.7534655],[24.1120668,45.7534721],[24.1120102,45.7534729],[24.1119528,45.7534615],[24.1119058,45.7534426],[24.1118591,45.7534061],[24.1118282,45.753369],[24.111811,45.7533324],[24.1117979,45.7532924],[24.1117935,45.7532426],[24.1117973,45.753127],[24.111814,45.7529281],[24.1118133,45.7528928],[24.1118077,45.7528598],[24.1117941,45.752826],[24.1117706,45.7527922],[24.1117285,45.7527504],[24.1116832,45.7527149],[24.1115949,45.7526643],[24.1115016,45.7526143],[24.1113468,45.7525387],[24.1112224,45.752467],[24.1110796,45.7523229],[24.1109793,45.7521555]]}},{"type":"Feature","properties":{"osm_id":430662718,"name":"Aleea Mihai Eminescu","highway":"pedestrian","name_ro":null,"source":"openstreetmap"},"geometry":{"type":"LineString","coordinates":[[24.1405217,45.7861648],[24.1404573,45.786213],[24.1404217,45.7862384]]}},{"type":"Feature","properties":{"osm_id":430823039,"name":"Strada Mălinului","highway":"pedestrian","name_ro":null,"source":"openstreetmap"},"geometry":{"type":"LineString","coordinates":[[24.1894012,45.8128811],[24.1892357,45.8128478],[24.1887064,45.8127231]]}},{"type":"Feature","properties":{"osm_id":431061213,"name":"Strada Nicolae Iorga","highway":"secondary","name_ro":null,"source":"openstreetmap"},"geometry":{"type":"LineString","coordinates":[[24.1550461,45.7793927],[24.1550847,45.7794565],[24.1551313,45.7795129],[24.1552874,45.7796604]]}},{"type":"Feature","properties":{"osm_id":431061226,"name":"Strada Nicolae Iorga","highway":"secondary","name_ro":null,"source":"openstreetmap"},"geometry":{"type":"LineString","coordinates":[[24.1552874,45.7796604],[24.1554373,45.7797332],[24.1556068,45.7798173],[24.1559346,45.7800062],[24.1568156,45.7805116],[24.1569065,45.780564],[24.1569334,45.7805786],[24.1572907,45.7808056],[24.1574694,45.780924],[24.1575275,45.7809656],[24.1576934,45.7810971]]}},{"type":"Feature","properties":{"osm_id":431062480,"name":"Strada Nicolae Iorga","highway":"tertiary","name_ro":null,"source":"openstreetmap"},"geometry":{"type":"LineString","coordinates":[[24.15435,45.7791418],[24.1545362,45.7791889],[24.1545966,45.7792037],[24.1546749,45.7792228]]}},{"type":"Feature","properties":{"osm_id":431062481,"name":"Strada Nicolae Iorga","highway":"tertiary","name_ro":null,"source":"openstreetmap"},"geometry":{"type":"LineString","coordinates":[[24.1545536,45.7793698],[24.1544571,45.7792531],[24.15435,45.7791418]]}},{"type":"Feature","properties":{"osm_id":433882244,"name":"Strada Podului","highway":"tertiary","name_ro":null,"source":"openstreetmap"},"geometry":{"type":"LineString","coordinates":[[24.2019772,45.7960112],[24.200859,45.7967893],[24.200778,45.7968203],[24.200742,45.7968256],[24.2003958,45.7968764],[24.2002698,45.796905],[24.199758,45.7972221],[24.1997036,45.7972619],[24.1989373,45.7978219]]}},{"type":"Feature","properties":{"osm_id":433896725,"name":"Strada Podului","highway":"tertiary","name_ro":null,"source":"openstreetmap"},"geometry":{"type":"LineString","coordinates":[[24.1989373,45.7978219],[24.1978212,45.7985963],[24.1976852,45.7986628],[24.1975121,45.7987474],[24.1969709,45.7989376],[24.1968856,45.7989676]]}},{"type":"Feature","properties":{"osm_id":433896732,"name":"Strada Podului","highway":"tertiary","name_ro":null,"source":"openstreetmap"},"geometry":{"type":"LineString","coordinates":[[24.1968856,45.7989676],[24.1965485,45.7990895],[24.1939618,45.8006442],[24.193884,45.8006871],[24.1931454,45.8010266],[24.1915616,45.8021908],[24.1909765,45.8026209],[24.1908417,45.80272],[24.1904905,45.8030327],[24.1901761,45.8033928],[24.1899449,45.803697],[24.1899145,45.8037606],[24.1898943,45.8038331]]}},{"type":"Feature","properties":{"osm_id":433995698,"name":"Strada Picasso","highway":"residential","name_ro":null,"source":"openstreetmap"},"geometry":{"type":"LineString","coordinates":[[24.1308424,45.8142866],[24.1314218,45.8140695]]}},{"type":"Feature","properties":{"osm_id":433995699,"name":"Strada Picasso","highway":"residential","name_ro":null,"source":"openstreetmap"},"geometry":{"type":"LineString","coordinates":[[24.1315895,45.8142839],[24.1314218,45.8140695],[24.1312846,45.8138941]]}},{"type":"Feature","properties":{"osm_id":433995700,"name":"Strada Picasso","highway":"residential","name_ro":null,"source":"openstreetmap"},"geometry":{"type":"LineString","coordinates":[[24.1321984,45.8140506],[24.1315895,45.8142839],[24.1316411,45.8143488],[24.1316199,45.8143895],[24.1313168,45.8144998],[24.1312095,45.8144717],[24.1308424,45.8142866],[24.1306758,45.8142025]]}},{"type":"Feature","properties":{"osm_id":434755557,"name":"Strada Leonardo da Vinci","highway":"residential","name_ro":null,"source":"openstreetmap"},"geometry":{"type":"LineString","coordinates":[[24.132829,45.8152888],[24.132673,45.8151465],[24.1326284,45.8151396],[24.1325849,45.8151461],[24.132381,45.8152394],[24.1323736,45.8152606],[24.1323855,45.8152859],[24.1324677,45.8153433]]}},{"type":"Feature","properties":{"osm_id":434755559,"name":"Aleea Nicolae Tonitza","highway":"residential","name_ro":null,"source":"openstreetmap"},"geometry":{"type":"LineString","coordinates":[[24.1272496,45.8163981],[24.1266095,45.8153173]]}},{"type":"Feature","properties":{"osm_id":434755560,"name":"Strada Roma","highway":"residential","name_ro":null,"source":"openstreetmap"},"geometry":{"type":"LineString","coordinates":[[24.131093,45.8159939],[24.131053,45.8160437],[24.1308867,45.8162505],[24.1308733,45.8163084],[24.1310181,45.8168767],[24.1310852,45.8169758],[24.1312193,45.8170879],[24.132201,45.8176637],[24.1323088,45.8176994],[24.1323967,45.8177053],[24.1324965,45.8176923],[24.1338987,45.817169]]}},{"type":"Feature","properties":{"osm_id":434755561,"name":"Strada Luxemburg","highway":"residential","name_ro":null,"source":"openstreetmap"},"geometry":{"type":"LineString","coordinates":[[24.1290563,45.818736],[24.1296537,45.8186842],[24.1294358,45.818144],[24.1290302,45.8171818]]}},{"type":"Feature","properties":{"osm_id":434758257,"name":"Strada Plugarilor","highway":"residential","name_ro":null,"source":"openstreetmap"},"geometry":{"type":"LineString","coordinates":[[24.1544745,45.7761732],[24.1545538,45.7762148],[24.1548411,45.7763765],[24.1548935,45.7764055]]}},{"type":"Feature","properties":{"osm_id":434895495,"name":"Strada Ștefan cel Mare","highway":"unclassified","name_ro":null,"source":"openstreetmap"},"geometry":{"type":"LineString","coordinates":[[24.1926526,45.7885464],[24.1926889,45.7876905],[24.1927569,45.7865837],[24.1927885,45.7859555],[24.1928429,45.7848761],[24.1928812,45.7841149],[24.1929084,45.7835741],[24.1929134,45.7835128],[24.1930318,45.7820627],[24.1930338,45.782036],[24.1930459,45.7818701],[24.1930605,45.7816319],[24.193072,45.7815951],[24.1931035,45.7815614],[24.19319,45.7815074],[24.1932416,45.7814593],[24.1932678,45.7814338],[24.1932893,45.7813884],[24.193296,45.7813304],[24.193288,45.7812791],[24.1931914,45.7810811],[24.1931605,45.7809801],[24.1931637,45.7808866],[24.19321,45.7807952],[24.193357,45.7806705],[24.1936402,45.7804304],[24.1943689,45.7798124],[24.1943925,45.7797915]]}},{"type":"Feature","properties":{"osm_id":435164004,"name":"Strada Lucian Blaga","highway":"residential","name_ro":null,"source":"openstreetmap"},"geometry":{"type":"LineString","coordinates":[[24.1573445,45.7934056],[24.1572968,45.793399],[24.1571617,45.7933746],[24.1570784,45.7933394],[24.1562113,45.7929041],[24.1557929,45.792694]]}},{"type":"Feature","properties":{"osm_id":435816629,"name":"Calea Șurii Mici","highway":"secondary","name_ro":null,"source":"openstreetmap"},"geometry":{"type":"LineString","coordinates":[[24.0990819,45.808551],[24.0979633,45.8087453],[24.0965497,45.809003],[24.0960926,45.8090859],[24.0956548,45.8091654],[24.0949206,45.8092935],[24.0936317,45.8095102],[24.0931834,45.8096037],[24.0927806,45.8097141],[24.0924124,45.809823],[24.0920803,45.8099309],[24.0919253,45.809975],[24.0917726,45.8100143],[24.0914936,45.8100703],[24.0906444,45.8102201],[24.0903202,45.8102721],[24.0900606,45.8103047],[24.0898706,45.8103143],[24.089663,45.8103127],[24.0894963,45.8103001],[24.0892876,45.8102728],[24.0890561,45.8102375],[24.0886865,45.8101721],[24.0883595,45.810099],[24.0881155,45.8100374],[24.0873492,45.8098165],[24.0870548,45.8097437],[24.0868138,45.8097004],[24.0865532,45.8096706],[24.0862576,45.8096543],[24.0860032,45.8096524],[24.0852842,45.8096602],[24.0848063,45.8096671],[24.0843109,45.8096708],[24.0837855,45.8096682],[24.0830642,45.8096552],[24.0824991,45.8096442],[24.08196,45.8096324],[24.0816069,45.8096398],[24.0812942,45.8096665],[24.0809981,45.8097064],[24.0807321,45.80975],[24.0803417,45.8098307],[24.0798812,45.8099336],[24.079126,45.8101074],[24.0779722,45.810373],[24.0776398,45.8104418],[24.0773563,45.8104965],[24.0768354,45.8105764]]}},{"type":"Feature","properties":{"osm_id":435818780,"name":"Șoseaua Alba Iulia","highway":"primary","name_ro":null,"source":"openstreetmap"},"geometry":{"type":"LineString","coordinates":[[24.1087903,45.7924092],[24.1082918,45.7923421]]}},{"type":"Feature","properties":{"osm_id":435818781,"name":"Șoseaua Alba Iulia","highway":"primary","name_ro":null,"source":"openstreetmap"},"geometry":{"type":"LineString","coordinates":[[24.1117845,45.7928188],[24.1124114,45.7929073],[24.1126038,45.7929316],[24.1127309,45.79295],[24.1129131,45.7929726]]}},{"type":"Feature","properties":{"osm_id":435819028,"name":"Strada Eduard Albert Bielz","highway":"tertiary","name_ro":null,"source":"openstreetmap"},"geometry":{"type":"LineString","coordinates":[[24.120798,45.7932593],[24.1207506,45.7931916],[24.1207033,45.7931147],[24.1206328,45.7929978],[24.1202383,45.7922859],[24.1202334,45.7919182]]}},{"type":"Feature","properties":{"osm_id":435819029,"name":"Strada Eduard Albert Bielz","highway":"tertiary","name_ro":null,"source":"openstreetmap"},"geometry":{"type":"LineString","coordinates":[[24.1210136,45.7931982],[24.1210855,45.7932882],[24.1211717,45.7933664],[24.1213271,45.7934427]]}},{"type":"Feature","properties":{"osm_id":435819426,"name":"Strada Maramureșului","highway":"primary","name_ro":null,"source":"openstreetmap"},"geometry":{"type":"LineString","coordinates":[[24.1312698,45.7919594],[24.1311746,45.7918584],[24.1310917,45.7917589],[24.131048,45.7916686],[24.1310302,45.7915902],[24.1310239,45.7915016],[24.1310452,45.7913914],[24.1310847,45.7912571],[24.131148,45.7911351],[24.1312244,45.7910218],[24.1313732,45.7908508],[24.1315459,45.7906701],[24.1319656,45.7902493],[24.1320468,45.7901679]]}},{"type":"Feature","properties":{"osm_id":435843296,"name":"Strada Cetății","highway":"pedestrian","name_ro":null,"source":"openstreetmap"},"geometry":{"type":"LineString","coordinates":[[24.1534875,45.7947034],[24.1534267,45.7947598]]}},{"type":"Feature","properties":{"osm_id":435843297,"name":"Strada Cetății","highway":"pedestrian","name_ro":null,"source":"openstreetmap"},"geometry":{"type":"LineString","coordinates":[[24.1534267,45.7947598],[24.1533841,45.794801]]}},{"type":"Feature","properties":{"osm_id":439016363,"name":"Șoseaua Alba Iulia","highway":"primary","name_ro":null,"source":"openstreetmap"},"geometry":{"type":"LineString","coordinates":[[24.1403771,45.7924822],[24.1405866,45.7925906]]}},{"type":"Feature","properties":{"osm_id":439023559,"name":"Strada Poștei","highway":"residential","name_ro":null,"source":"openstreetmap"},"geometry":{"type":"LineString","coordinates":[[24.1480541,45.7959264],[24.1483508,45.7956681],[24.148612,45.7955003]]}},{"type":"Feature","properties":{"osm_id":439720344,"name":"Strada General Magheru","highway":"pedestrian","name_ro":null,"source":"openstreetmap"},"geometry":{"type":"LineString","coordinates":[[24.1527781,45.7966297],[24.1530558,45.7967415]]}},{"type":"Feature","properties":{"osm_id":439891274,"name":"Piața Mare","highway":"service","name_ro":null,"source":"openstreetmap"},"geometry":{"type":"LineString","coordinates":[[24.1522239,45.7975851],[24.1520526,45.7976547]]}},{"type":"Feature","properties":{"osm_id":439891276,"name":"Piața Mare","highway":"service","name_ro":null,"source":"openstreetmap"},"geometry":{"type":"LineString","coordinates":[[24.1522958,45.7975184],[24.1523815,45.7974841]]}},{"type":"Feature","properties":{"osm_id":439891277,"name":"Piața Mare","highway":"service","name_ro":null,"source":"openstreetmap"},"geometry":{"type":"LineString","coordinates":[[24.1522958,45.7975184],[24.1522239,45.7975851]]}},{"type":"Feature","properties":{"osm_id":439891278,"name":"Piața Mică","highway":"service","name_ro":null,"source":"openstreetmap"},"geometry":{"type":"LineString","coordinates":[[24.1519157,45.7976914],[24.152007,45.7976001]]}},{"type":"Feature","properties":{"osm_id":439891279,"name":"Piața Mare","highway":"service","name_ro":null,"source":"openstreetmap"},"geometry":{"type":"LineString","coordinates":[[24.152007,45.7976001],[24.1521792,45.7975284]]}},{"type":"Feature","properties":{"osm_id":439891280,"name":"Piața Mare","highway":"service","name_ro":null,"source":"openstreetmap"},"geometry":{"type":"LineString","coordinates":[[24.1521792,45.7975284],[24.1522958,45.7975184]]}},{"type":"Feature","properties":{"osm_id":439891281,"name":"Piața Mică","highway":"service","name_ro":null,"source":"openstreetmap"},"geometry":{"type":"LineString","coordinates":[[24.1520526,45.7976547],[24.1519157,45.7976914]]}},{"type":"Feature","properties":{"osm_id":439891990,"name":"Piața Mică","highway":"service","name_ro":null,"source":"openstreetmap"},"geometry":{"type":"LineString","coordinates":[[24.1517546,45.7978078],[24.1519157,45.7976914]]}},{"type":"Feature","properties":{"osm_id":439901654,"name":"Pasajul Școlii","highway":"residential","name_ro":null,"source":"openstreetmap"},"geometry":{"type":"LineString","coordinates":[[24.154005,45.798391],[24.1540191,45.798319]]}},{"type":"Feature","properties":{"osm_id":441519599,"name":"Strada Târgu Vinului","highway":"residential","name_ro":null,"source":"openstreetmap"},"geometry":{"type":"LineString","coordinates":[[24.1471535,45.7974689],[24.147217,45.797531],[24.147299,45.7975971],[24.147419,45.797685],[24.1481021,45.7981377],[24.148325,45.7983009],[24.1483607,45.798323],[24.1483664,45.7983271],[24.1484266,45.7983635]]}},{"type":"Feature","properties":{"osm_id":445865182,"name":"Strada Cetății","highway":"pedestrian","name_ro":null,"source":"openstreetmap"},"geometry":{"type":"LineString","coordinates":[[24.1519882,45.7936805],[24.1519983,45.7936857],[24.1532046,45.7943116],[24.1536522,45.7945549],[24.1536677,45.7945642],[24.1539702,45.7947316],[24.1543741,45.7949492],[24.1546989,45.7951242]]}},{"type":"Feature","properties":{"osm_id":445865188,"name":"Strada Cetății","highway":"residential","name_ro":null,"source":"openstreetmap"},"geometry":{"type":"LineString","coordinates":[[24.1546989,45.7951242],[24.1548328,45.7952015]]}},{"type":"Feature","properties":{"osm_id":452290333,"name":"Strada Constituției","highway":"primary","name_ro":null,"source":"openstreetmap"},"geometry":{"type":"LineString","coordinates":[[24.1575694,45.7987837],[24.1574858,45.798967],[24.1574641,45.7990446]]}},{"type":"Feature","properties":{"osm_id":460379016,"name":"Strada Haralamb Georgescu","highway":"residential","name_ro":null,"source":"openstreetmap"},"geometry":{"type":"LineString","coordinates":[[24.1437414,45.7538575],[24.1437906,45.7538734]]}},{"type":"Feature","properties":{"osm_id":462582739,"name":"Strada Bucovinei","highway":"residential","name_ro":null,"source":"openstreetmap"},"geometry":{"type":"LineString","coordinates":[[24.1345961,45.7846211],[24.1342513,45.784467],[24.1342404,45.7844628],[24.1340493,45.7843785],[24.1339516,45.7843343],[24.1338599,45.7842935],[24.1337004,45.7842112],[24.1333652,45.7840383]]}},{"type":"Feature","properties":{"osm_id":464934066,"name":"Strada Ștefan cel Mare","highway":"primary","name_ro":null,"source":"openstreetmap"},"geometry":{"type":"LineString","coordinates":[[24.1753228,45.7886112],[24.1753029,45.7886153]]}},{"type":"Feature","properties":{"osm_id":464935897,"name":"Strada Vasile Aaron","highway":"tertiary","name_ro":null,"source":"openstreetmap"},"geometry":{"type":"LineString","coordinates":[[24.1643779,45.7830972],[24.164448,45.7831649],[24.164565,45.783262],[24.1649145,45.7835121],[24.165274,45.7837471],[24.1656951,45.7840059],[24.1659002,45.7841261],[24.1660381,45.7841967]]}},{"type":"Feature","properties":{"osm_id":464937649,"name":"Strada Constituției","highway":"primary","name_ro":null,"source":"openstreetmap"},"geometry":{"type":"LineString","coordinates":[[24.1570758,45.800092],[24.1571017,45.7999868],[24.1573059,45.798989]]}},{"type":"Feature","properties":{"osm_id":464937650,"name":"Strada Constituției","highway":"primary","name_ro":null,"source":"openstreetmap"},"geometry":{"type":"LineString","coordinates":[[24.1574641,45.7990446],[24.1572644,45.8000012],[24.1572415,45.8001054]]}},{"type":"Feature","properties":{"osm_id":465140773,"name":"Strada Triajului","highway":"residential","name_ro":null,"source":"openstreetmap"},"geometry":{"type":"LineString","coordinates":[[24.1745929,45.7927737],[24.1745659,45.7927346],[24.174535,45.7927005],[24.1744547,45.7926495],[24.1736995,45.7922529],[24.1736297,45.7921932],[24.1736289,45.7921168],[24.1739241,45.7915803],[24.1740509,45.7914153],[24.1744133,45.7910255],[24.1765528,45.7894797],[24.176647,45.7894333],[24.1767261,45.7894127],[24.1768226,45.7894028],[24.1769471,45.7894056],[24.1771933,45.7894242],[24.1772376,45.7894083]]}},{"type":"Feature","properties":{"osm_id":465190961,"name":"Strada Vasile Aaron","highway":"tertiary","name_ro":null,"source":"openstreetmap"},"geometry":{"type":"LineString","coordinates":[[24.1660381,45.7841967],[24.1670282,45.7846498]]}},{"type":"Feature","properties":{"osm_id":472390215,"name":"Strada Mihail Sadoveanu","highway":"residential","name_ro":null,"source":"openstreetmap"},"geometry":{"type":"LineString","coordinates":[[24.1742979,45.7821194],[24.1743584,45.7821211],[24.1749938,45.7823573],[24.175488,45.78255],[24.1755206,45.7825742]]}},{"type":"Feature","properties":{"osm_id":492125167,"name":"Strada Interna Aeroporto","highway":"service","name_ro":null,"source":"openstreetmap"},"geometry":{"type":"LineString","coordinates":[[24.0949694,45.7880659],[24.0949659,45.7878387],[24.0949622,45.7876011],[24.0949877,45.7875413],[24.0950266,45.7875235],[24.0950976,45.7875188]]}},{"type":"Feature","properties":{"osm_id":497766067,"name":"Aleea Valea Frumoasei","highway":"residential","name_ro":null,"source":"openstreetmap"},"geometry":{"type":"LineString","coordinates":[[24.1702905,45.783392],[24.1705253,45.7831666],[24.1708269,45.7828771]]}},{"type":"Feature","properties":{"osm_id":518316541,"name":"Piața Friedrich von Schiller","highway":"pedestrian","name_ro":null,"source":"openstreetmap"},"geometry":{"type":"LineString","coordinates":[[24.1530968,45.7946636],[24.1529675,45.7948035],[24.1528602,45.7949197],[24.1527757,45.7950111],[24.1527379,45.795052],[24.1526321,45.7951665]]}},{"type":"Feature","properties":{"osm_id":519379092,"name":"Piața Prahovei","highway":"residential","name_ro":null,"source":"openstreetmap"},"geometry":{"type":"LineString","coordinates":[[24.1470241,45.7774375],[24.1469894,45.7773844],[24.1463783,45.7765663],[24.1463597,45.7765413]]}},{"type":"Feature","properties":{"osm_id":520255216,"name":"Aleea Streiu","highway":"residential","name_ro":null,"source":"openstreetmap"},"geometry":{"type":"LineString","coordinates":[[24.1502467,45.7726947],[24.1503476,45.7727315],[24.1504282,45.772779],[24.150437,45.7728218],[24.150435,45.7729507],[24.1504048,45.7731597],[24.1502598,45.7732688]]}},{"type":"Feature","properties":{"osm_id":520255219,"name":"Aleea Streiu","highway":"service","name_ro":null,"source":"openstreetmap"},"geometry":{"type":"LineString","coordinates":[[24.1498195,45.7725749],[24.1497931,45.7729748]]}},{"type":"Feature","properties":{"osm_id":520389488,"name":"Strada Emil Cioran","highway":"tertiary","name_ro":null,"source":"openstreetmap"},"geometry":{"type":"LineString","coordinates":[[24.147791,45.7906123],[24.1479854,45.7906881],[24.1481263,45.790748],[24.1482081,45.7907835],[24.148318,45.7908246],[24.148424,45.7908526]]}},{"type":"Feature","properties":{"osm_id":520389489,"name":"Strada Emil Cioran","highway":"tertiary","name_ro":null,"source":"openstreetmap"},"geometry":{"type":"LineString","coordinates":[[24.1483201,45.7909657],[24.1482525,45.7908997],[24.1480752,45.7907962],[24.1479169,45.7907081],[24.147791,45.7906123]]}},{"type":"Feature","properties":{"osm_id":520389494,"name":"Strada Someșului","highway":"residential","name_ro":null,"source":"openstreetmap"},"geometry":{"type":"LineString","coordinates":[[24.1487288,45.7897658],[24.1490237,45.7899297],[24.149035,45.7899455],[24.1490377,45.7899633],[24.148988,45.7901131]]}},{"type":"Feature","properties":{"osm_id":520389495,"name":"Strada Someșului","highway":"residential","name_ro":null,"source":"openstreetmap"},"geometry":{"type":"LineString","coordinates":[[24.1487288,45.7897658],[24.1485549,45.7889456],[24.148536,45.7889001],[24.1482049,45.7884846],[24.1481836,45.7884579]]}},{"type":"Feature","properties":{"osm_id":520389496,"name":"Strada Someșului","highway":"residential","name_ro":null,"source":"openstreetmap"},"geometry":{"type":"LineString","coordinates":[[24.148988,45.7901131],[24.1489446,45.7900889],[24.1485863,45.7898921],[24.1486317,45.7898527],[24.1487288,45.7897658]]}},{"type":"Feature","properties":{"osm_id":520389501,"name":"Strada Someșului","highway":"residential","name_ro":null,"source":"openstreetmap"},"geometry":{"type":"LineString","coordinates":[[24.1491314,45.7901916],[24.1490877,45.7901676],[24.148988,45.7901131]]}},{"type":"Feature","properties":{"osm_id":520389503,"name":"Piața Unirii","highway":"primary","name_ro":null,"source":"openstreetmap"},"geometry":{"type":"LineString","coordinates":[[24.1491553,45.7903827],[24.1488813,45.7906684],[24.1488262,45.7907382],[24.1487861,45.7908097],[24.1487336,45.7909235]]}},{"type":"Feature","properties":{"osm_id":520389504,"name":"Piața Unirii","highway":"primary","name_ro":null,"source":"openstreetmap"},"geometry":{"type":"LineString","coordinates":[[24.1497976,45.7897403],[24.1495652,45.7899605],[24.1491553,45.7903827]]}},{"type":"Feature","properties":{"osm_id":520389534,"name":"Strada Cernei","highway":"residential","name_ro":null,"source":"openstreetmap"},"geometry":{"type":"LineString","coordinates":[[24.1615716,45.7821729],[24.1614945,45.7822101],[24.1608419,45.7825255]]}},{"type":"Feature","properties":{"osm_id":522545549,"name":"Prelungirea Rampa Ștefan cel Mare","highway":"tertiary","name_ro":null,"source":"openstreetmap"},"geometry":{"type":"LineString","coordinates":[[24.1778923,45.7879937],[24.178432,45.7875682],[24.1785047,45.7875071],[24.1800024,45.7862328],[24.1809739,45.7853683],[24.1813148,45.7850911],[24.182218,45.7843211],[24.1823126,45.784231],[24.1823392,45.7841827]]}},{"type":"Feature","properties":{"osm_id":524379470,"name":"Strada Oituz","highway":"tertiary","name_ro":null,"source":"openstreetmap"},"geometry":{"type":"LineString","coordinates":[[24.1489311,45.7835089],[24.1486784,45.7833735],[24.1486323,45.7833603],[24.1485955,45.7833567],[24.1485551,45.7833556]]}},{"type":"Feature","properties":{"osm_id":524625417,"name":"Aleea Șelimbăr","highway":"residential","name_ro":null,"source":"openstreetmap"},"geometry":{"type":"LineString","coordinates":[[24.1666974,45.7813829],[24.1668399,45.7812035],[24.1668705,45.7811564],[24.1668858,45.7811115],[24.1668728,45.7810764],[24.166784,45.7810181],[24.1664188,45.7808418],[24.1663954,45.7808305],[24.1663428,45.7808079],[24.166264,45.7807719],[24.1652358,45.7803021],[24.165002,45.7802424]]}},{"type":"Feature","properties":{"osm_id":528648019,"name":"Strada Ion Rațiu","highway":"residential","name_ro":null,"source":"openstreetmap"},"geometry":{"type":"LineString","coordinates":[[24.1764441,45.7824457],[24.1760508,45.7828569],[24.1756327,45.7833393]]}},{"type":"Feature","properties":{"osm_id":532185317,"name":"Strada Avram Iancu","highway":"residential","name_ro":null,"source":"openstreetmap"},"geometry":{"type":"LineString","coordinates":[[24.1524184,45.797613],[24.1524753,45.7977107],[24.1525436,45.7978085],[24.1526154,45.7978809],[24.1527001,45.7979436],[24.1527962,45.7980041],[24.1530067,45.7981025],[24.1532459,45.7981647],[24.1536419,45.7982331],[24.1538215,45.7982599],[24.1540274,45.7982851],[24.1542287,45.7983048],[24.1545101,45.7983197],[24.1549326,45.798335]]}},{"type":"Feature","properties":{"osm_id":534669036,"name":"Aleea Infanteristilor","highway":"residential","name_ro":null,"source":"openstreetmap"},"geometry":{"type":"LineString","coordinates":[[24.1569218,45.7794992],[24.1569612,45.779461],[24.1572252,45.7792161]]}},{"type":"Feature","properties":{"osm_id":535361917,"name":"Strada Valea Hotarului","highway":"residential","name_ro":null,"source":"openstreetmap"},"geometry":{"type":"LineString","coordinates":[[24.1569132,45.7753944],[24.1570105,45.775392]]}},{"type":"Feature","properties":{"osm_id":546141062,"name":"Strada Alexandru Clavel","highway":"residential","name_ro":null,"source":"openstreetmap"},"geometry":{"type":"LineString","coordinates":[[24.1449309,45.7590834],[24.1465517,45.7594007],[24.1480435,45.7596927]]}},{"type":"Feature","properties":{"osm_id":549020146,"name":"Strada Orzului","highway":"residential","name_ro":null,"source":"openstreetmap"},"geometry":{"type":"LineString","coordinates":[[24.1258769,45.7911917],[24.125857,45.7912575],[24.1261042,45.792113],[24.1262713,45.7926764]]}},{"type":"Feature","properties":{"osm_id":549020147,"name":"Strada Alba Iulia","highway":"service","name_ro":null,"source":"openstreetmap"},"geometry":{"type":"LineString","coordinates":[[24.1243554,45.7930627],[24.1247258,45.7930167]]}},{"type":"Feature","properties":{"osm_id":549144557,"name":"Aleea Părăului","highway":"residential","name_ro":null,"source":"openstreetmap"},"geometry":{"type":"LineString","coordinates":[[24.1264118,45.792904],[24.1265003,45.7932129]]}},{"type":"Feature","properties":{"osm_id":550732146,"name":"Strada Măslinului","highway":"residential","name_ro":null,"source":"openstreetmap"},"geometry":{"type":"LineString","coordinates":[[24.1212426,45.7976793],[24.120588,45.7978657],[24.1204646,45.7979008],[24.1200669,45.798014],[24.1200287,45.7980365],[24.1199996,45.798078],[24.1220411,45.7987389],[24.1222662,45.7984233],[24.1225061,45.7980905],[24.12275,45.7977337],[24.121926,45.7974819],[24.1212426,45.7976793]]}},{"type":"Feature","properties":{"osm_id":564967733,"name":"Strada Autogării","highway":"residential","name_ro":null,"source":"openstreetmap"},"geometry":{"type":"LineString","coordinates":[[24.1316086,45.7983651],[24.1317091,45.7988448],[24.1317612,45.7990937],[24.1317733,45.7991452],[24.1318027,45.7991961],[24.1318452,45.7992251],[24.1319069,45.7992503],[24.1319525,45.7992527],[24.1319941,45.7992468]]}},{"type":"Feature","properties":{"osm_id":564968199,"name":"Strada Lemnelor","highway":"residential","name_ro":null,"source":"openstreetmap"},"geometry":{"type":"LineString","coordinates":[[24.1353894,45.7982852],[24.135847,45.7979736],[24.1359169,45.7979201],[24.1359207,45.7979054]]}},{"type":"Feature","properties":{"osm_id":564984314,"name":"Strada Lacul lui Binder","highway":"residential","name_ro":null,"source":"openstreetmap"},"geometry":{"type":"LineString","coordinates":[[24.131839,45.808595],[24.1318936,45.8086415],[24.1319364,45.808678],[24.1320015,45.8087154],[24.1320667,45.8087356],[24.1321751,45.8087425],[24.1323028,45.8087281],[24.1323763,45.8087275],[24.1324382,45.8087469],[24.1325656,45.8089123],[24.1325721,45.8089509],[24.1325682,45.8089839],[24.1324298,45.8093429],[24.1324046,45.8095062],[24.1324306,45.809666],[24.1324573,45.8098179],[24.1324689,45.8098933],[24.1325654,45.8104424],[24.1326478,45.8107062],[24.1326952,45.8108303],[24.1327243,45.8108815],[24.1327716,45.810937],[24.1328875,45.8110203],[24.1329808,45.8110792],[24.1330135,45.8111126],[24.133031,45.8111418],[24.1330376,45.8111767],[24.1330321,45.8112094],[24.1329854,45.8112886],[24.1329734,45.811397],[24.1329948,45.8116522],[24.1330549,45.8117927],[24.1331557,45.8119401],[24.133635,45.8125258]]}},{"type":"Feature","properties":{"osm_id":578868796,"name":"Strada Tudor Arghezi","highway":"residential","name_ro":null,"source":"openstreetmap"},"geometry":{"type":"LineString","coordinates":[[24.1802204,45.7848549],[24.179706,45.7836147],[24.1796592,45.7835775],[24.17959,45.783559],[24.1795091,45.7835642],[24.1792121,45.783625]]}},{"type":"Feature","properties":{"osm_id":581534573,"name":"Șoseaua Alba Iulia","highway":"primary","name_ro":null,"source":"openstreetmap"},"geometry":{"type":"LineString","coordinates":[[24.1195988,45.79354],[24.1198476,45.7935494]]}},{"type":"Feature","properties":{"osm_id":582810603,"name":"Strada Horațiu","highway":"residential","name_ro":null,"source":"openstreetmap"},"geometry":{"type":"LineString","coordinates":[[24.1729314,45.7795266],[24.1730148,45.7795549],[24.1743059,45.7800715],[24.174432,45.7801146],[24.1745675,45.7801386]]}},{"type":"Feature","properties":{"osm_id":582810608,"name":"Strada Vasile Dobrian","highway":"residential","name_ro":null,"source":"openstreetmap"},"geometry":{"type":"LineString","coordinates":[[24.1816262,45.7810925],[24.1786478,45.7819944]]}},{"type":"Feature","properties":{"osm_id":590787969,"name":"Strada Octavian Goga","highway":"tertiary","name_ro":null,"source":"openstreetmap"},"geometry":{"type":"LineString","coordinates":[[24.1764441,45.7824457],[24.1768766,45.7825707],[24.1777542,45.7828243],[24.1781762,45.7829355],[24.1785995,45.7830538],[24.1789136,45.7831377],[24.178979,45.7831641],[24.1790056,45.7831782],[24.1790727,45.7832261],[24.1791005,45.783237]]}},{"type":"Feature","properties":{"osm_id":590787970,"name":"Strada Mihai Eminescu","highway":"residential","name_ro":null,"source":"openstreetmap"},"geometry":{"type":"LineString","coordinates":[[24.1714093,45.7804307],[24.1722185,45.779677],[24.1723641,45.7795396],[24.1725312,45.7793824],[24.1727599,45.7791477],[24.1729357,45.7789954],[24.1731271,45.7787604]]}},{"type":"Feature","properties":{"osm_id":600806550,"name":"Strada Cugir","highway":"residential","name_ro":null,"source":"openstreetmap"},"geometry":{"type":"LineString","coordinates":[[24.1619053,45.8045128],[24.1619441,45.8044699],[24.1619619,45.8044417],[24.1619741,45.8044067],[24.1619817,45.8043648],[24.1620228,45.8038182],[24.1612438,45.8035372],[24.1611846,45.8034975],[24.1611514,45.8034407],[24.1611329,45.8033805],[24.1611343,45.8033129],[24.1612313,45.8025571],[24.1612503,45.802508]]}},{"type":"Feature","properties":{"osm_id":600806551,"name":"Strada Reșița","highway":"residential","name_ro":null,"source":"openstreetmap"},"geometry":{"type":"LineString","coordinates":[[24.1625567,45.8049313],[24.1626708,45.8050778],[24.1627111,45.8051144]]}},{"type":"Feature","properties":{"osm_id":600806552,"name":"Strada Reșița","highway":"residential","name_ro":null,"source":"openstreetmap"},"geometry":{"type":"LineString","coordinates":[[24.1619441,45.8044699],[24.162023,45.804524],[24.1624968,45.8048871],[24.1625567,45.8049313]]}},{"type":"Feature","properties":{"osm_id":613025846,"name":"Strada Moldoveanu","highway":"primary","name_ro":null,"source":"openstreetmap"},"geometry":{"type":"LineString","coordinates":[[24.1613246,45.7846713],[24.1613721,45.7847665],[24.1623997,45.7861685]]}},{"type":"Feature","properties":{"osm_id":613438260,"name":"Strada Regele Ferdinand","highway":"residential","name_ro":null,"source":"openstreetmap"},"geometry":{"type":"LineString","coordinates":[[24.1636516,45.7731223],[24.1635238,45.7730565],[24.163182,45.7728848],[24.1631601,45.7728715],[24.1631577,45.77287],[24.1629951,45.7727883],[24.1626802,45.7726263]]}},{"type":"Feature","properties":{"osm_id":613969461,"name":"Strada Ștrandului","highway":"tertiary","name_ro":null,"source":"openstreetmap"},"geometry":{"type":"LineString","coordinates":[[24.1353275,45.7925412],[24.1354917,45.7920881],[24.135811,45.7912159],[24.1358654,45.7910673]]}},{"type":"Feature","properties":{"osm_id":616126990,"name":"Aleea Streiu","highway":"residential","name_ro":null,"source":"openstreetmap"},"geometry":{"type":"LineString","coordinates":[[24.1517039,45.7732421],[24.1516845,45.7732532],[24.1516733,45.7732706],[24.1515496,45.7734858],[24.151523,45.7735012],[24.1514823,45.7735093],[24.1513124,45.7734751],[24.1512671,45.7734606],[24.1512376,45.773435],[24.1511542,45.7733267],[24.1510871,45.773235],[24.1510281,45.7731901],[24.1506258,45.7730068],[24.150435,45.7729507]]}},{"type":"Feature","properties":{"osm_id":616161916,"name":"Strada Revoluției","highway":"secondary","name_ro":null,"source":"openstreetmap"},"geometry":{"type":"LineString","coordinates":[[24.1525168,45.7902037],[24.1530671,45.7896655],[24.1531013,45.7896317]]}},{"type":"Feature","properties":{"osm_id":617753129,"name":"Strada München","highway":"unclassified","name_ro":null,"source":"openstreetmap"},"geometry":{"type":"LineString","coordinates":[[24.0900618,45.7974842],[24.0913074,45.7977078],[24.0914678,45.7977366],[24.0915806,45.7977504]]}},{"type":"Feature","properties":{"osm_id":617755415,"name":"Strada Ion Mincu","highway":"residential","name_ro":null,"source":"openstreetmap"},"geometry":{"type":"LineString","coordinates":[[24.1481293,45.7603637],[24.1480435,45.7596927]]}},{"type":"Feature","properties":{"osm_id":617820723,"name":"Piața Albert Huet","highway":"pedestrian","name_ro":null,"source":"openstreetmap"},"geometry":{"type":"LineString","coordinates":[[24.1502466,45.79728],[24.1495304,45.7974876],[24.1495822,45.7977057],[24.1495798,45.7978701],[24.1496843,45.7979369],[24.1497805,45.7979713],[24.149908,45.7980169],[24.1503122,45.7980858]]}},{"type":"Feature","properties":{"osm_id":617823062,"name":"Piața Aurarilor","highway":"pedestrian","name_ro":null,"source":"openstreetmap"},"geometry":{"type":"LineString","coordinates":[[24.1524367,45.7991204],[24.1524235,45.7991023],[24.1524129,45.7990715],[24.1523868,45.7989515],[24.152366,45.7988807],[24.1523428,45.7988266]]}},{"type":"Feature","properties":{"osm_id":617823063,"name":"Piața Aurarilor","highway":"pedestrian","name_ro":null,"source":"openstreetmap"},"geometry":{"type":"LineString","coordinates":[[24.1521251,45.7990957],[24.1521574,45.7990711],[24.1521849,45.7990574],[24.1522548,45.7990511],[24.1523029,45.799038],[24.1523253,45.7990206],[24.152341,45.7989871],[24.1523428,45.7988266]]}},{"type":"Feature","properties":{"osm_id":617826026,"name":"Strada Ion Rațiu","highway":"residential","name_ro":null,"source":"openstreetmap"},"geometry":{"type":"LineString","coordinates":[[24.1784457,45.780832],[24.1771833,45.7808265]]}},{"type":"Feature","properties":{"osm_id":617826304,"name":"Strada August Treboniu Laurian","highway":"residential","name_ro":null,"source":"openstreetmap"},"geometry":{"type":"LineString","coordinates":[[24.1836547,45.7747353],[24.1864548,45.7744164]]}},{"type":"Feature","properties":{"osm_id":617826368,"name":"Strada Iulia Hașdeu","highway":"residential","name_ro":null,"source":"openstreetmap"},"geometry":{"type":"LineString","coordinates":[[24.190561,45.776501],[24.1868853,45.7760752]]}},{"type":"Feature","properties":{"osm_id":617826581,"name":"Aleea Iasomiei","highway":"residential","name_ro":null,"source":"openstreetmap"},"geometry":{"type":"LineString","coordinates":[[24.1930407,45.7715801],[24.1923526,45.7697934]]}},{"type":"Feature","properties":{"osm_id":617826625,"name":"Strada Otilia Cazimir","highway":"residential","name_ro":null,"source":"openstreetmap"},"geometry":{"type":"LineString","coordinates":[[24.1910195,45.7719151],[24.1915981,45.7719927],[24.1912608,45.7735064],[24.1912562,45.7735319]]}},{"type":"Feature","properties":{"osm_id":617826846,"name":"Strada Armoniei","highway":"residential","name_ro":null,"source":"openstreetmap"},"geometry":{"type":"LineString","coordinates":[[24.1892809,45.7733065],[24.1892626,45.7733278],[24.1893325,45.7736874],[24.1894189,45.774132],[24.1895411,45.7747607],[24.1895791,45.7749563],[24.1900112,45.7749138]]}},{"type":"Feature","properties":{"osm_id":617827012,"name":"Strada Corneliu Babă","highway":"residential","name_ro":null,"source":"openstreetmap"},"geometry":{"type":"LineString","coordinates":[[24.1831848,45.7730842],[24.184246,45.7729746],[24.1861087,45.7727823]]}},{"type":"Feature","properties":{"osm_id":617847971,"name":"Strada Bârsei","highway":"residential","name_ro":null,"source":"openstreetmap"},"geometry":{"type":"LineString","coordinates":[[24.1311873,45.7831243],[24.1308455,45.7828878],[24.1306084,45.7827225],[24.1303171,45.7825221]]}},{"type":"Feature","properties":{"osm_id":617848296,"name":"Strada Profesor Aurel Popa","highway":"residential","name_ro":null,"source":"openstreetmap"},"geometry":{"type":"LineString","coordinates":[[24.1282365,45.7812165],[24.1282302,45.7812948],[24.1282685,45.7813725],[24.1283357,45.7814592],[24.1288194,45.7819742],[24.1288634,45.7820182],[24.1292825,45.7824377],[24.1295288,45.7827083],[24.1297338,45.7829217]]}},{"type":"Feature","properties":{"osm_id":617848297,"name":"Strada Ilfovului","highway":"residential","name_ro":null,"source":"openstreetmap"},"geometry":{"type":"LineString","coordinates":[[24.1292825,45.7824377],[24.1300782,45.7818901]]}},{"type":"Feature","properties":{"osm_id":617860984,"name":"Strada Cuprului","highway":"residential","name_ro":null,"source":"openstreetmap"},"geometry":{"type":"LineString","coordinates":[[24.1286269,45.8087653],[24.1286324,45.8087115],[24.127663,45.8069419]]}},{"type":"Feature","properties":{"osm_id":617861074,"name":"Strada Titanului","highway":"residential","name_ro":null,"source":"openstreetmap"},"geometry":{"type":"LineString","coordinates":[[24.1273312,45.8104822],[24.1279024,45.8101834]]}},{"type":"Feature","properties":{"osm_id":617861360,"name":"Strada Topazului","highway":"residential","name_ro":null,"source":"openstreetmap"},"geometry":{"type":"LineString","coordinates":[[24.127224,45.8130849],[24.1278906,45.8128163],[24.128292,45.8126546],[24.1286391,45.8125148]]}},{"type":"Feature","properties":{"osm_id":617861816,"name":"Strada Atena","highway":"residential","name_ro":null,"source":"openstreetmap"},"geometry":{"type":"LineString","coordinates":[[24.1241433,45.8168319],[24.1242476,45.8169171],[24.1247084,45.8173188],[24.124758,45.8173444],[24.1248398,45.8173666],[24.124904,45.8173583],[24.125631,45.8171292],[24.1268456,45.816751]]}},{"type":"Feature","properties":{"osm_id":617863195,"name":"Strada Berlin","highway":"residential","name_ro":null,"source":"openstreetmap"},"geometry":{"type":"LineString","coordinates":[[24.1290302,45.8171818],[24.12879,45.816686]]}},{"type":"Feature","properties":{"osm_id":617865252,"name":"Strada Berlin","highway":"residential","name_ro":null,"source":"openstreetmap"},"geometry":{"type":"LineString","coordinates":[[24.12879,45.816686],[24.1287355,45.816572]]}},{"type":"Feature","properties":{"osm_id":617865253,"name":"Aleea Rafael","highway":"residential","name_ro":null,"source":"openstreetmap"},"geometry":{"type":"LineString","coordinates":[[24.1296413,45.8161274],[24.1294016,45.8161129],[24.1293265,45.8160854],[24.1292751,45.8160275],[24.1292118,45.81592],[24.1291669,45.815756]]}},{"type":"Feature","properties":{"osm_id":617903923,"name":"Strada Deventer","highway":"tertiary","name_ro":null,"source":"openstreetmap"},"geometry":{"type":"LineString","coordinates":[[24.1296504,45.81418],[24.1297131,45.814157],[24.1300654,45.8140096]]}},{"type":"Feature","properties":{"osm_id":617903924,"name":"Strada Deventer","highway":"tertiary","name_ro":null,"source":"openstreetmap"},"geometry":{"type":"LineString","coordinates":[[24.1300654,45.8140096],[24.131665,45.8133512]]}},{"type":"Feature","properties":{"osm_id":617904166,"name":"Strada Țiglari","highway":"tertiary","name_ro":null,"source":"openstreetmap"},"geometry":{"type":"LineString","coordinates":[[24.1353427,45.8117962],[24.13509,45.8118993],[24.1342268,45.8122706],[24.1339704,45.8123814],[24.133635,45.8125258]]}},{"type":"Feature","properties":{"osm_id":617904379,"name":"Strada Țiglari","highway":"tertiary","name_ro":null,"source":"openstreetmap"},"geometry":{"type":"LineString","coordinates":[[24.133635,45.8125258],[24.1334762,45.8125948],[24.1333639,45.8126436],[24.131665,45.8133512]]}},{"type":"Feature","properties":{"osm_id":617904721,"name":"Strada Țiglari","highway":"residential","name_ro":null,"source":"openstreetmap"},"geometry":{"type":"LineString","coordinates":[[24.1369438,45.8132869],[24.1366822,45.812967]]}},{"type":"Feature","properties":{"osm_id":617905316,"name":"Strada Cuptorului","highway":"residential","name_ro":null,"source":"openstreetmap"},"geometry":{"type":"LineString","coordinates":[[24.1357291,45.8128592],[24.1355767,45.8126553]]}},{"type":"Feature","properties":{"osm_id":617905440,"name":"Strada Cuptorului","highway":"residential","name_ro":null,"source":"openstreetmap"},"geometry":{"type":"LineString","coordinates":[[24.1354769,45.8134538],[24.1349348,45.812704]]}},{"type":"Feature","properties":{"osm_id":617913123,"name":"Aleea Monet","highway":"residential","name_ro":null,"source":"openstreetmap"},"geometry":{"type":"LineString","coordinates":[[24.1321792,45.8167981],[24.1325534,45.8169508]]}},{"type":"Feature","properties":{"osm_id":617919186,"name":"Strada Ștrandului","highway":"residential","name_ro":null,"source":"openstreetmap"},"geometry":{"type":"LineString","coordinates":[[24.1356092,45.7854285],[24.1358954,45.7855545],[24.1360936,45.7856418],[24.1361691,45.7856687],[24.1365458,45.785803]]}},{"type":"Feature","properties":{"osm_id":617948503,"name":"Aleea Filozofilor","highway":"pedestrian","name_ro":null,"source":"openstreetmap"},"geometry":{"type":"LineString","coordinates":[[24.1425628,45.7938543],[24.1424825,45.79368]]}},{"type":"Feature","properties":{"osm_id":617979886,"name":"Strada Rusciorului","highway":"residential","name_ro":null,"source":"openstreetmap"},"geometry":{"type":"LineString","coordinates":[[24.1443811,45.8092432],[24.1445724,45.8091855],[24.1446821,45.8091524],[24.145038,45.8090484],[24.1455636,45.8088847]]}},{"type":"Feature","properties":{"osm_id":618036829,"name":"Strada Muncel","highway":"residential","name_ro":null,"source":"openstreetmap"},"geometry":{"type":"LineString","coordinates":[[24.1765085,45.7885111],[24.1765878,45.7884803],[24.1766271,45.7884602],[24.1766623,45.7884287],[24.1766947,45.7883797],[24.1767155,45.7883058],[24.1767287,45.7881987],[24.176749,45.7880349],[24.1767629,45.7879599],[24.1766962,45.7878493],[24.1763043,45.7871731],[24.1762282,45.7870901],[24.1761399,45.7869882],[24.1761255,45.7869613],[24.1761262,45.7869383],[24.1761374,45.7869126],[24.1762456,45.786819],[24.176443,45.7866471],[24.1765218,45.7865731],[24.1766969,45.7864143]]}},{"type":"Feature","properties":{"osm_id":618084821,"name":"Strada Gării","highway":"service","name_ro":null,"source":"openstreetmap"},"geometry":{"type":"LineString","coordinates":[[24.1931637,45.7808866],[24.1930218,45.7807505],[24.1929176,45.7806233],[24.192846,45.7805188],[24.1928069,45.7804098],[24.1928167,45.7802962],[24.1928395,45.7801509],[24.1929274,45.7799783],[24.1930642,45.7797625],[24.1934029,45.7793264],[24.193595,45.7790425],[24.1937318,45.7788153],[24.1938523,45.7785473],[24.1939956,45.7782611],[24.1941291,45.7780431],[24.1943115,45.7777206],[24.1945199,45.7774298],[24.1947805,45.7771572],[24.1954644,45.7764145],[24.195751,45.7761078],[24.1962817,45.7756176],[24.1967247,45.7752083],[24.1974738,45.7745678],[24.197565,45.7745065],[24.1976692,45.7744656],[24.1977571,45.7743815],[24.1978353,45.7742907],[24.1979558,45.7741862],[24.1982586,45.7740431],[24.1987113,45.7737932],[24.1988514,45.7737091],[24.199418,45.7732526],[24.1997111,45.7729981],[24.2000254,45.7727691],[24.2002252,45.7726012],[24.2004978,45.7723097],[24.2009111,45.7720182],[24.2011655,45.7717742],[24.2016379,45.7714701],[24.2018378,45.7712895],[24.202242,45.7710614],[24.2029097,45.7707065],[24.2034276,45.7704562],[24.2040544,45.7700855],[24.2040953,45.7700221],[24.2040862,45.7699493],[24.2033006,45.769307],[24.202901,45.7689954],[24.2024828,45.7686914],[24.2024613,45.7686251],[24.2024525,45.7685146]]}},{"type":"Feature","properties":{"osm_id":618099089,"name":"Strada Oncești","highway":"residential","name_ro":null,"source":"openstreetmap"},"geometry":{"type":"LineString","coordinates":[[24.1673277,45.7815023],[24.1674021,45.7815645],[24.1674715,45.7816793],[24.168221,45.7820728],[24.1683149,45.7821221]]}},{"type":"Feature","properties":{"osm_id":618103280,"name":"Strada Lânii","highway":"service","name_ro":null,"source":"openstreetmap"},"geometry":{"type":"LineString","coordinates":[[24.1353799,45.7939263],[24.1348764,45.7943836],[24.1348534,45.7944185],[24.1348408,45.7944564],[24.1348575,45.7944885],[24.1349014,45.7945118],[24.135729,45.7949183]]}},{"type":"Feature","properties":{"osm_id":618134313,"name":"Strada Olarilor","highway":"residential","name_ro":null,"source":"openstreetmap"},"geometry":{"type":"LineString","coordinates":[[24.1517528,45.8015718],[24.1519347,45.8014169],[24.1520362,45.8013188],[24.1520896,45.8012473],[24.1523022,45.800896]]}},{"type":"Feature","properties":{"osm_id":618134314,"name":"Strada Nouă","highway":"residential","name_ro":null,"source":"openstreetmap"},"geometry":{"type":"LineString","coordinates":[[24.1547928,45.8014425],[24.1549953,45.801454],[24.1553497,45.8014773],[24.1554311,45.8014807],[24.1555631,45.8014837]]}},{"type":"Feature","properties":{"osm_id":618144357,"name":"Habermann Markt","highway":"pedestrian","name_ro":null,"source":"openstreetmap"},"geometry":{"type":"LineString","coordinates":[[24.1503341,45.7909245],[24.1506387,45.7906707],[24.1504872,45.7905747],[24.1510011,45.790248],[24.1510241,45.7902622],[24.1519052,45.7908039],[24.151629,45.7912933],[24.1513712,45.7911232],[24.1510766,45.7913701],[24.1507545,45.7911768],[24.1503341,45.7909245]]}},{"type":"Feature","properties":{"osm_id":618351527,"name":"Strada Regele Ferdinand","highway":"residential","name_ro":null,"source":"openstreetmap"},"geometry":{"type":"LineString","coordinates":[[24.1626802,45.7726263],[24.1633612,45.771917],[24.1635982,45.7716813],[24.1639379,45.7713435],[24.1639486,45.7713126],[24.1639392,45.7712864],[24.1633625,45.7709815],[24.1628945,45.7707298],[24.1628583,45.7707364],[24.1623091,45.7712405],[24.1622011,45.7713397]]}},{"type":"Feature","properties":{"osm_id":618366502,"name":"Strada Autogării","highway":"residential","name_ro":null,"source":"openstreetmap"},"geometry":{"type":"LineString","coordinates":[[24.1312685,45.7957516],[24.132572,45.7956836],[24.1326168,45.7956722],[24.1326595,45.7956425],[24.1328343,45.7954232]]}},{"type":"Feature","properties":{"osm_id":618368176,"name":"Strada Metalurgiștilor","highway":"primary","name_ro":null,"source":"openstreetmap"},"geometry":{"type":"LineString","coordinates":[[24.1393811,45.7967902],[24.1392034,45.7967613],[24.1380017,45.7965607],[24.1362335,45.796203],[24.1353814,45.7960263],[24.13513,45.7959685],[24.1348396,45.7958962]]}},{"type":"Feature","properties":{"osm_id":618370490,"name":"Strada Cibinului","highway":"primary","name_ro":null,"source":"openstreetmap"},"geometry":{"type":"LineString","coordinates":[[24.1442662,45.7996945],[24.1443494,45.7998068]]}},{"type":"Feature","properties":{"osm_id":618370805,"name":"Piața Cibin","highway":"tertiary","name_ro":null,"source":"openstreetmap"},"geometry":{"type":"LineString","coordinates":[[24.1445364,45.7982975],[24.1443573,45.7983694],[24.1441782,45.7984412],[24.1440961,45.7984763],[24.1437662,45.7986172],[24.1435589,45.7987119]]}},{"type":"Feature","properties":{"osm_id":618682902,"name":"Strada Grigore Ionescu","highway":"residential","name_ro":null,"source":"openstreetmap"},"geometry":{"type":"LineString","coordinates":[[24.1446991,45.7575216],[24.1447277,45.7575266]]}},{"type":"Feature","properties":{"osm_id":618684703,"name":"Strada Grigore Ionescu","highway":"residential","name_ro":null,"source":"openstreetmap"},"geometry":{"type":"LineString","coordinates":[[24.1449628,45.7622801],[24.1450527,45.7622562],[24.1451179,45.7622389]]}},{"type":"Feature","properties":{"osm_id":618685280,"name":"Strada Octav Doicescu","highway":"residential","name_ro":null,"source":"openstreetmap"},"geometry":{"type":"LineString","coordinates":[[24.148229,45.761138],[24.1498875,45.7614622],[24.1515961,45.7617949]]}},{"type":"Feature","properties":{"osm_id":618685621,"name":"Strada Henrieta Delavrancea","highway":"residential","name_ro":null,"source":"openstreetmap"},"geometry":{"type":"LineString","coordinates":[[24.1453479,45.7624706],[24.1456194,45.762521],[24.1474228,45.7628561],[24.1484412,45.7630558]]}},{"type":"Feature","properties":{"osm_id":618685622,"name":"Strada Grigore Ionescu","highway":"residential","name_ro":null,"source":"openstreetmap"},"geometry":{"type":"LineString","coordinates":[[24.1453898,45.7629455],[24.1454188,45.7631374],[24.1454413,45.7632505],[24.1454674,45.7633816],[24.1455211,45.763651]]}},{"type":"Feature","properties":{"osm_id":618685623,"name":"Strada George Matei Cantacuzino","highway":"residential","name_ro":null,"source":"openstreetmap"},"geometry":{"type":"LineString","coordinates":[[24.1454188,45.7631374],[24.1456969,45.7631591],[24.1482046,45.7636557],[24.1487542,45.7637675],[24.1511844,45.764252]]}},{"type":"Feature","properties":{"osm_id":618685624,"name":"Strada Ion Mincu","highway":"residential","name_ro":null,"source":"openstreetmap"},"geometry":{"type":"LineString","coordinates":[[24.1482046,45.7636557],[24.1484412,45.7630558],[24.1484677,45.7629373]]}},{"type":"Feature","properties":{"osm_id":618685625,"name":"Strada Marcel Iancu","highway":"residential","name_ro":null,"source":"openstreetmap"},"geometry":{"type":"LineString","coordinates":[[24.1457183,45.7642332],[24.1459805,45.7642869],[24.146145,45.7643206],[24.1468446,45.7644639],[24.1476853,45.7646361],[24.148409,45.7647827],[24.1510177,45.7652924]]}},{"type":"Feature","properties":{"osm_id":618685702,"name":"Strada Dorului","highway":"residential","name_ro":null,"source":"openstreetmap"},"geometry":{"type":"LineString","coordinates":[[24.1406067,45.7573346],[24.144245,45.7570675]]}},{"type":"Feature","properties":{"osm_id":618685867,"name":"Strada Virginia Andreescu Haret","highway":"residential","name_ro":null,"source":"openstreetmap"},"geometry":{"type":"LineString","coordinates":[[24.1434987,45.7525874],[24.1434313,45.752572],[24.1410134,45.7521761]]}},{"type":"Feature","properties":{"osm_id":618706973,"name":"Strada Gheorghe Simotta","highway":"residential","name_ro":null,"source":"openstreetmap"},"geometry":{"type":"LineString","coordinates":[[24.1404037,45.7559629],[24.143645,45.7557274]]}},{"type":"Feature","properties":{"osm_id":618710032,"name":"Strada Brândușei","highway":"residential","name_ro":null,"source":"openstreetmap"},"geometry":{"type":"LineString","coordinates":[[24.1365406,45.75366],[24.1398195,45.7540822]]}},{"type":"Feature","properties":{"osm_id":618710033,"name":"Strada Sânzienelor","highway":"residential","name_ro":null,"source":"openstreetmap"},"geometry":{"type":"LineString","coordinates":[[24.1373322,45.754444],[24.1373772,45.754441],[24.1401572,45.7549016]]}},{"type":"Feature","properties":{"osm_id":618710034,"name":"Strada Merișorului","highway":"residential","name_ro":null,"source":"openstreetmap"},"geometry":{"type":"LineString","coordinates":[[24.1373185,45.7550941],[24.1403443,45.7555706]]}},{"type":"Feature","properties":{"osm_id":618710035,"name":"Strada Dumbrăviței","highway":"residential","name_ro":null,"source":"openstreetmap"},"geometry":{"type":"LineString","coordinates":[[24.1398195,45.7540822],[24.1399245,45.7543317],[24.1400608,45.7546557],[24.1401572,45.7549016],[24.1402607,45.7551877],[24.14027,45.7552304],[24.1403443,45.7555706],[24.1403546,45.7556283],[24.1404037,45.7559629],[24.1404301,45.7561906]]}},{"type":"Feature","properties":{"osm_id":618710223,"name":"Strada Ion Mincu","highway":"residential","name_ro":null,"source":"openstreetmap"},"geometry":{"type":"LineString","coordinates":[[24.1484677,45.7629373],[24.1484761,45.76262],[24.1484674,45.7625566],[24.1484448,45.7624661],[24.148409,45.7622961],[24.1484009,45.7622506],[24.1483033,45.761703]]}},{"type":"Feature","properties":{"osm_id":618710224,"name":"Strada Nicolae Ghica-Budești","highway":"residential","name_ro":null,"source":"openstreetmap"},"geometry":{"type":"LineString","coordinates":[[24.148409,45.7622961],[24.1514314,45.7628902]]}},{"type":"Feature","properties":{"osm_id":618731818,"name":"Aleea Buia","highway":"residential","name_ro":null,"source":"openstreetmap"},"geometry":{"type":"LineString","coordinates":[[24.1497908,45.7824853],[24.1505223,45.7828516],[24.1505908,45.7828796],[24.1506594,45.7829026],[24.1507433,45.7829289]]}},{"type":"Feature","properties":{"osm_id":618732616,"name":"Aleea Buia","highway":"residential","name_ro":null,"source":"openstreetmap"},"geometry":{"type":"LineString","coordinates":[[24.1499922,45.7829702],[24.1499322,45.7829362],[24.1495875,45.7827407],[24.1495686,45.782723],[24.1495652,45.7826968],[24.1495807,45.782679],[24.1496319,45.7826277],[24.1497908,45.7824853]]}},{"type":"Feature","properties":{"osm_id":618732667,"name":"Aleea Buia","highway":"residential","name_ro":null,"source":"openstreetmap"},"geometry":{"type":"LineString","coordinates":[[24.1499922,45.7829702],[24.1504278,45.7832022]]}},{"type":"Feature","properties":{"osm_id":619452950,"name":"Strada Arhivelor","highway":"pedestrian","name_ro":null,"source":"openstreetmap"},"geometry":{"type":"LineString","coordinates":[[24.151799,45.7959488],[24.1518678,45.7958852]]}},{"type":"Feature","properties":{"osm_id":619452951,"name":"Strada Arhivelor","highway":"pedestrian","name_ro":null,"source":"openstreetmap"},"geometry":{"type":"LineString","coordinates":[[24.1516528,45.7960787],[24.151799,45.7959488]]}},{"type":"Feature","properties":{"osm_id":619459677,"name":"Strada Constantin (Costache) Negruzzi","highway":"secondary","name_ro":null,"source":"openstreetmap"},"geometry":{"type":"LineString","coordinates":[[24.1578233,45.7906087],[24.1577656,45.7906688],[24.1576709,45.7907673],[24.1576063,45.7908345],[24.1564964,45.7919881],[24.1564324,45.7920546]]}},{"type":"Feature","properties":{"osm_id":619459679,"name":"Strada Georg Wilhelm Friedrich Hegel","highway":"residential","name_ro":null,"source":"openstreetmap"},"geometry":{"type":"LineString","coordinates":[[24.1579124,45.7907813],[24.1578893,45.7907333],[24.1578812,45.7906914],[24.1578882,45.7906302]]}},{"type":"Feature","properties":{"osm_id":619459680,"name":"Strada Georg Wilhelm Friedrich Hegel","highway":"residential","name_ro":null,"source":"openstreetmap"},"geometry":{"type":"LineString","coordinates":[[24.1579124,45.7907813],[24.1578567,45.790772],[24.1578046,45.7907663],[24.1577493,45.7907651],[24.1576709,45.7907673]]}},{"type":"Feature","properties":{"osm_id":619474624,"name":"Strada Lungă","highway":"primary","name_ro":null,"source":"openstreetmap"},"geometry":{"type":"LineString","coordinates":[[24.1471417,45.8096697],[24.1471026,45.8096365],[24.1470702,45.8096132],[24.1470353,45.8095901]]}},{"type":"Feature","properties":{"osm_id":619480399,"name":"Strada Rusciorului","highway":"primary","name_ro":null,"source":"openstreetmap"},"geometry":{"type":"LineString","coordinates":[[24.1518524,45.8046947],[24.1518828,45.8051069]]}},{"type":"Feature","properties":{"osm_id":619485256,"name":"Strada Viitorului","highway":"tertiary","name_ro":null,"source":"openstreetmap"},"geometry":{"type":"LineString","coordinates":[[24.1747594,45.8085687],[24.1745378,45.8086149]]}},{"type":"Feature","properties":{"osm_id":619485257,"name":"Strada Viitorului","highway":"tertiary","name_ro":null,"source":"openstreetmap"},"geometry":{"type":"LineString","coordinates":[[24.1745378,45.8086149],[24.1740232,45.8086671]]}},{"type":"Feature","properties":{"osm_id":619485501,"name":"Calea Gușteriței","highway":"secondary","name_ro":null,"source":"openstreetmap"},"geometry":{"type":"LineString","coordinates":[[24.1747594,45.8085687],[24.1748166,45.808629]]}},{"type":"Feature","properties":{"osm_id":619485504,"name":"Calea Gușteriței","highway":"secondary","name_ro":null,"source":"openstreetmap"},"geometry":{"type":"LineString","coordinates":[[24.1744941,45.8082904],[24.1747594,45.8085687]]}},{"type":"Feature","properties":{"osm_id":619486992,"name":"Strada Dafinului","highway":"residential","name_ro":null,"source":"openstreetmap"},"geometry":{"type":"LineString","coordinates":[[24.17607,45.808732],[24.1777857,45.8098205]]}},{"type":"Feature","properties":{"osm_id":619486993,"name":"Strada Lavandei","highway":"residential","name_ro":null,"source":"openstreetmap"},"geometry":{"type":"LineString","coordinates":[[24.1769439,45.8080016],[24.1777145,45.8085774],[24.178711,45.8092113]]}},{"type":"Feature","properties":{"osm_id":619820123,"name":"Strada George Coșbuc","highway":"residential","name_ro":null,"source":"openstreetmap"},"geometry":{"type":"LineString","coordinates":[[24.1401044,45.7885387],[24.1412054,45.7892438]]}},{"type":"Feature","properties":{"osm_id":620214998,"name":"Strada Viitorului","highway":"residential","name_ro":null,"source":"openstreetmap"},"geometry":{"type":"LineString","coordinates":[[24.1606834,45.8073362],[24.1607182,45.8072918],[24.1611335,45.8068526],[24.1613461,45.8066479],[24.1613817,45.8066146],[24.1614198,45.8065902],[24.1614567,45.806581],[24.1614932,45.80658],[24.1615371,45.8065905],[24.161581,45.8066069],[24.1622087,45.8069233],[24.1626558,45.8071475],[24.1636394,45.8076355],[24.1645609,45.808097],[24.1646149,45.8081217]]}},{"type":"Feature","properties":{"osm_id":620214999,"name":"Strada Viitorului","highway":"residential","name_ro":null,"source":"openstreetmap"},"geometry":{"type":"LineString","coordinates":[[24.1611335,45.8068526],[24.161676,45.8071259],[24.1624828,45.8075286],[24.1631935,45.8078808],[24.1632463,45.8078924],[24.1632912,45.8078968],[24.16334,45.8078907],[24.163371,45.8078814],[24.163411,45.807857],[24.1636394,45.8076355]]}},{"type":"Feature","properties":{"osm_id":620216848,"name":"Strada Călan","highway":"living_street","name_ro":null,"source":"openstreetmap"},"geometry":{"type":"LineString","coordinates":[[24.1560107,45.8050839],[24.1562686,45.8052296]]}},{"type":"Feature","properties":{"osm_id":620218261,"name":"Strada Moara de Scoarță","highway":"residential","name_ro":null,"source":"openstreetmap"},"geometry":{"type":"LineString","coordinates":[[24.1587697,45.8051199],[24.1586175,45.8050485],[24.1585836,45.8050353],[24.1585418,45.8050346],[24.1584937,45.805049],[24.1584656,45.8050633],[24.1584275,45.8050675],[24.158389,45.8050613],[24.1581521,45.8049842],[24.1580816,45.8049513],[24.1578635,45.8048281],[24.157835,45.8048201],[24.1578077,45.8048238],[24.1577115,45.804904],[24.1576803,45.8049135],[24.1576381,45.8049025],[24.157412,45.8047844]]}},{"type":"Feature","properties":{"osm_id":620225514,"name":"Strada Gheorghe Lazăr","highway":"residential","name_ro":null,"source":"openstreetmap"},"geometry":{"type":"LineString","coordinates":[[24.1551804,45.7949589],[24.1554565,45.7947539]]}},{"type":"Feature","properties":{"osm_id":620285516,"name":"Bulevardul Corneliu Coposu","highway":"secondary","name_ro":null,"source":"openstreetmap"},"geometry":{"type":"LineString","coordinates":[[24.1615406,45.7976206],[24.1629194,45.7984204],[24.1640464,45.7990464],[24.1647727,45.799464],[24.165051,45.7996114],[24.1652894,45.7997285],[24.1657077,45.7999107]]}},{"type":"Feature","properties":{"osm_id":620285974,"name":"Bulevardul Corneliu Coposu","highway":"secondary","name_ro":null,"source":"openstreetmap"},"geometry":{"type":"LineString","coordinates":[[24.1657077,45.7999107],[24.1658751,45.799988]]}},{"type":"Feature","properties":{"osm_id":620304804,"name":"Strada Doctor Ștefan Stâncă","highway":"residential","name_ro":null,"source":"openstreetmap"},"geometry":{"type":"LineString","coordinates":[[24.146751,45.7886053],[24.1468187,45.7886485],[24.1474249,45.788988]]}},{"type":"Feature","properties":{"osm_id":620351763,"name":"Pasajul Petőfi Sándor","highway":"pedestrian","name_ro":null,"source":"openstreetmap"},"geometry":{"type":"LineString","coordinates":[[24.141838,45.793171],[24.142171,45.7928452],[24.1421777,45.7928386]]}},{"type":"Feature","properties":{"osm_id":620356231,"name":"Strada Dealului","highway":"primary","name_ro":null,"source":"openstreetmap"},"geometry":{"type":"LineString","coordinates":[[24.1443383,45.7937996],[24.1443863,45.7937566],[24.1444212,45.7937151],[24.1444429,45.7936704],[24.1444456,45.7936332],[24.1444382,45.7936077],[24.1443904,45.7935566],[24.1442764,45.7934407]]}},{"type":"Feature","properties":{"osm_id":620356232,"name":"Șoseaua Alba Iulia","highway":"primary","name_ro":null,"source":"openstreetmap"},"geometry":{"type":"LineString","coordinates":[[24.1431872,45.7937227],[24.1433547,45.7937852],[24.1437336,45.7939263],[24.1438376,45.7939486],[24.1439183,45.7939617],[24.1439929,45.7939627],[24.1440595,45.7939562],[24.1441184,45.7939403],[24.1441772,45.7939165],[24.1442337,45.7938848],[24.1442782,45.7938517],[24.1443383,45.7937996]]}},{"type":"Feature","properties":{"osm_id":620535772,"name":"Strada Profesor Aurel Popa","highway":"residential","name_ro":null,"source":"openstreetmap"},"geometry":{"type":"LineString","coordinates":[[24.1297338,45.7829217],[24.1297759,45.7829709],[24.1299345,45.7831618],[24.1301393,45.7833988],[24.1303868,45.7836892]]}},{"type":"Feature","properties":{"osm_id":620882777,"name":"Strada Moș Ion Roată","highway":"residential","name_ro":null,"source":"openstreetmap"},"geometry":{"type":"LineString","coordinates":[[24.148501,45.7976221],[24.1482282,45.7974268],[24.1478623,45.7971692],[24.1476234,45.7969977]]}},{"type":"Feature","properties":{"osm_id":621483071,"name":"Strada Topazului","highway":"residential","name_ro":null,"source":"openstreetmap"},"geometry":{"type":"LineString","coordinates":[[24.1286391,45.8125148],[24.1288439,45.8124288]]}},{"type":"Feature","properties":{"osm_id":621484051,"name":"Strada Toporașilor","highway":"residential","name_ro":null,"source":"openstreetmap"},"geometry":{"type":"LineString","coordinates":[[24.1374008,45.7557352],[24.1373596,45.7557122],[24.1373395,45.7556709],[24.1373185,45.7550941],[24.1373154,45.7547321],[24.1373064,45.7544708],[24.1373322,45.754444]]}},{"type":"Feature","properties":{"osm_id":621485418,"name":"Strada Toma Socolescu","highway":"residential","name_ro":null,"source":"openstreetmap"},"geometry":{"type":"LineString","coordinates":[[24.14027,45.7552304],[24.1431651,45.7549791],[24.1435841,45.7549343],[24.1437194,45.7549171],[24.1437341,45.7549152],[24.1438047,45.7549094]]}},{"type":"Feature","properties":{"osm_id":621486215,"name":"Strada Alexandru Orăscu","highway":"residential","name_ro":null,"source":"openstreetmap"},"geometry":{"type":"LineString","coordinates":[[24.1399245,45.7543317],[24.1436628,45.7546028],[24.1437537,45.7546113]]}},{"type":"Feature","properties":{"osm_id":621487685,"name":"Strada Ion Mincu","highway":"residential","name_ro":null,"source":"openstreetmap"},"geometry":{"type":"LineString","coordinates":[[24.1483033,45.761703],[24.148229,45.761138],[24.1482177,45.7610539],[24.1481813,45.7607748],[24.1481293,45.7603637]]}},{"type":"Feature","properties":{"osm_id":621490181,"name":"Aleea Valea Săpunului","highway":"residential","name_ro":null,"source":"openstreetmap"},"geometry":{"type":"LineString","coordinates":[[24.1479212,45.7716137],[24.1480056,45.771618],[24.148823,45.771668],[24.149054,45.771741],[24.149346,45.7718431],[24.1496404,45.771945]]}},{"type":"Feature","properties":{"osm_id":621490900,"name":"Strada Doamna Stanca","highway":"unclassified","name_ro":null,"source":"openstreetmap"},"geometry":{"type":"LineString","coordinates":[[24.1518571,45.7709846],[24.1524619,45.7711575],[24.152889,45.7712895],[24.1534307,45.7714882],[24.1545584,45.771905],[24.1548967,45.7720387],[24.1553647,45.7722286],[24.1557589,45.7724579],[24.1561395,45.7726632],[24.1564734,45.7728433],[24.1570904,45.7731761],[24.1574046,45.7733455],[24.1576547,45.7734909],[24.1578436,45.7735855],[24.1585527,45.7739967]]}},{"type":"Feature","properties":{"osm_id":621492104,"name":"Strada Leonida Negrescu","highway":"residential","name_ro":null,"source":"openstreetmap"},"geometry":{"type":"LineString","coordinates":[[24.1508987,45.7573984],[24.150621,45.7577475],[24.1506054,45.7577872],[24.1506107,45.7578246],[24.1506353,45.7578545],[24.1506904,45.7578844],[24.1513985,45.7581202],[24.1524238,45.7584584]]}},{"type":"Feature","properties":{"osm_id":621513959,"name":"Strada General Magheru","highway":"tertiary","name_ro":null,"source":"openstreetmap"},"geometry":{"type":"LineString","coordinates":[[24.1603279,45.7996829],[24.1599251,45.7996207],[24.1597172,45.7995849]]}},{"type":"Feature","properties":{"osm_id":621514097,"name":"Piața 1 Decembrie 1918","highway":"tertiary","name_ro":null,"source":"openstreetmap"},"geometry":{"type":"LineString","coordinates":[[24.1628584,45.7985701],[24.1626321,45.7987561],[24.1623629,45.7989773],[24.1618675,45.799387],[24.161488,45.7997009]]}},{"type":"Feature","properties":{"osm_id":621514274,"name":"Strada Socului","highway":"unclassified","name_ro":null,"source":"openstreetmap"},"geometry":{"type":"LineString","coordinates":[[24.1648123,45.7968292],[24.1647811,45.7968711],[24.1646914,45.7969932],[24.1632117,45.7982592],[24.1631828,45.7982847]]}},{"type":"Feature","properties":{"osm_id":623824961,"name":"Șoseaua Alba Iulia","highway":"primary","name_ro":null,"source":"openstreetmap"},"geometry":{"type":"LineString","coordinates":[[24.1315968,45.7932497],[24.1322699,45.7931238]]}},{"type":"Feature","properties":{"osm_id":623824962,"name":"Șoseaua Alba Iulia","highway":"primary","name_ro":null,"source":"openstreetmap"},"geometry":{"type":"LineString","coordinates":[[24.1322699,45.7931238],[24.1323963,45.7930967],[24.1324685,45.793082]]}},{"type":"Feature","properties":{"osm_id":623845453,"name":"Strada Doamna Stanca","highway":"residential","name_ro":null,"source":"openstreetmap"},"geometry":{"type":"LineString","coordinates":[[24.1503108,45.7720649],[24.151424,45.7723023],[24.1514512,45.7723018],[24.1514741,45.7722849],[24.1515104,45.7721497],[24.1515525,45.771994],[24.1516155,45.7717491],[24.1516938,45.7714935],[24.1517698,45.7712457],[24.1518571,45.7709846],[24.1505708,45.7706202],[24.1505129,45.7706038]]}},{"type":"Feature","properties":{"osm_id":623846032,"name":"Strada Doamna Stanca","highway":"residential","name_ro":null,"source":"openstreetmap"},"geometry":{"type":"LineString","coordinates":[[24.1502601,45.7717296],[24.1515525,45.771994]]}},{"type":"Feature","properties":{"osm_id":623848291,"name":"Strada Liviu Ciulei","highway":"service","name_ro":null,"source":"openstreetmap"},"geometry":{"type":"LineString","coordinates":[[24.147585,45.7705212],[24.1472722,45.7698677]]}},{"type":"Feature","properties":{"osm_id":623848294,"name":"Strada Liviu Ciulei","highway":"service","name_ro":null,"source":"openstreetmap"},"geometry":{"type":"LineString","coordinates":[[24.1484503,45.7708866],[24.1481531,45.7701486]]}},{"type":"Feature","properties":{"osm_id":623848296,"name":"Strada Liviu Ciulei","highway":"service","name_ro":null,"source":"openstreetmap"},"geometry":{"type":"LineString","coordinates":[[24.1487333,45.7706792],[24.1485394,45.7702708]]}},{"type":"Feature","properties":{"osm_id":623851604,"name":"Strada Tiberiu Ricci","highway":"residential","name_ro":null,"source":"openstreetmap"},"geometry":{"type":"LineString","coordinates":[[24.145917,45.7650912],[24.1470172,45.7653148],[24.147347,45.7653818],[24.1477061,45.7654548],[24.1480941,45.7655336],[24.1491439,45.7657476],[24.1491896,45.7657569],[24.1508462,45.7660954]]}},{"type":"Feature","properties":{"osm_id":623856938,"name":"Strada Florea Stanculescu","highway":"residential","name_ro":null,"source":"openstreetmap"},"geometry":{"type":"LineString","coordinates":[[24.1448633,45.7585303],[24.1467171,45.7588888],[24.1479693,45.7591133]]}},{"type":"Feature","properties":{"osm_id":623857763,"name":"Strada Nicolae Ghica-Budești","highway":"residential","name_ro":null,"source":"openstreetmap"},"geometry":{"type":"LineString","coordinates":[[24.1456544,45.7617157],[24.1484009,45.7622506]]}},{"type":"Feature","properties":{"osm_id":623858726,"name":"Strada Leonida Negrescu","highway":"residential","name_ro":null,"source":"openstreetmap"},"geometry":{"type":"LineString","coordinates":[[24.1508987,45.7573984],[24.151271,45.7569167]]}},{"type":"Feature","properties":{"osm_id":623860365,"name":"Strada Statie Ciortan","highway":"residential","name_ro":null,"source":"openstreetmap"},"geometry":{"type":"LineString","coordinates":[[24.1499542,45.7559826],[24.1503366,45.755514],[24.1507121,45.755051]]}},{"type":"Feature","properties":{"osm_id":623860367,"name":"Strada Ștefan Balș","highway":"residential","name_ro":null,"source":"openstreetmap"},"geometry":{"type":"LineString","coordinates":[[24.1503366,45.755514],[24.153289,45.7565728]]}},{"type":"Feature","properties":{"osm_id":623883332,"name":"Strada Măslinului","highway":"service","name_ro":null,"source":"openstreetmap"},"geometry":{"type":"LineString","coordinates":[[24.1225061,45.7980905],[24.1212426,45.7976793]]}},{"type":"Feature","properties":{"osm_id":623883333,"name":"Strada Măslinului","highway":"service","name_ro":null,"source":"openstreetmap"},"geometry":{"type":"LineString","coordinates":[[24.1222662,45.7984233],[24.120588,45.7978657]]}},{"type":"Feature","properties":{"osm_id":623956182,"name":"Strada Coroanei","highway":"residential","name_ro":null,"source":"openstreetmap"},"geometry":{"type":"LineString","coordinates":[[24.1433992,45.7579241],[24.1436339,45.7593312]]}},{"type":"Feature","properties":{"osm_id":623956313,"name":"Strada Constantin Iotzu","highway":"residential","name_ro":null,"source":"openstreetmap"},"geometry":{"type":"LineString","coordinates":[[24.1455211,45.763651],[24.1456476,45.7636776],[24.1485477,45.7642693],[24.1486183,45.7642837],[24.1511905,45.7648044]]}},{"type":"Feature","properties":{"osm_id":623960136,"name":"Strada Pompeiu Onofreiu","highway":"residential","name_ro":null,"source":"openstreetmap"},"geometry":{"type":"LineString","coordinates":[[24.1579759,45.7958748],[24.1578882,45.7958622],[24.1578189,45.7958622],[24.1577624,45.7958558],[24.1575723,45.795925],[24.1574795,45.7959846],[24.1574388,45.7960769],[24.1573819,45.7961661],[24.1572906,45.7962068],[24.1572138,45.7962339],[24.1571093,45.7962353],[24.1571032,45.7962344],[24.1570207,45.7962227],[24.1567259,45.79616],[24.15659,45.7961196],[24.156446,45.7960489],[24.1557361,45.7956825]]}},{"type":"Feature","properties":{"osm_id":623963547,"name":"Strada Berna","highway":"residential","name_ro":null,"source":"openstreetmap"},"geometry":{"type":"LineString","coordinates":[[24.0826034,45.7989122],[24.0826213,45.7990409],[24.0828842,45.7996543],[24.0830559,45.8000489],[24.0831093,45.8002869],[24.0830154,45.8007867]]}},{"type":"Feature","properties":{"osm_id":623964597,"name":"Strada Lyon","highway":"unclassified","name_ro":null,"source":"openstreetmap"},"geometry":{"type":"LineString","coordinates":[[24.07763,45.7940563],[24.0777425,45.7940647],[24.0778472,45.7940765],[24.0790032,45.7942072],[24.0796728,45.7942829],[24.0805217,45.7943788],[24.0815923,45.7944998],[24.0820938,45.7945556],[24.0822907,45.7945775],[24.0825773,45.7946094],[24.0826739,45.7946357],[24.0827227,45.7946785],[24.0827408,45.7947209],[24.0827485,45.7947849],[24.0826474,45.7950913],[24.082652,45.7951336],[24.0826733,45.7951733],[24.0827253,45.7952063],[24.0827919,45.7952257],[24.0833252,45.7952889],[24.0838289,45.7953485],[24.0838945,45.7953648],[24.0839464,45.7953929],[24.0839722,45.7954258],[24.0840017,45.7954755],[24.0841602,45.796136],[24.0842329,45.79626],[24.0842534,45.796295]]}},{"type":"Feature","properties":{"osm_id":624073980,"name":"Strada Johann Sebastian Bach","highway":"service","name_ro":null,"source":"openstreetmap"},"geometry":{"type":"LineString","coordinates":[[24.1674575,45.8033448],[24.1675377,45.8032834],[24.1677654,45.8032135],[24.1681304,45.8030818],[24.1682996,45.8030086],[24.1683312,45.8029961],[24.1687173,45.8028436],[24.1690681,45.802705],[24.1692241,45.8026598],[24.1694572,45.8025956],[24.1698413,45.8024848]]}},{"type":"Feature","properties":{"osm_id":624075434,"name":"Strada Iacob Bologa","highway":"residential","name_ro":null,"source":"openstreetmap"},"geometry":{"type":"LineString","coordinates":[[24.1698861,45.802556],[24.1703701,45.802417],[24.1713166,45.802145],[24.1718064,45.8020043]]}},{"type":"Feature","properties":{"osm_id":624075647,"name":"Strada General Jean Maximilien Lamarque","highway":"residential","name_ro":null,"source":"openstreetmap"},"geometry":{"type":"LineString","coordinates":[[24.1668491,45.802675],[24.1658524,45.8021776],[24.1657853,45.8021437]]}},{"type":"Feature","properties":{"osm_id":624086001,"name":"Strada D.D. Roșca","highway":"residential","name_ro":null,"source":"openstreetmap"},"geometry":{"type":"LineString","coordinates":[[24.1101728,45.7892986],[24.110993,45.7888026],[24.1109819,45.7887293],[24.1124093,45.7878361]]}},{"type":"Feature","properties":{"osm_id":624086357,"name":"Strada Rozmarinului","highway":"residential","name_ro":null,"source":"openstreetmap"},"geometry":{"type":"LineString","coordinates":[[24.1175284,45.7852927],[24.1175523,45.785211],[24.1175571,45.7851009],[24.1175276,45.7849358],[24.1175077,45.7848336],[24.1174922,45.7847537],[24.117423,45.7846263],[24.1173057,45.7845277],[24.1168176,45.7842135]]}},{"type":"Feature","properties":{"osm_id":624100490,"name":"Strada Liviu Ciulei","highway":"service","name_ro":null,"source":"openstreetmap"},"geometry":{"type":"LineString","coordinates":[[24.1494875,45.7709991],[24.1499956,45.7712067],[24.1500467,45.7712163],[24.1500977,45.7712032],[24.1501191,45.7711807],[24.1501835,45.7710011],[24.1501728,45.7709693],[24.1501406,45.7709468],[24.1496717,45.7707719],[24.1493306,45.7706456],[24.1493011,45.7706466],[24.1492697,45.7706673],[24.1492002,45.7707586],[24.149129,45.7708523]]}},{"type":"Feature","properties":{"osm_id":624100491,"name":"Strada Liviu Ciulei","highway":"service","name_ro":null,"source":"openstreetmap"},"geometry":{"type":"LineString","coordinates":[[24.1494875,45.7709991],[24.149129,45.7708523],[24.148812,45.7707225],[24.1487646,45.7707214],[24.148715,45.770771],[24.1485768,45.7709435]]}},{"type":"Feature","properties":{"osm_id":624223124,"name":"Strada Reșița","highway":"residential","name_ro":null,"source":"openstreetmap"},"geometry":{"type":"LineString","coordinates":[[24.1661797,45.8081275],[24.1653292,45.8075645]]}},{"type":"Feature","properties":{"osm_id":624223147,"name":"Strada Teilor","highway":"residential","name_ro":null,"source":"openstreetmap"},"geometry":{"type":"LineString","coordinates":[[24.1653292,45.8075645],[24.1642967,45.8069744],[24.163839,45.8067053],[24.1633485,45.8064426],[24.1626909,45.8060786],[24.1621213,45.8057635],[24.1614701,45.805406],[24.1611073,45.805197],[24.1610807,45.8051798],[24.1604611,45.8048356],[24.1600616,45.8046127],[24.159646,45.8043752],[24.1591115,45.8040717],[24.1584743,45.8037199]]}},{"type":"Feature","properties":{"osm_id":624286943,"name":"Strada Ion Barbu","highway":"residential","name_ro":null,"source":"openstreetmap"},"geometry":{"type":"LineString","coordinates":[[24.1760614,45.7790633],[24.1764924,45.7792381],[24.1769712,45.7794186],[24.1775587,45.7796294]]}},{"type":"Feature","properties":{"osm_id":624287100,"name":"Aleea Măgurii","highway":"residential","name_ro":null,"source":"openstreetmap"},"geometry":{"type":"LineString","coordinates":[[24.1891521,45.7715633],[24.1891593,45.7716131],[24.1891159,45.7717692],[24.1889964,45.7721826],[24.1889547,45.7723455],[24.1888851,45.7726175],[24.1887596,45.7731647],[24.1887512,45.7732014],[24.1887443,45.7732316]]}},{"type":"Feature","properties":{"osm_id":624287219,"name":"Strada Petru Maior","highway":"residential","name_ro":null,"source":"openstreetmap"},"geometry":{"type":"LineString","coordinates":[[24.1869074,45.7761576],[24.1840279,45.7764954]]}},{"type":"Feature","properties":{"osm_id":624287330,"name":"Strada Armoniei","highway":"residential","name_ro":null,"source":"openstreetmap"},"geometry":{"type":"LineString","coordinates":[[24.1900741,45.7752315],[24.1900112,45.7749138],[24.1897029,45.7733875],[24.1896984,45.7733643]]}},{"type":"Feature","properties":{"osm_id":624287423,"name":"Aleea Libertății","highway":"residential","name_ro":null,"source":"openstreetmap"},"geometry":{"type":"LineString","coordinates":[[24.1881884,45.7750603],[24.1879251,45.773848]]}},{"type":"Feature","properties":{"osm_id":624287466,"name":"Strada Liliacului","highway":"residential","name_ro":null,"source":"openstreetmap"},"geometry":{"type":"LineString","coordinates":[[24.1902367,45.7715189],[24.1894001,45.7699215]]}},{"type":"Feature","properties":{"osm_id":624287467,"name":"Strada Ulmului","highway":"residential","name_ro":null,"source":"openstreetmap"},"geometry":{"type":"LineString","coordinates":[[24.1955355,45.7711317],[24.1948753,45.7694512]]}},{"type":"Feature","properties":{"osm_id":624287468,"name":"Strada Trifoiului","highway":"residential","name_ro":null,"source":"openstreetmap"},"geometry":{"type":"LineString","coordinates":[[24.1929395,45.768714],[24.1928231,45.7697177]]}},{"type":"Feature","properties":{"osm_id":624287469,"name":"Strada Salcâmului","highway":"residential","name_ro":null,"source":"openstreetmap"},"geometry":{"type":"LineString","coordinates":[[24.1910195,45.7719151],[24.1910175,45.7718832],[24.1910014,45.7718524],[24.1908766,45.7717233],[24.1908381,45.7716474],[24.1900015,45.7699293]]}},{"type":"Feature","properties":{"osm_id":624287738,"name":"Strada Decebal","highway":"residential","name_ro":null,"source":"openstreetmap"},"geometry":{"type":"LineString","coordinates":[[24.2008967,45.7633087],[24.2009879,45.7633153],[24.2010389,45.7633078],[24.2010791,45.7632821],[24.2011179,45.7632396],[24.2013965,45.7625804],[24.2014325,45.7625065],[24.2015398,45.7623849],[24.2016293,45.762304],[24.2017213,45.7622205],[24.2018388,45.7621393],[24.2018844,45.7621079],[24.2019304,45.7620621],[24.2020574,45.7619058],[24.2020997,45.7618389],[24.2022257,45.7615325],[24.2023679,45.7614621]]}},{"type":"Feature","properties":{"osm_id":624287739,"name":"Strada Țebea","highway":"residential","name_ro":null,"source":"openstreetmap"},"geometry":{"type":"LineString","coordinates":[[24.202517,45.7594188],[24.1982011,45.7587602]]}},{"type":"Feature","properties":{"osm_id":624287742,"name":"Strada Traian","highway":"residential","name_ro":null,"source":"openstreetmap"},"geometry":{"type":"LineString","coordinates":[[24.2029866,45.7615763],[24.2028396,45.7619899]]}},{"type":"Feature","properties":{"osm_id":624292489,"name":"Strada Iancu de Hunedoara","highway":"residential","name_ro":null,"source":"openstreetmap"},"geometry":{"type":"LineString","coordinates":[[24.1151827,45.7859229],[24.1153014,45.7859642],[24.1153199,45.7859979],[24.1153041,45.7860726],[24.1152537,45.7861753],[24.1152404,45.7862574],[24.1152137,45.7867211],[24.1151995,45.7868197]]}},{"type":"Feature","properties":{"osm_id":624299699,"name":"Strada Atena","highway":"residential","name_ro":null,"source":"openstreetmap"},"geometry":{"type":"LineString","coordinates":[[24.1237226,45.8170758],[24.1241433,45.8168319]]}},{"type":"Feature","properties":{"osm_id":624410563,"name":"Strada Plumbului","highway":"residential","name_ro":null,"source":"openstreetmap"},"geometry":{"type":"LineString","coordinates":[[24.1277177,45.8092792],[24.1287939,45.810271]]}},{"type":"Feature","properties":{"osm_id":624417616,"name":"Aleea Monument","highway":"service","name_ro":null,"source":"openstreetmap"},"geometry":{"type":"LineString","coordinates":[[24.1687306,45.7699817],[24.1688014,45.7700036],[24.1688498,45.7700266],[24.1689999,45.7701241],[24.169536,45.7705128],[24.1698307,45.7707027],[24.170229,45.7709132],[24.1707627,45.7711798],[24.1712147,45.7713949],[24.1719656,45.7717422],[24.1730671,45.7725756],[24.1739405,45.7732364]]}},{"type":"Feature","properties":{"osm_id":624504704,"name":"Strada Cireșului","highway":"service","name_ro":null,"source":"openstreetmap"},"geometry":{"type":"LineString","coordinates":[[24.1818765,45.8155504],[24.1822734,45.8165514]]}},{"type":"Feature","properties":{"osm_id":624508012,"name":"Strada Flacăra","highway":"residential","name_ro":null,"source":"openstreetmap"},"geometry":{"type":"LineString","coordinates":[[24.1813994,45.811187],[24.1815624,45.8112342],[24.1816896,45.8112594],[24.1818976,45.8112758]]}},{"type":"Feature","properties":{"osm_id":624508013,"name":"Strada Degetarului","highway":"service","name_ro":null,"source":"openstreetmap"},"geometry":{"type":"LineString","coordinates":[[24.1813994,45.811187],[24.1816351,45.8108822],[24.1816926,45.8108143]]}},{"type":"Feature","properties":{"osm_id":624516109,"name":"Strada Grădinilor","highway":"service","name_ro":null,"source":"openstreetmap"},"geometry":{"type":"LineString","coordinates":[[24.1877213,45.8100355],[24.1873156,45.809681],[24.1869104,45.8093375]]}},{"type":"Feature","properties":{"osm_id":624520402,"name":"Strada Gorunului","highway":"residential","name_ro":null,"source":"openstreetmap"},"geometry":{"type":"LineString","coordinates":[[24.185637,45.8144397],[24.1856959,45.814554],[24.1858582,45.8148699],[24.1860192,45.8153391],[24.1861331,45.815827],[24.1862292,45.8160671],[24.1863866,45.816372],[24.1865038,45.8165671],[24.186688,45.8167744],[24.1870429,45.8170818],[24.1874197,45.8174009],[24.187592,45.8175693],[24.187788,45.8178237],[24.1879198,45.817985],[24.1880448,45.818091],[24.1882324,45.8182064],[24.1885365,45.8184254],[24.1887089,45.818608],[24.1887714,45.818668],[24.18888,45.8187416]]}},{"type":"Feature","properties":{"osm_id":624597283,"name":"Strada Pădurea Dumbrava","highway":"residential","name_ro":null,"source":"openstreetmap"},"geometry":{"type":"LineString","coordinates":[[24.1280352,45.7577582],[24.1277365,45.7578677],[24.1277242,45.7578722],[24.1276061,45.7579157],[24.1275157,45.7579469],[24.127412,45.7579781],[24.1273016,45.7580017],[24.1271588,45.7580236],[24.1271097,45.7580311],[24.1270589,45.7580398],[24.1270217,45.7580469],[24.1269866,45.7580551],[24.1269668,45.7580604],[24.1269337,45.7580704],[24.1269107,45.7580791],[24.1268932,45.7580865],[24.1268402,45.7581087],[24.1267605,45.7581495],[24.1265903,45.7582519],[24.126455,45.7583334],[24.1255171,45.7588981],[24.1254892,45.7589189],[24.1254734,45.7589422],[24.1254655,45.7589646],[24.125464,45.7589861],[24.1254688,45.7590094],[24.1254801,45.7590302],[24.1254951,45.7590478],[24.1255981,45.7591441],[24.125613,45.7591664],[24.1256151,45.7591924]]}},{"type":"Feature","properties":{"osm_id":624761097,"name":"Piațeta Târgul Peștelui","highway":"pedestrian","name_ro":null,"source":"openstreetmap"},"geometry":{"type":"LineString","coordinates":[[24.1469174,45.7984959],[24.1469555,45.798499],[24.1469579,45.798643],[24.146987,45.798643],[24.1469929,45.7987098],[24.1469121,45.7987519],[24.1468773,45.79877],[24.1468423,45.7987375],[24.1466076,45.7988425],[24.146583,45.7988211],[24.1467307,45.798715],[24.1468395,45.7986225],[24.1469005,45.7985339],[24.1469174,45.7984959]]}},{"type":"Feature","properties":{"osm_id":624767666,"name":"Piața Dragoner","highway":"pedestrian","name_ro":null,"source":"openstreetmap"},"geometry":{"type":"LineString","coordinates":[[24.1505366,45.7994251],[24.1505436,45.7994138],[24.1505868,45.7994081],[24.1511332,45.7996392],[24.1512196,45.799671],[24.1512803,45.7996929],[24.1512861,45.7997012],[24.1512836,45.7997134],[24.1512719,45.7997193],[24.1509505,45.7997123],[24.1509178,45.7996773],[24.1505922,45.7996732],[24.1506181,45.7997111],[24.1505262,45.7997098],[24.1505366,45.7994251]]}},{"type":"Feature","properties":{"osm_id":624778431,"name":"Piața Mică","highway":"service","name_ro":null,"source":"openstreetmap"},"geometry":{"type":"LineString","coordinates":[[24.1509591,45.7972044],[24.151084,45.7972677],[24.1511572,45.7973147],[24.1512357,45.7973759],[24.1512988,45.797438],[24.151364,45.7975034],[24.1514425,45.797575],[24.1515194,45.7976312],[24.1517546,45.7978078],[24.1517822,45.7978357],[24.151803,45.7978675],[24.151825,45.7979134],[24.1518511,45.7979945],[24.1518563,45.7980306],[24.1518435,45.7980728],[24.1518246,45.7981115],[24.1517756,45.7981955],[24.1516972,45.7983107],[24.1516481,45.7983815],[24.1516304,45.7984066]]}},{"type":"Feature","properties":{"osm_id":625322778,"name":"Strada Munteniei","highway":"residential","name_ro":null,"source":"openstreetmap"},"geometry":{"type":"LineString","coordinates":[[24.1381384,45.7860196],[24.138115,45.7856923],[24.1381024,45.7855521],[24.1380664,45.7854132],[24.1378967,45.7850175],[24.1377802,45.7848109],[24.1376399,45.7846016],[24.1375088,45.7844526],[24.1373391,45.7843302],[24.1368914,45.7840166],[24.1361908,45.7835071],[24.1360887,45.783415],[24.1360214,45.7833397],[24.1355195,45.7826983],[24.1355013,45.7826548],[24.1355139,45.7826157],[24.1355367,45.7825863],[24.1355872,45.7825569]]}},{"type":"Feature","properties":{"osm_id":625322779,"name":"Strada Munteniei","highway":"pedestrian","name_ro":null,"source":"openstreetmap"},"geometry":{"type":"LineString","coordinates":[[24.1384976,45.7871369],[24.1383834,45.7868232],[24.1382527,45.7864326],[24.1381384,45.7860196]]}},{"type":"Feature","properties":{"osm_id":626460918,"name":"Bulevardul Mihai Viteazul","highway":"tertiary","name_ro":null,"source":"openstreetmap"},"geometry":{"type":"LineString","coordinates":[[24.1592202,45.7770334],[24.1598159,45.7765708],[24.1609965,45.7756542],[24.1610334,45.7756171],[24.16106,45.7755736],[24.1610945,45.7755063]]}},{"type":"Feature","properties":{"osm_id":626461056,"name":"Bulevardul Mihai Viteazul","highway":"tertiary","name_ro":null,"source":"openstreetmap"},"geometry":{"type":"LineString","coordinates":[[24.159326,45.7770875],[24.1589288,45.7773172],[24.158596,45.7775094],[24.1585024,45.7775667],[24.1584444,45.7775992],[24.1583532,45.7776503]]}},{"type":"Feature","properties":{"osm_id":626521428,"name":"Bulevardul General Vasile Milea","highway":"primary","name_ro":null,"source":"openstreetmap"},"geometry":{"type":"LineString","coordinates":[[24.1678291,45.7811868],[24.167805,45.7812021]]}},{"type":"Feature","properties":{"osm_id":626686090,"name":"Strada Emil Cioran","highway":"tertiary","name_ro":null,"source":"openstreetmap"},"geometry":{"type":"LineString","coordinates":[[24.1466491,45.7895732],[24.1468744,45.7898917],[24.1470309,45.7900718],[24.1471434,45.7901823],[24.1473646,45.7903555],[24.147455,45.7904173],[24.147791,45.7906123]]}},{"type":"Feature","properties":{"osm_id":627182211,"name":"Strada Roger Bolomey","highway":"residential","name_ro":null,"source":"openstreetmap"},"geometry":{"type":"LineString","coordinates":[[24.1499957,45.7547891],[24.1507121,45.755051],[24.1535728,45.7560671],[24.1536027,45.7560896],[24.1536072,45.7561182],[24.1535918,45.7561596]]}},{"type":"Feature","properties":{"osm_id":627353392,"name":"Strada Partenie Cosma","highway":"residential","name_ro":null,"source":"openstreetmap"},"geometry":{"type":"LineString","coordinates":[[24.1328144,45.7987775],[24.1331395,45.799029],[24.1333706,45.7992106],[24.1337522,45.7995121],[24.1343934,45.8000368],[24.1349232,45.800472],[24.1353735,45.8008438]]}},{"type":"Feature","properties":{"osm_id":630289897,"name":"Strada Luptei","highway":"residential","name_ro":null,"source":"openstreetmap"},"geometry":{"type":"LineString","coordinates":[[24.1580437,45.780586],[24.1581195,45.7807169]]}},{"type":"Feature","properties":{"osm_id":631435435,"name":"Strada Gârlei","highway":"residential","name_ro":null,"source":"openstreetmap"},"geometry":{"type":"LineString","coordinates":[[24.1367851,45.7890322],[24.1366143,45.7890191]]}},{"type":"Feature","properties":{"osm_id":631978442,"name":"Strada Negoi","highway":"living_street","name_ro":null,"source":"openstreetmap"},"geometry":{"type":"LineString","coordinates":[[24.1643741,45.7870567],[24.1643623,45.7870192],[24.1641649,45.7863835]]}},{"type":"Feature","properties":{"osm_id":632042555,"name":"Strada Dealului","highway":"residential","name_ro":null,"source":"openstreetmap"},"geometry":{"type":"LineString","coordinates":[[24.1409783,45.7902102],[24.1404649,45.7904962],[24.1404069,45.790506],[24.1403426,45.7904892]]}},{"type":"Feature","properties":{"osm_id":632422011,"name":"Strada Moldovei","highway":"tertiary","name_ro":null,"source":"openstreetmap"},"geometry":{"type":"LineString","coordinates":[[24.1373878,45.7852201],[24.1374352,45.7854594],[24.1374612,45.785629],[24.1374782,45.7857893],[24.1375021,45.7860716],[24.1375268,45.7864149],[24.1375534,45.7868342],[24.137558,45.786891],[24.1375876,45.7873787],[24.137607,45.7874682],[24.137641,45.7875498],[24.1376899,45.7876263],[24.1377361,45.7876843],[24.1380751,45.7880837],[24.1383746,45.78842],[24.1386767,45.7888222],[24.1387888,45.7889952],[24.138914,45.789231],[24.1389707,45.7893655],[24.1390863,45.7896136],[24.139143,45.7897053],[24.1392129,45.7897969],[24.1395853,45.7901893],[24.1396759,45.7902822]]}},{"type":"Feature","properties":{"osm_id":636607174,"name":"Strada Mircea Alifanti","highway":"residential","name_ro":null,"source":"openstreetmap"},"geometry":{"type":"LineString","coordinates":[[24.1482195,45.7686174],[24.1470977,45.7684101],[24.1470596,45.7683905],[24.1470341,45.7683671]]}},{"type":"Feature","properties":{"osm_id":636607757,"name":"Strada Henrieta Delavrancea","highway":"residential","name_ro":null,"source":"openstreetmap"},"geometry":{"type":"LineString","coordinates":[[24.1484677,45.7629373],[24.1513826,45.7634994]]}},{"type":"Feature","properties":{"osm_id":636607758,"name":"Strada Ion Mincu","highway":"residential","name_ro":null,"source":"openstreetmap"},"geometry":{"type":"LineString","coordinates":[[24.1479693,45.7591133],[24.1479799,45.7591962],[24.1480354,45.7596298]]}},{"type":"Feature","properties":{"osm_id":636607759,"name":"Strada George Cristinel","highway":"residential","name_ro":null,"source":"openstreetmap"},"geometry":{"type":"LineString","coordinates":[[24.1480354,45.7596298],[24.1483003,45.7596762],[24.1488242,45.7597746],[24.1495562,45.7599119],[24.1498739,45.7599745],[24.1517545,45.7603214]]}},{"type":"Feature","properties":{"osm_id":636607760,"name":"Strada Ion Mincu","highway":"residential","name_ro":null,"source":"openstreetmap"},"geometry":{"type":"LineString","coordinates":[[24.1480435,45.7596927],[24.1480354,45.7596298]]}},{"type":"Feature","properties":{"osm_id":636608331,"name":"Strada Octav Doicescu","highway":"residential","name_ro":null,"source":"openstreetmap"},"geometry":{"type":"LineString","coordinates":[[24.1482177,45.7610539],[24.1480839,45.7610262],[24.1452981,45.7604503]]}},{"type":"Feature","properties":{"osm_id":636608592,"name":"Strada Nicolae Porumbescu","highway":"residential","name_ro":null,"source":"openstreetmap"},"geometry":{"type":"LineString","coordinates":[[24.1478982,45.7585579],[24.1499405,45.7592428],[24.1518202,45.7598585]]}},{"type":"Feature","properties":{"osm_id":636781577,"name":"Strada Charles Darwin","highway":"residential","name_ro":null,"source":"openstreetmap"},"geometry":{"type":"LineString","coordinates":[[24.1371457,45.7942748],[24.137132,45.7942132],[24.1371297,45.7941856],[24.1371384,45.794142],[24.1373616,45.7936788]]}},{"type":"Feature","properties":{"osm_id":636781578,"name":"Strada Lânii","highway":"residential","name_ro":null,"source":"openstreetmap"},"geometry":{"type":"LineString","coordinates":[[24.1353013,45.793873],[24.1353086,45.7938975],[24.1353355,45.7939144],[24.1353799,45.7939263],[24.1369715,45.7942425],[24.1371457,45.7942748]]}},{"type":"Feature","properties":{"osm_id":636783015,"name":"Strada Onisifor Ghibu","highway":"residential","name_ro":null,"source":"openstreetmap"},"geometry":{"type":"LineString","coordinates":[[24.1401201,45.7930164],[24.1395705,45.7931964],[24.1388534,45.7934314],[24.1386302,45.7934959],[24.1384783,45.7935302],[24.1375103,45.7936688],[24.1373616,45.7936788]]}},{"type":"Feature","properties":{"osm_id":636783016,"name":"Strada Charles Darwin","highway":"residential","name_ro":null,"source":"openstreetmap"},"geometry":{"type":"LineString","coordinates":[[24.1373616,45.7936788],[24.1373701,45.7936474],[24.1373679,45.7936159],[24.1373428,45.7935712],[24.1369454,45.7930446],[24.1369251,45.7930255],[24.1368929,45.7930064],[24.1368483,45.7929862],[24.136388,45.7928328]]}},{"type":"Feature","properties":{"osm_id":636790154,"name":"Strada Partenie Cosma","highway":"residential","name_ro":null,"source":"openstreetmap"},"geometry":{"type":"LineString","coordinates":[[24.1328144,45.7987775],[24.1338818,45.7981523],[24.1339245,45.7981396],[24.1339631,45.7981425],[24.134005,45.7981519],[24.1342331,45.7983656],[24.1348071,45.7989009],[24.1344234,45.7991252],[24.1341031,45.7993113],[24.1337522,45.7995121]]}},{"type":"Feature","properties":{"osm_id":641890673,"name":"Strada Anton Pann","highway":"residential","name_ro":null,"source":"openstreetmap"},"geometry":{"type":"LineString","coordinates":[[24.1475346,45.7784848],[24.1453063,45.7792493],[24.1452361,45.7792796]]}},{"type":"Feature","properties":{"osm_id":660414093,"name":"Calea Poplăcii","highway":"secondary","name_ro":null,"source":"openstreetmap"},"geometry":{"type":"LineString","coordinates":[[24.1110042,45.7585373],[24.1095509,45.7580874],[24.1076739,45.757558],[24.1074485,45.7575104],[24.1072554,45.7574778],[24.1070337,45.7574707],[24.106812,45.757486],[24.1066133,45.7575239],[24.105032,45.7578489],[24.1047197,45.7578826],[24.1044482,45.7578752],[24.1041526,45.7578303],[24.1015412,45.7573485],[24.1000571,45.757072],[24.0997759,45.757033],[24.0994598,45.7569958],[24.0985111,45.7568973],[24.09832,45.7568631],[24.0981976,45.7568198],[24.0980725,45.7567559],[24.0968779,45.7560002],[24.0966635,45.7559025],[24.096433,45.7558236],[24.0957167,45.75564],[24.0949234,45.7554675],[24.091221,45.754688],[24.0909111,45.7546191],[24.090593,45.7545388],[24.089434,45.75418],[24.071461,45.74833],[24.070529,45.7479954],[24.0693013,45.7475545],[24.0654755,45.7461807],[24.0641195,45.7457069],[24.0638016,45.7455719],[24.0635749,45.7454438],[24.0634332,45.7453408],[24.0632898,45.7452147],[24.0628781,45.7447892],[24.0622922,45.7442126],[24.061878,45.7438306],[24.0616853,45.7436448],[24.0616217,45.7435922],[24.0612856,45.7433145],[24.06097,45.7431044],[24.0607613,45.7429655],[24.0600369,45.7424201],[24.0599195,45.7423136],[24.0598362,45.74223],[24.0594823,45.741803],[24.0593899,45.7416782],[24.0593221,45.7415592],[24.0592839,45.7414458],[24.0592351,45.7412573],[24.0590628,45.7401349],[24.0589185,45.7389634],[24.0588527,45.7386597],[24.0585974,45.7377925],[24.0585701,45.7377233],[24.0585264,45.7376513],[24.0584593,45.7375764],[24.0583758,45.7375044],[24.0580651,45.7372979],[24.0579471,45.7372142],[24.0578455,45.7371191],[24.0574703,45.7366014],[24.0574118,45.7365416],[24.057337,45.7364761],[24.0572602,45.7364323],[24.0571178,45.7363827],[24.0567611,45.7362637],[24.0566145,45.7361964],[24.0564706,45.7361027]]}},{"type":"Feature","properties":{"osm_id":675149328,"name":"Strada Ion D. Trăjenescu","highway":"residential","name_ro":null,"source":"openstreetmap"},"geometry":{"type":"LineString","coordinates":[[24.149171,45.755708],[24.1498803,45.7548331],[24.1499193,45.7547877],[24.1499549,45.7547806],[24.1499957,45.7547891]]}},{"type":"Feature","properties":{"osm_id":676025301,"name":"Strada 1 Decembrie","highway":"residential","name_ro":null,"source":"openstreetmap"},"geometry":{"type":"LineString","coordinates":[[24.2026118,45.7643638],[24.202563,45.7644113],[24.2025265,45.7644673],[24.2022886,45.7649617],[24.2022304,45.7650597],[24.2021612,45.7651394],[24.2021311,45.7651697],[24.2020351,45.7652526],[24.201558,45.7655721],[24.2013324,45.765711],[24.1999554,45.7663662]]}},{"type":"Feature","properties":{"osm_id":679293923,"name":"Strada Colinei","highway":"service","name_ro":null,"source":"openstreetmap"},"geometry":{"type":"LineString","coordinates":[[24.121413,45.7731756],[24.1211727,45.7733229],[24.1211593,45.7733434],[24.121162,45.7733715],[24.1213711,45.7735544]]}},{"type":"Feature","properties":{"osm_id":679293926,"name":"Strada Cooperatorilor","highway":"service","name_ro":null,"source":"openstreetmap"},"geometry":{"type":"LineString","coordinates":[[24.1201127,45.787407],[24.1197645,45.7875991],[24.1188961,45.7880551]]}},{"type":"Feature","properties":{"osm_id":679293929,"name":"Șoseaua Alba Iulia","highway":"primary","name_ro":null,"source":"openstreetmap"},"geometry":{"type":"LineString","coordinates":[[24.109645,45.7926489],[24.1095135,45.7925937],[24.1093981,45.7925544],[24.1092507,45.7925156],[24.1087903,45.7924092]]}},{"type":"Feature","properties":{"osm_id":679293932,"name":"Șoseaua Alba Iulia","highway":"primary","name_ro":null,"source":"openstreetmap"},"geometry":{"type":"LineString","coordinates":[[24.1108482,45.7926856],[24.1105332,45.7926637],[24.1104381,45.7926571],[24.1104119,45.7926554],[24.1102559,45.7926467],[24.1101584,45.7926462],[24.1100948,45.7926512],[24.1099875,45.792676]]}},{"type":"Feature","properties":{"osm_id":679293934,"name":"Șoseaua Alba Iulia","highway":"primary","name_ro":null,"source":"openstreetmap"},"geometry":{"type":"LineString","coordinates":[[24.1087903,45.7924092],[24.10927,45.7924565],[24.1094212,45.7924687],[24.109558,45.7924779],[24.1097153,45.7924807]]}},{"type":"Feature","properties":{"osm_id":679293935,"name":"Șoseaua Alba Iulia","highway":"primary","name_ro":null,"source":"openstreetmap"},"geometry":{"type":"LineString","coordinates":[[24.1099903,45.7925161],[24.11011,45.7925471],[24.11024,45.7925705],[24.1104117,45.7925985],[24.1105437,45.7926248],[24.1108482,45.7926856]]}},{"type":"Feature","properties":{"osm_id":680126645,"name":"Strada Sergiu Celibidache","highway":"unclassified","name_ro":null,"source":"openstreetmap"},"geometry":{"type":"LineString","coordinates":[[24.1734255,45.8094215],[24.1735591,45.8096636],[24.1740158,45.8106118]]}},{"type":"Feature","properties":{"osm_id":680126646,"name":"Strada Căprioarelor","highway":"unclassified","name_ro":null,"source":"openstreetmap"},"geometry":{"type":"LineString","coordinates":[[24.1544148,45.8111811],[24.1543478,45.811197],[24.1543342,45.8112038],[24.154302,45.8112347],[24.1540443,45.8120913],[24.1539506,45.812458]]}},{"type":"Feature","properties":{"osm_id":680126654,"name":"Strada Târgul Fânului","highway":"primary","name_ro":null,"source":"openstreetmap"},"geometry":{"type":"LineString","coordinates":[[24.1516425,45.8039255],[24.1515953,45.8036506],[24.1515536,45.8034461],[24.1514586,45.8030718],[24.1513227,45.8026173],[24.151305,45.8025597],[24.1512926,45.8025125],[24.1512895,45.8024713],[24.1512907,45.8024344]]}},{"type":"Feature","properties":{"osm_id":680126659,"name":"Strada Târgul Fânului","highway":"primary","name_ro":null,"source":"openstreetmap"},"geometry":{"type":"LineString","coordinates":[[24.1516999,45.8044777],[24.1516986,45.8043753],[24.1516962,45.8043],[24.1516858,45.8042184],[24.1516425,45.8039255]]}},{"type":"Feature","properties":{"osm_id":680126664,"name":"Strada Deventer","highway":"residential","name_ro":null,"source":"openstreetmap"},"geometry":{"type":"LineString","coordinates":[[24.1262313,45.8155138],[24.1262432,45.8154762],[24.1262863,45.8154419],[24.1266095,45.8153173]]}},{"type":"Feature","properties":{"osm_id":681579563,"name":"Strada General Magheru","highway":"residential","name_ro":null,"source":"openstreetmap"},"geometry":{"type":"LineString","coordinates":[[24.1531103,45.796764],[24.1530558,45.7967415]]}},{"type":"Feature","properties":{"osm_id":682004456,"name":"Strada Mircea Alifanti","highway":"residential","name_ro":null,"source":"openstreetmap"},"geometry":{"type":"LineString","coordinates":[[24.1504484,45.7690517],[24.1490652,45.7687831]]}},{"type":"Feature","properties":{"osm_id":682004459,"name":"Strada Nicolae Beldiceanu","highway":"service","name_ro":null,"source":"openstreetmap"},"geometry":{"type":"LineString","coordinates":[[24.1294956,45.7808534],[24.1294125,45.7809114],[24.1293642,45.7809161],[24.129332,45.7809105],[24.1289906,45.7807002]]}},{"type":"Feature","properties":{"osm_id":682020055,"name":"Strada Doamna Stanca","highway":"residential","name_ro":null,"source":"openstreetmap"},"geometry":{"type":"LineString","coordinates":[[24.1610032,45.77532],[24.161066,45.7753346],[24.1611222,45.7753455],[24.1611787,45.7753479]]}},{"type":"Feature","properties":{"osm_id":682020056,"name":"Strada Doamna Stanca","highway":"residential","name_ro":null,"source":"openstreetmap"},"geometry":{"type":"LineString","coordinates":[[24.1611014,45.7754285],[24.1610793,45.7753966],[24.1610532,45.7753638],[24.1610032,45.77532]]}},{"type":"Feature","properties":{"osm_id":682020057,"name":"Strada Doamna Stanca","highway":"tertiary","name_ro":null,"source":"openstreetmap"},"geometry":{"type":"LineString","coordinates":[[24.1616823,45.7756553],[24.161664,45.7756498],[24.1616249,45.7756409],[24.1615836,45.7756314],[24.1615355,45.7756232],[24.1614505,45.7756116]]}},{"type":"Feature","properties":{"osm_id":682020058,"name":"Strada Doamna Stanca","highway":"tertiary","name_ro":null,"source":"openstreetmap"},"geometry":{"type":"LineString","coordinates":[[24.1615413,45.7755354],[24.1615484,45.7755451],[24.1615988,45.7755942],[24.16163,45.7756175],[24.1616456,45.7756266],[24.1616823,45.7756553]]}},{"type":"Feature","properties":{"osm_id":682317883,"name":"Strada Sibiului","highway":"primary","name_ro":null,"source":"openstreetmap"},"geometry":{"type":"LineString","coordinates":[[24.1841892,45.7677016],[24.1845831,45.7674474]]}},{"type":"Feature","properties":{"osm_id":682320739,"name":"Strada Mihai Viteazul","highway":"secondary","name_ro":null,"source":"openstreetmap"},"geometry":{"type":"LineString","coordinates":[[24.1981035,45.7589962],[24.1980991,45.7590769],[24.19791,45.7597288],[24.1978188,45.7600271],[24.1976394,45.7606155],[24.1975694,45.7608451],[24.1975444,45.7609223],[24.1974384,45.7612524],[24.1973742,45.7614659],[24.1973292,45.7616162],[24.1972783,45.7617785],[24.1972288,45.7619362],[24.197165,45.7621426],[24.1971457,45.7622011],[24.1970022,45.7626501],[24.1969748,45.7627354],[24.1968578,45.7630988],[24.19683,45.7631833],[24.196725,45.7635027],[24.1965988,45.7638772],[24.1964861,45.7642042],[24.1964579,45.7642875],[24.1964093,45.7644325],[24.1962356,45.7649665],[24.1961702,45.7651685],[24.1961348,45.7652874],[24.1960707,45.7654919]]}},{"type":"Feature","properties":{"osm_id":682499590,"name":"Aleea Haiducului","highway":"service","name_ro":null,"source":"openstreetmap"},"geometry":{"type":"LineString","coordinates":[[24.1566014,45.7816185],[24.1569541,45.7813149],[24.1569922,45.7812948],[24.1570405,45.7813005]]}},{"type":"Feature","properties":{"osm_id":682499596,"name":"Strada Someșului","highway":"residential","name_ro":null,"source":"openstreetmap"},"geometry":{"type":"LineString","coordinates":[[24.1474952,45.7869542],[24.1474444,45.7870648],[24.1474348,45.7871518],[24.1474382,45.7872501],[24.1474497,45.7873338],[24.1474804,45.7874417]]}},{"type":"Feature","properties":{"osm_id":682504594,"name":"Strada Mihai Viteazul","highway":"secondary","name_ro":null,"source":"openstreetmap"},"geometry":{"type":"LineString","coordinates":[[24.1981035,45.7589962],[24.1980165,45.7588812],[24.1979685,45.7588291],[24.1979052,45.7587771],[24.1978148,45.7587162]]}},{"type":"Feature","properties":{"osm_id":682504600,"name":"Strada Mihai Viteazul","highway":"secondary","name_ro":null,"source":"openstreetmap"},"geometry":{"type":"LineString","coordinates":[[24.1980368,45.7587598],[24.1980676,45.7588143],[24.1980888,45.7588621],[24.1980997,45.7589222],[24.1981035,45.7589962]]}},{"type":"Feature","properties":{"osm_id":682538519,"name":"Strada Oașa","highway":"service","name_ro":null,"source":"openstreetmap"},"geometry":{"type":"LineString","coordinates":[[24.1708137,45.7840957],[24.1707424,45.7841585],[24.1705615,45.7843236]]}},{"type":"Feature","properties":{"osm_id":682538521,"name":"Aleea Șelimbăr","highway":"service","name_ro":null,"source":"openstreetmap"},"geometry":{"type":"LineString","coordinates":[[24.1598948,45.7785596],[24.1603331,45.7785916],[24.1604378,45.7785775],[24.1607029,45.7786166],[24.1609986,45.7786575],[24.1611608,45.7787306],[24.1612417,45.7788041],[24.1617016,45.7790649]]}},{"type":"Feature","properties":{"osm_id":682538524,"name":"Strada Litovoi Vodă","highway":"residential","name_ro":null,"source":"openstreetmap"},"geometry":{"type":"LineString","coordinates":[[24.1301578,45.7781579],[24.1302399,45.7782448],[24.1303472,45.7783702],[24.1314341,45.7797474],[24.1314598,45.7797995],[24.1314695,45.7798429],[24.1314711,45.7798821],[24.1314636,45.7799241]]}},{"type":"Feature","properties":{"osm_id":682543581,"name":"Piața Mică","highway":"residential","name_ro":null,"source":"openstreetmap"},"geometry":{"type":"LineString","coordinates":[[24.1516528,45.7978878],[24.1517546,45.7978078]]}},{"type":"Feature","properties":{"osm_id":682547235,"name":"Strada Seviș","highway":"residential","name_ro":null,"source":"openstreetmap"},"geometry":{"type":"LineString","coordinates":[[24.1901465,45.7671919],[24.1902316,45.767189],[24.1902903,45.7671817],[24.1903653,45.7671582],[24.1904623,45.7671093],[24.1906711,45.7669941],[24.1910855,45.7667629],[24.1913038,45.7666698],[24.1914555,45.7666261],[24.1916071,45.7665979],[24.1917425,45.7665725],[24.1920275,45.7665246],[24.1923894,45.7664667],[24.1927816,45.7663807],[24.1931191,45.7662961],[24.1931838,45.7662637],[24.1932202,45.7662087],[24.1932283,45.7661537],[24.1932647,45.7661043],[24.193328,45.7660712],[24.1940873,45.7658596],[24.1960575,45.7653097],[24.1961348,45.7652874]]}},{"type":"Feature","properties":{"osm_id":682553113,"name":"Strada Școala de tenis","highway":"residential","name_ro":null,"source":"openstreetmap"},"geometry":{"type":"LineString","coordinates":[[24.14359,45.7520754],[24.1436593,45.7520974],[24.1437603,45.752135],[24.1442665,45.7523512],[24.145326,45.7527997],[24.1466645,45.753363],[24.1470687,45.7535207],[24.1475094,45.7536805],[24.1491752,45.7542329],[24.1492535,45.7542708]]}},{"type":"Feature","properties":{"osm_id":682553685,"name":"Strada Morii","highway":"residential","name_ro":null,"source":"openstreetmap"},"geometry":{"type":"LineString","coordinates":[[24.1852038,45.7680471],[24.185818,45.7682068],[24.1858824,45.7682302],[24.1859306,45.7682704],[24.1863872,45.768942]]}},{"type":"Feature","properties":{"osm_id":682553690,"name":"Strada Gării","highway":"residential","name_ro":null,"source":"openstreetmap"},"geometry":{"type":"LineString","coordinates":[[24.198757,45.7695614],[24.1988669,45.7694501],[24.1989622,45.7693884],[24.1991526,45.7692854],[24.1992974,45.7691956],[24.1994114,45.7691021],[24.1994838,45.7690057],[24.1995348,45.7689178],[24.1996273,45.7688402],[24.19985,45.7686194],[24.1999546,45.768494],[24.2001075,45.7683631],[24.2003006,45.7682078],[24.2004159,45.7681011],[24.200495,45.7680319],[24.2005514,45.7679524],[24.2005778,45.7678672]]}},{"type":"Feature","properties":{"osm_id":682553691,"name":"Strada Gării","highway":"service","name_ro":null,"source":"openstreetmap"},"geometry":{"type":"LineString","coordinates":[[24.1993108,45.7683724],[24.199571,45.7682732],[24.199748,45.768219],[24.199917,45.7681965],[24.2000251,45.7682091]]}},{"type":"Feature","properties":{"osm_id":682566422,"name":"Șoseaua Sibiului","highway":"primary","name_ro":null,"source":"openstreetmap"},"geometry":{"type":"LineString","coordinates":[[24.1695969,45.7794684],[24.1697127,45.7794196],[24.1697938,45.7793714],[24.1698617,45.7793142]]}},{"type":"Feature","properties":{"osm_id":682566425,"name":"Șoseaua Sibiului","highway":"primary","name_ro":null,"source":"openstreetmap"},"geometry":{"type":"LineString","coordinates":[[24.1704955,45.7788581],[24.1704207,45.7789356],[24.1703423,45.779016],[24.1701464,45.7792102],[24.1699457,45.7793973],[24.1698685,45.7794624],[24.1698254,45.7795062],[24.1697813,45.7795631]]}},{"type":"Feature","properties":{"osm_id":682731600,"name":"Strada Ion Mincu","highway":"residential","name_ro":null,"source":"openstreetmap"},"geometry":{"type":"LineString","coordinates":[[24.1478982,45.7585579],[24.1479693,45.7591133]]}},{"type":"Feature","properties":{"osm_id":682736495,"name":"Strada Abatorului","highway":"unclassified","name_ro":null,"source":"openstreetmap"},"geometry":{"type":"LineString","coordinates":[[24.1568908,45.8017499],[24.1568965,45.8019213],[24.1568978,45.8019954]]}},{"type":"Feature","properties":{"osm_id":682742470,"name":"Șoseaua Sibiului","highway":"primary","name_ro":null,"source":"openstreetmap"},"geometry":{"type":"LineString","coordinates":[[24.1678291,45.7811868],[24.1679209,45.7810601],[24.1679599,45.7810212],[24.1682877,45.7807456],[24.168373,45.7806797]]}},{"type":"Feature","properties":{"osm_id":682742471,"name":"Șoseaua Sibiului","highway":"primary","name_ro":null,"source":"openstreetmap"},"geometry":{"type":"LineString","coordinates":[[24.1696179,45.7797532],[24.169539,45.779801],[24.1694684,45.7798651],[24.1693583,45.7799833],[24.1692874,45.7800587],[24.1692212,45.780129]]}},{"type":"Feature","properties":{"osm_id":682742475,"name":"Strada Doamna Stanca","highway":"tertiary","name_ro":null,"source":"openstreetmap"},"geometry":{"type":"LineString","coordinates":[[24.1691411,45.7794898],[24.1691022,45.7794647],[24.1690713,45.7794383]]}},{"type":"Feature","properties":{"osm_id":682742476,"name":"Strada Doamna Stanca","highway":"tertiary","name_ro":null,"source":"openstreetmap"},"geometry":{"type":"LineString","coordinates":[[24.1690713,45.7794383],[24.1691178,45.7794444],[24.169158,45.7794527],[24.1692432,45.7794732],[24.1692696,45.7794776],[24.1693155,45.7794854],[24.1693814,45.7794912],[24.1694688,45.7794948]]}},{"type":"Feature","properties":{"osm_id":682754676,"name":"Strada Corneliu Babă","highway":"residential","name_ro":null,"source":"openstreetmap"},"geometry":{"type":"LineString","coordinates":[[24.1833224,45.7737606],[24.1832605,45.7735119]]}},{"type":"Feature","properties":{"osm_id":682754678,"name":"Strada Orizontului","highway":"residential","name_ro":null,"source":"openstreetmap"},"geometry":{"type":"LineString","coordinates":[[24.1902462,45.7734352],[24.1902476,45.7734639],[24.1905882,45.7752996]]}},{"type":"Feature","properties":{"osm_id":682754680,"name":"Strada Octavian Goga","highway":"service","name_ro":null,"source":"openstreetmap"},"geometry":{"type":"LineString","coordinates":[[24.179797,45.7850097],[24.1795203,45.785142]]}},{"type":"Feature","properties":{"osm_id":682754685,"name":"Strada Armand Călinescu","highway":"residential","name_ro":null,"source":"openstreetmap"},"geometry":{"type":"LineString","coordinates":[[24.1867458,45.7755556],[24.1871628,45.7755973],[24.187433,45.7756325],[24.1879454,45.7756993],[24.1895527,45.7758856],[24.1906828,45.7760232]]}},{"type":"Feature","properties":{"osm_id":682780881,"name":"Strada Negovanu","highway":"residential","name_ro":null,"source":"openstreetmap"},"geometry":{"type":"LineString","coordinates":[[24.1750723,45.785944],[24.1749441,45.7860674],[24.174926,45.7860843],[24.1748443,45.7861419]]}},{"type":"Feature","properties":{"osm_id":682780893,"name":"Aleea Valea Frumoasei","highway":"residential","name_ro":null,"source":"openstreetmap"},"geometry":{"type":"LineString","coordinates":[[24.1697947,45.7831269],[24.1700272,45.7829052],[24.1703341,45.7826124]]}},{"type":"Feature","properties":{"osm_id":682781646,"name":"Calea Cisnădiei","highway":"secondary","name_ro":null,"source":"openstreetmap"},"geometry":{"type":"LineString","coordinates":[[24.1479212,45.7716137],[24.1480699,45.7719033]]}},{"type":"Feature","properties":{"osm_id":682787844,"name":"Strada Râului","highway":"primary","name_ro":null,"source":"openstreetmap"},"geometry":{"type":"LineString","coordinates":[[24.1515311,45.8052911],[24.1514674,45.8052547],[24.1514382,45.8052395],[24.1513167,45.8051815]]}},{"type":"Feature","properties":{"osm_id":682787845,"name":"Strada Râului","highway":"primary","name_ro":null,"source":"openstreetmap"},"geometry":{"type":"LineString","coordinates":[[24.1513167,45.8051815],[24.1514509,45.8051818],[24.1515326,45.8051739],[24.1516012,45.8051636]]}},{"type":"Feature","properties":{"osm_id":682787846,"name":"Strada Rusciorului","highway":"primary","name_ro":null,"source":"openstreetmap"},"geometry":{"type":"LineString","coordinates":[[24.151838,45.8057196],[24.151779,45.805584],[24.1517415,45.8055169],[24.151681,45.8054406],[24.1516359,45.8053878]]}},{"type":"Feature","properties":{"osm_id":682787847,"name":"Strada Rusciorului","highway":"primary","name_ro":null,"source":"openstreetmap"},"geometry":{"type":"LineString","coordinates":[[24.1518978,45.8053138],[24.1518924,45.8054783],[24.1518735,45.8056307],[24.151838,45.8057196]]}},{"type":"Feature","properties":{"osm_id":682787848,"name":"Strada Rusciorului","highway":"primary","name_ro":null,"source":"openstreetmap"},"geometry":{"type":"LineString","coordinates":[[24.1517085,45.8051356],[24.1517329,45.8050888]]}},{"type":"Feature","properties":{"osm_id":682787849,"name":"Strada Rusciorului","highway":"primary","name_ro":null,"source":"openstreetmap"},"geometry":{"type":"LineString","coordinates":[[24.1517164,45.8046891],[24.1517156,45.8046632],[24.1517095,45.8046316]]}},{"type":"Feature","properties":{"osm_id":682787850,"name":"Strada Rusciorului","highway":"primary","name_ro":null,"source":"openstreetmap"},"geometry":{"type":"LineString","coordinates":[[24.1517329,45.8050888],[24.1517489,45.8050354],[24.1517579,45.8049825],[24.1517372,45.8048069],[24.1517164,45.8046891]]}},{"type":"Feature","properties":{"osm_id":682787851,"name":"Strada Măgheranului","highway":"residential","name_ro":null,"source":"openstreetmap"},"geometry":{"type":"LineString","coordinates":[[24.1324836,45.8024508],[24.1325296,45.8025268],[24.13351,45.804338],[24.1335575,45.8044218]]}},{"type":"Feature","properties":{"osm_id":682789243,"name":"Strada Iezer","highway":"residential","name_ro":null,"source":"openstreetmap"},"geometry":{"type":"LineString","coordinates":[[24.1744258,45.7865351],[24.1746292,45.7863475],[24.1746849,45.7863039]]}},{"type":"Feature","properties":{"osm_id":682800418,"name":"Strada Ștefan cel Mare","highway":"service","name_ro":null,"source":"openstreetmap"},"geometry":{"type":"LineString","coordinates":[[24.1943925,45.7797915],[24.1951474,45.7791227],[24.1951795,45.7790868],[24.1952023,45.7790208],[24.1952606,45.7787598],[24.1952979,45.7786959],[24.1953468,45.7786365],[24.1957228,45.7783561]]}},{"type":"Feature","properties":{"osm_id":682950666,"name":"Calea Șurii Mari","highway":"primary","name_ro":null,"source":"openstreetmap"},"geometry":{"type":"LineString","coordinates":[[24.1489628,45.8150297],[24.1489892,45.814919]]}},{"type":"Feature","properties":{"osm_id":682950667,"name":"Calea Șurii Mari","highway":"primary","name_ro":null,"source":"openstreetmap"},"geometry":{"type":"LineString","coordinates":[[24.1490442,45.8147512],[24.1490429,45.8148647],[24.1490462,45.8149204],[24.1490543,45.8149855],[24.1490596,45.8150273]]}},{"type":"Feature","properties":{"osm_id":682950668,"name":"Calea Șurii Mari","highway":"primary","name_ro":null,"source":"openstreetmap"},"geometry":{"type":"LineString","coordinates":[[24.1490645,45.8151512],[24.1490694,45.8153459],[24.1490704,45.8154214]]}},{"type":"Feature","properties":{"osm_id":682950671,"name":"Calea Șurii Mari","highway":"primary","name_ro":null,"source":"openstreetmap"},"geometry":{"type":"LineString","coordinates":[[24.1490704,45.8154214],[24.1490382,45.8153475],[24.1489747,45.8151959],[24.148954,45.8151466]]}},{"type":"Feature","properties":{"osm_id":682950676,"name":"Calea Șurii Mici","highway":"secondary","name_ro":null,"source":"openstreetmap"},"geometry":{"type":"LineString","coordinates":[[24.133881,45.8017346],[24.1336906,45.8018173]]}},{"type":"Feature","properties":{"osm_id":682950680,"name":"Calea Șurii Mici","highway":"secondary","name_ro":null,"source":"openstreetmap"},"geometry":{"type":"LineString","coordinates":[[24.1336906,45.8018173],[24.1337664,45.8017309],[24.1337992,45.8016935]]}},{"type":"Feature","properties":{"osm_id":682950683,"name":"Calea Turnișorului","highway":"tertiary","name_ro":null,"source":"openstreetmap"},"geometry":{"type":"LineString","coordinates":[[24.1335699,45.8015439],[24.1337462,45.8015653],[24.1338368,45.8015763]]}},{"type":"Feature","properties":{"osm_id":682950687,"name":"Calea Turnișorului","highway":"tertiary","name_ro":null,"source":"openstreetmap"},"geometry":{"type":"LineString","coordinates":[[24.1337817,45.8016466],[24.1335699,45.8015439]]}},{"type":"Feature","properties":{"osm_id":682950690,"name":"Strada Mihail Kogălniceanu","highway":"secondary","name_ro":null,"source":"openstreetmap"},"geometry":{"type":"LineString","coordinates":[[24.1339735,45.8015741],[24.1343055,45.8014967]]}},{"type":"Feature","properties":{"osm_id":682950692,"name":"Strada Mihail Kogălniceanu","highway":"secondary","name_ro":null,"source":"openstreetmap"},"geometry":{"type":"LineString","coordinates":[[24.1343055,45.8014967],[24.1341984,45.801556],[24.134105,45.8016077],[24.1340333,45.8016494]]}},{"type":"Feature","properties":{"osm_id":682950694,"name":"Strada Lungă","highway":"primary","name_ro":null,"source":"openstreetmap"},"geometry":{"type":"LineString","coordinates":[[24.1435555,45.8011037],[24.143614,45.8010869],[24.1436503,45.8010683],[24.1436749,45.8010496],[24.1437375,45.8009984]]}},{"type":"Feature","properties":{"osm_id":682950696,"name":"Strada Lungă","highway":"primary","name_ro":null,"source":"openstreetmap"},"geometry":{"type":"LineString","coordinates":[[24.1437375,45.8009984],[24.1437817,45.8009428]]}},{"type":"Feature","properties":{"osm_id":682950700,"name":"Strada Lungă","highway":"primary","name_ro":null,"source":"openstreetmap"},"geometry":{"type":"LineString","coordinates":[[24.1436188,45.8012796],[24.1435893,45.8013816],[24.1435435,45.8015153]]}},{"type":"Feature","properties":{"osm_id":682950702,"name":"Strada Lungă","highway":"primary","name_ro":null,"source":"openstreetmap"},"geometry":{"type":"LineString","coordinates":[[24.1435435,45.8015153],[24.143519,45.8014465],[24.1434953,45.8013952],[24.1434686,45.8013552],[24.1434334,45.8013114]]}},{"type":"Feature","properties":{"osm_id":682962558,"name":"Bulevardul General Vasile Milea","highway":"primary","name_ro":null,"source":"openstreetmap"},"geometry":{"type":"LineString","coordinates":[[24.1505796,45.7890579],[24.1502651,45.789262],[24.1501948,45.7893075]]}},{"type":"Feature","properties":{"osm_id":682962559,"name":"Bulevardul General Vasile Milea","highway":"primary","name_ro":null,"source":"openstreetmap"},"geometry":{"type":"LineString","coordinates":[[24.1500919,45.7892274],[24.1505796,45.7890579]]}},{"type":"Feature","properties":{"osm_id":682962560,"name":"Calea Dumbrăvii","highway":"primary","name_ro":null,"source":"openstreetmap"},"geometry":{"type":"LineString","coordinates":[[24.1498913,45.7892498],[24.1499355,45.7889454]]}},{"type":"Feature","properties":{"osm_id":682962561,"name":"Calea Dumbrăvii","highway":"primary","name_ro":null,"source":"openstreetmap"},"geometry":{"type":"LineString","coordinates":[[24.1499355,45.7889454],[24.1500199,45.7891532],[24.1500459,45.7892179]]}},{"type":"Feature","properties":{"osm_id":682970571,"name":"Strada Lazaret","highway":"residential","name_ro":null,"source":"openstreetmap"},"geometry":{"type":"LineString","coordinates":[[24.1693723,45.8013327],[24.1695884,45.8013692],[24.1696765,45.8013841]]}},{"type":"Feature","properties":{"osm_id":682970572,"name":"Strada Lazaret","highway":"residential","name_ro":null,"source":"openstreetmap"},"geometry":{"type":"LineString","coordinates":[[24.1696765,45.8013841],[24.1695793,45.8013996],[24.1694804,45.8014153],[24.1693549,45.8014352]]}},{"type":"Feature","properties":{"osm_id":682970573,"name":"Calea Gușteriței","highway":"secondary","name_ro":null,"source":"openstreetmap"},"geometry":{"type":"LineString","coordinates":[[24.1689667,45.8012544],[24.1691069,45.801271],[24.1692227,45.8012848]]}},{"type":"Feature","properties":{"osm_id":682970574,"name":"Calea Gușteriței","highway":"secondary","name_ro":null,"source":"openstreetmap"},"geometry":{"type":"LineString","coordinates":[[24.1692653,45.8015719],[24.1692179,45.8015099],[24.1691694,45.8014464]]}},{"type":"Feature","properties":{"osm_id":682970575,"name":"Calea Gușteriței","highway":"secondary","name_ro":null,"source":"openstreetmap"},"geometry":{"type":"LineString","coordinates":[[24.169121,45.8013715],[24.1689667,45.8012544]]}},{"type":"Feature","properties":{"osm_id":682970576,"name":"Calea Gușteriței","highway":"secondary","name_ro":null,"source":"openstreetmap"},"geometry":{"type":"LineString","coordinates":[[24.1692943,45.8014632],[24.1692653,45.8015719]]}},{"type":"Feature","properties":{"osm_id":682997167,"name":"Strada Ștefan cel Mare","highway":"secondary","name_ro":null,"source":"openstreetmap"},"geometry":{"type":"LineString","coordinates":[[24.2033879,45.7897903],[24.2031456,45.7897556]]}},{"type":"Feature","properties":{"osm_id":682997172,"name":"Strada Ștefan cel Mare","highway":"secondary","name_ro":null,"source":"openstreetmap"},"geometry":{"type":"LineString","coordinates":[[24.2034143,45.7897941],[24.2033879,45.7897903]]}},{"type":"Feature","properties":{"osm_id":682997193,"name":"Strada Ștefan cel Mare","highway":"secondary","name_ro":null,"source":"openstreetmap"},"geometry":{"type":"LineString","coordinates":[[24.2014269,45.7894964],[24.199557,45.7892304]]}},{"type":"Feature","properties":{"osm_id":682997196,"name":"Strada Ștefan cel Mare","highway":"secondary","name_ro":null,"source":"openstreetmap"},"geometry":{"type":"LineString","coordinates":[[24.2051912,45.7900611],[24.2050964,45.7900515],[24.2050048,45.7900377],[24.2047751,45.7899963],[24.2044786,45.7899469]]}},{"type":"Feature","properties":{"osm_id":682997202,"name":"Strada Ștefan cel Mare","highway":"secondary","name_ro":null,"source":"openstreetmap"},"geometry":{"type":"LineString","coordinates":[[24.2035436,45.7897503],[24.2035872,45.7897565],[24.2039464,45.7898122],[24.2043248,45.7898812],[24.2047863,45.7899647],[24.2050136,45.7900124],[24.2051047,45.7900337],[24.2051912,45.7900611]]}},{"type":"Feature","properties":{"osm_id":682997214,"name":"Strada Ștefan cel Mare","highway":"secondary","name_ro":null,"source":"openstreetmap"},"geometry":{"type":"LineString","coordinates":[[24.195982,45.7887048],[24.1960089,45.7887082]]}},{"type":"Feature","properties":{"osm_id":682997215,"name":"Strada Ștefan cel Mare","highway":"secondary","name_ro":null,"source":"openstreetmap"},"geometry":{"type":"LineString","coordinates":[[24.1945534,45.7885949],[24.1946656,45.7885905],[24.1947853,45.7885905],[24.1949492,45.7886006],[24.1952378,45.7886224],[24.1955682,45.788656],[24.1958191,45.7886843],[24.195982,45.7887048]]}},{"type":"Feature","properties":{"osm_id":682997216,"name":"Strada Ștefan cel Mare","highway":"secondary","name_ro":null,"source":"openstreetmap"},"geometry":{"type":"LineString","coordinates":[[24.1986873,45.789107],[24.1981688,45.7890329]]}},{"type":"Feature","properties":{"osm_id":682997222,"name":"Strada Ștefan cel Mare","highway":"secondary","name_ro":null,"source":"openstreetmap"},"geometry":{"type":"LineString","coordinates":[[24.1960089,45.7887082],[24.1963192,45.7887473],[24.1967806,45.7888146],[24.1968363,45.7888227],[24.197219,45.7888781],[24.1976228,45.7889376],[24.1979439,45.7889853],[24.1980509,45.789006],[24.1981688,45.7890329]]}},{"type":"Feature","properties":{"osm_id":683258024,"name":"Strada Viilor","highway":"residential","name_ro":null,"source":"openstreetmap"},"geometry":{"type":"LineString","coordinates":[[24.1914604,45.8107902],[24.1915829,45.8106599],[24.1917331,45.8104655],[24.1920024,45.8101245],[24.1920883,45.810031],[24.1923887,45.8098104],[24.1933838,45.8090812]]}},{"type":"Feature","properties":{"osm_id":683258027,"name":"Strada Mălinului","highway":"pedestrian","name_ro":null,"source":"openstreetmap"},"geometry":{"type":"LineString","coordinates":[[24.1928847,45.813014],[24.1924184,45.813009],[24.1909225,45.812935],[24.1899514,45.8129177],[24.1896472,45.8129107],[24.1894012,45.8128811]]}},{"type":"Feature","properties":{"osm_id":683264129,"name":"Strada Cireșului","highway":"residential","name_ro":null,"source":"openstreetmap"},"geometry":{"type":"LineString","coordinates":[[24.1812799,45.8140965],[24.1813093,45.8142679],[24.1818765,45.8155504]]}},{"type":"Feature","properties":{"osm_id":683266750,"name":"Strada Solidarității","highway":"service","name_ro":null,"source":"openstreetmap"},"geometry":{"type":"LineString","coordinates":[[24.1751386,45.8034211],[24.1768314,45.804688]]}},{"type":"Feature","properties":{"osm_id":683266756,"name":"Centura Sibiului","highway":"motorway","name_ro":null,"source":"openstreetmap"},"geometry":{"type":"LineString","coordinates":[[24.1836269,45.8027512],[24.1848387,45.8021919]]}},{"type":"Feature","properties":{"osm_id":683542970,"name":"Strada Constantin Noica","highway":"secondary","name_ro":null,"source":"openstreetmap"},"geometry":{"type":"LineString","coordinates":[[24.1526409,45.790255],[24.1526042,45.7902398],[24.1525581,45.7902208],[24.1525168,45.7902037]]}},{"type":"Feature","properties":{"osm_id":684030190,"name":"Strada Regele Ferdinand","highway":"service","name_ro":null,"source":"openstreetmap"},"geometry":{"type":"LineString","coordinates":[[24.1626802,45.7726263],[24.1619705,45.772278],[24.1616298,45.7721049],[24.1614418,45.7720172],[24.1604623,45.7715604]]}},{"type":"Feature","properties":{"osm_id":686170283,"name":"Strada Nouă","highway":"residential","name_ro":null,"source":"openstreetmap"},"geometry":{"type":"LineString","coordinates":[[24.1547928,45.8014425],[24.1546163,45.8014349],[24.1543636,45.8014346],[24.1541565,45.801427],[24.1539554,45.8014088],[24.1537937,45.8013828],[24.1536338,45.801345],[24.1534912,45.8013062],[24.1533006,45.8012478],[24.1530492,45.8011601],[24.152736,45.8010408],[24.1526175,45.8009983],[24.1523022,45.800896]]}},{"type":"Feature","properties":{"osm_id":686330157,"name":"Centura Sibiului","highway":"motorway","name_ro":null,"source":"openstreetmap"},"geometry":{"type":"LineString","coordinates":[[24.1749008,45.8080872],[24.175317,45.8077367],[24.175715,45.8074042],[24.1762159,45.8070117],[24.1767254,45.806618],[24.1771418,45.8063079],[24.1774667,45.8060879],[24.1779099,45.8057795],[24.1781789,45.8055922],[24.1792286,45.8049567]]}},{"type":"Feature","properties":{"osm_id":687470277,"name":"Strada Rotarilor","highway":"residential","name_ro":null,"source":"openstreetmap"},"geometry":{"type":"LineString","coordinates":[[24.1555631,45.8014837],[24.1553397,45.8015941],[24.1547535,45.8018638]]}},{"type":"Feature","properties":{"osm_id":690269199,"name":"Strada Castorului","highway":"residential","name_ro":null,"source":"openstreetmap"},"geometry":{"type":"LineString","coordinates":[[24.1334304,45.8019875],[24.133765,45.8025805],[24.133782,45.8025964],[24.1338049,45.8026034],[24.1338435,45.802605],[24.1339856,45.8025687]]}},{"type":"Feature","properties":{"osm_id":707197789,"name":"Calea Șurii Mari","highway":"primary","name_ro":null,"source":"openstreetmap"},"geometry":{"type":"LineString","coordinates":[[24.1519078,45.8244796],[24.1521099,45.8248713],[24.1521348,45.8249195],[24.1521614,45.8249398]]}},{"type":"Feature","properties":{"osm_id":707197790,"name":"Calea Șurii Mari","highway":"primary","name_ro":null,"source":"openstreetmap"},"geometry":{"type":"LineString","coordinates":[[24.1519832,45.8249843],[24.1519934,45.8249014],[24.1519078,45.8244796]]}},{"type":"Feature","properties":{"osm_id":712023632,"name":"Șoseaua Alba Iulia","highway":"primary","name_ro":null,"source":"openstreetmap"},"geometry":{"type":"LineString","coordinates":[[24.0932854,45.7902535],[24.0932177,45.7902447],[24.0931634,45.7902377],[24.0928162,45.7901927],[24.0926384,45.7901696],[24.0913361,45.7899891]]}},{"type":"Feature","properties":{"osm_id":712023633,"name":"Șoseaua Alba Iulia","highway":"primary","name_ro":null,"source":"openstreetmap"},"geometry":{"type":"LineString","coordinates":[[24.0913361,45.7899891],[24.0909214,45.7899408]]}},{"type":"Feature","properties":{"osm_id":712271237,"name":"Șoseaua Sibiului","highway":"primary","name_ro":null,"source":"openstreetmap"},"geometry":{"type":"LineString","coordinates":[[24.1738568,45.7752542],[24.173565,45.7755345]]}},{"type":"Feature","properties":{"osm_id":712274568,"name":"Strada Semaforului","highway":"primary","name_ro":null,"source":"openstreetmap"},"geometry":{"type":"LineString","coordinates":[[24.1666582,45.7819218],[24.1668472,45.7819986],[24.1672042,45.7821781]]}},{"type":"Feature","properties":{"osm_id":712274569,"name":"Strada Rahovei","highway":"primary","name_ro":null,"source":"openstreetmap"},"geometry":{"type":"LineString","coordinates":[[24.1651111,45.7812951],[24.1653337,45.7813681],[24.1655426,45.7814586],[24.1658528,45.7816151],[24.1660508,45.7817098],[24.1660876,45.7817269]]}},{"type":"Feature","properties":{"osm_id":712287392,"name":"Piața Unirii","highway":"primary","name_ro":null,"source":"openstreetmap"},"geometry":{"type":"LineString","coordinates":[[24.1484746,45.7908373],[24.1485561,45.7907763],[24.1486538,45.7906859]]}},{"type":"Feature","properties":{"osm_id":712973316,"name":"Strada Ștefan cel Mare","highway":"primary","name_ro":null,"source":"openstreetmap"},"geometry":{"type":"LineString","coordinates":[[24.1649895,45.7899754],[24.1652014,45.7899622],[24.1654509,45.7899467]]}},{"type":"Feature","properties":{"osm_id":712973320,"name":"Strada Ștefan cel Mare","highway":"secondary","name_ro":null,"source":"openstreetmap"},"geometry":{"type":"LineString","coordinates":[[24.1641572,45.790028],[24.1640755,45.7900333],[24.1639777,45.7900395],[24.1637342,45.7900552]]}},{"type":"Feature","properties":{"osm_id":712973321,"name":"Strada Moldoveanu","highway":"primary","name_ro":null,"source":"openstreetmap"},"geometry":{"type":"LineString","coordinates":[[24.1636374,45.7886291],[24.1641439,45.7897214],[24.1642257,45.7898991],[24.1642519,45.7899572]]}},{"type":"Feature","properties":{"osm_id":712974024,"name":"Strada Constituției","highway":"primary","name_ro":null,"source":"openstreetmap"},"geometry":{"type":"LineString","coordinates":[[24.1581129,45.7978717],[24.1578385,45.7982936],[24.1575694,45.7987837]]}},{"type":"Feature","properties":{"osm_id":712978204,"name":"Strada Târgul Fânului","highway":"primary","name_ro":null,"source":"openstreetmap"},"geometry":{"type":"LineString","coordinates":[[24.1515784,45.8030844],[24.1516974,45.8036387],[24.1517202,45.8037472],[24.1517334,45.803812]]}},{"type":"Feature","properties":{"osm_id":712978206,"name":"Strada Ocnei","highway":"tertiary","name_ro":null,"source":"openstreetmap"},"geometry":{"type":"LineString","coordinates":[[24.1504504,45.8016765],[24.150456,45.8017127]]}},{"type":"Feature","properties":{"osm_id":712978208,"name":"Strada Nicolae Teclu","highway":"primary","name_ro":null,"source":"openstreetmap"},"geometry":{"type":"LineString","coordinates":[[24.1514286,45.8023417],[24.1518172,45.802421],[24.151909,45.8024343],[24.1519923,45.8024402],[24.1520726,45.8024424],[24.152169,45.8024428],[24.1522813,45.8024368],[24.1524676,45.8024221],[24.1527397,45.802397],[24.1528534,45.8023882]]}},{"type":"Feature","properties":{"osm_id":712988767,"name":"Strada Rusciorului","highway":"primary","name_ro":null,"source":"openstreetmap"},"geometry":{"type":"LineString","coordinates":[[24.1475856,45.8093606],[24.147323,45.8094418],[24.1472833,45.8094558],[24.1472299,45.8094797],[24.1471702,45.8095156]]}},{"type":"Feature","properties":{"osm_id":712992302,"name":"Strada Râului","highway":"primary","name_ro":null,"source":"openstreetmap"},"geometry":{"type":"LineString","coordinates":[[24.1450772,45.8017022],[24.1442202,45.8007036],[24.1441791,45.8006557],[24.1441114,45.8005768]]}},{"type":"Feature","properties":{"osm_id":712994466,"name":"Strada Reconstrucției","highway":"secondary","name_ro":null,"source":"openstreetmap"},"geometry":{"type":"LineString","coordinates":[[24.1421551,45.8003405],[24.142012,45.8003451],[24.1418855,45.8003406]]}},{"type":"Feature","properties":{"osm_id":712994467,"name":"Strada Râului","highway":"primary","name_ro":null,"source":"openstreetmap"},"geometry":{"type":"LineString","coordinates":[[24.1427853,45.7986183],[24.1427133,45.7985405],[24.1417665,45.7976026],[24.1415427,45.7973912]]}},{"type":"Feature","properties":{"osm_id":712994468,"name":"Strada Cibinului","highway":"primary","name_ro":null,"source":"openstreetmap"},"geometry":{"type":"LineString","coordinates":[[24.1443494,45.7998068],[24.1444267,45.7999043],[24.1445309,45.8000495],[24.1446228,45.8001802],[24.144833,45.8004923]]}},{"type":"Feature","properties":{"osm_id":712995065,"name":"Strada Pedagogilor","highway":"tertiary","name_ro":null,"source":"openstreetmap"},"geometry":{"type":"LineString","coordinates":[[24.1378064,45.7995092],[24.1378698,45.7994944],[24.1379087,45.7994807],[24.1381667,45.7993223],[24.1388527,45.7988934]]}},{"type":"Feature","properties":{"osm_id":713003415,"name":"Strada Banatului","highway":"primary","name_ro":"Strada Banatului","source":"openstreetmap"},"geometry":{"type":"LineString","coordinates":[[24.1448292,45.7918986],[24.1453132,45.791525],[24.145801,45.7911718],[24.1458504,45.7911511],[24.1458823,45.791139],[24.1459369,45.7911275],[24.1459758,45.791127],[24.1460453,45.7911424]]}},{"type":"Feature","properties":{"osm_id":713008520,"name":"Șoseaua Alba Iulia","highway":"primary","name_ro":null,"source":"openstreetmap"},"geometry":{"type":"LineString","coordinates":[[24.1308286,45.7934809],[24.1306825,45.7934429],[24.1305873,45.7934205],[24.1304714,45.7933961]]}},{"type":"Feature","properties":{"osm_id":713008522,"name":"Strada Malului","highway":"primary","name_ro":null,"source":"openstreetmap"},"geometry":{"type":"LineString","coordinates":[[24.1327103,45.7932776],[24.1327164,45.7933182],[24.1327337,45.7934314],[24.1327662,45.7934904],[24.1328027,45.7935421],[24.1330303,45.7938236],[24.133135,45.793966]]}},{"type":"Feature","properties":{"osm_id":713010948,"name":"Șoseaua Alba Iulia","highway":"primary","name_ro":null,"source":"openstreetmap"},"geometry":{"type":"LineString","coordinates":[[24.1416689,45.7931419],[24.1421113,45.7933136],[24.1425766,45.7934852],[24.1431872,45.7937227]]}},{"type":"Feature","properties":{"osm_id":713016263,"name":"Strada Gheorghe Dima","highway":"tertiary","name_ro":null,"source":"openstreetmap"},"geometry":{"type":"LineString","coordinates":[[24.1431645,45.7765673],[24.1433332,45.7765068],[24.1441668,45.7761964],[24.1452103,45.7758078],[24.1453174,45.7757681],[24.1454452,45.7757207],[24.145652,45.7756405],[24.1479379,45.7747726],[24.1481078,45.7747111],[24.1481916,45.7746807]]}},{"type":"Feature","properties":{"osm_id":713016265,"name":"Calea Cisnădiei","highway":"secondary","name_ro":null,"source":"openstreetmap"},"geometry":{"type":"LineString","coordinates":[[24.1482026,45.7745511],[24.1482223,45.7743522],[24.1482341,45.7743096],[24.1482587,45.7742702]]}},{"type":"Feature","properties":{"osm_id":714511376,"name":"Strada Elena Cuza Doamna","highway":"residential","name_ro":null,"source":"openstreetmap"},"geometry":{"type":"LineString","coordinates":[[24.1526258,45.8072213],[24.1526708,45.807186],[24.1533418,45.806668]]}},{"type":"Feature","properties":{"osm_id":721303736,"name":"Centura Sibiului","highway":"motorway","name_ro":null,"source":"openstreetmap"},"geometry":{"type":"LineString","coordinates":[[24.2043646,45.7532676],[24.2041066,45.752884],[24.2037874,45.7524479],[24.2032219,45.7516693]]}},{"type":"Feature","properties":{"osm_id":721303737,"name":"Centura Sibiului","highway":"motorway","name_ro":null,"source":"openstreetmap"},"geometry":{"type":"LineString","coordinates":[[24.2045231,45.753225],[24.2047235,45.7535371],[24.2049596,45.7539376],[24.2050964,45.7541753],[24.205197,45.7543689]]}},{"type":"Feature","properties":{"osm_id":721303738,"name":"Centura Sibiului","highway":"motorway","name_ro":null,"source":"openstreetmap"},"geometry":{"type":"LineString","coordinates":[[24.205197,45.7543689],[24.2057463,45.7555104],[24.2060178,45.7561114]]}},{"type":"Feature","properties":{"osm_id":721303739,"name":"Centura Sibiului","highway":"motorway","name_ro":null,"source":"openstreetmap"},"geometry":{"type":"LineString","coordinates":[[24.2050372,45.7544077],[24.2049381,45.7542202],[24.2048094,45.7539881],[24.204568,45.7535839],[24.2043646,45.7532676]]}},{"type":"Feature","properties":{"osm_id":721303740,"name":"Centura Sibiului","highway":"motorway","name_ro":null,"source":"openstreetmap"},"geometry":{"type":"LineString","coordinates":[[24.2058632,45.7561388],[24.2055904,45.7555544],[24.2050372,45.7544077]]}},{"type":"Feature","properties":{"osm_id":721303741,"name":"Centura Sibiului","highway":"motorway","name_ro":null,"source":"openstreetmap"},"geometry":{"type":"LineString","coordinates":[[24.2060178,45.7561114],[24.2061054,45.7563303]]}},{"type":"Feature","properties":{"osm_id":721303743,"name":"Centura Sibiului","highway":"motorway","name_ro":null,"source":"openstreetmap"},"geometry":{"type":"LineString","coordinates":[[24.1848387,45.8021919],[24.1854399,45.8019118]]}},{"type":"Feature","properties":{"osm_id":721303745,"name":"Centura Sibiului","highway":"motorway","name_ro":null,"source":"openstreetmap"},"geometry":{"type":"LineString","coordinates":[[24.1849235,45.8022798],[24.1834061,45.802995],[24.1833431,45.8030242]]}},{"type":"Feature","properties":{"osm_id":721303746,"name":"Centura Sibiului","highway":"motorway","name_ro":null,"source":"openstreetmap"},"geometry":{"type":"LineString","coordinates":[[24.1833431,45.8030242],[24.1826148,45.8033626]]}},{"type":"Feature","properties":{"osm_id":721303747,"name":"Centura Sibiului","highway":"motorway","name_ro":null,"source":"openstreetmap"},"geometry":{"type":"LineString","coordinates":[[24.183111,45.8029943],[24.1836269,45.8027512]]}},{"type":"Feature","properties":{"osm_id":725991569,"name":"Calea Cisnădiei","highway":"secondary","name_ro":null,"source":"openstreetmap"},"geometry":{"type":"LineString","coordinates":[[24.1482587,45.7742702],[24.1482952,45.7743913],[24.148313,45.7744326],[24.1483348,45.7744649],[24.1483779,45.7745076]]}},{"type":"Feature","properties":{"osm_id":725991570,"name":"Calea Cisnădiei","highway":"secondary","name_ro":null,"source":"openstreetmap"},"geometry":{"type":"LineString","coordinates":[[24.1482623,45.7741986],[24.1482587,45.7742702]]}},{"type":"Feature","properties":{"osm_id":728019521,"name":"Calea Cisnădiei","highway":"secondary","name_ro":null,"source":"openstreetmap"},"geometry":{"type":"LineString","coordinates":[[24.1481834,45.7748588],[24.1481866,45.7748062],[24.1481966,45.7747632],[24.1482222,45.7747075]]}},{"type":"Feature","properties":{"osm_id":763976159,"name":"Strada Tribunei","highway":"residential","name_ro":null,"source":"openstreetmap"},"geometry":{"type":"LineString","coordinates":[[24.1460076,45.7953618],[24.1460447,45.7954067],[24.1460788,45.795458],[24.146092,45.79551],[24.1460994,45.7955322],[24.1461129,45.7955609]]}},{"type":"Feature","properties":{"osm_id":763983998,"name":"Strada General Magheru","highway":"residential","name_ro":"Strada General Magheru","source":"openstreetmap"},"geometry":{"type":"LineString","coordinates":[[24.1555521,45.7983911],[24.155865,45.7984689]]}},{"type":"Feature","properties":{"osm_id":764015992,"name":"Strada Socului","highway":"unclassified","name_ro":null,"source":"openstreetmap"},"geometry":{"type":"LineString","coordinates":[[24.1649668,45.7966653],[24.1648123,45.7968292]]}},{"type":"Feature","properties":{"osm_id":764015993,"name":"Strada Socului","highway":"unclassified","name_ro":null,"source":"openstreetmap"},"geometry":{"type":"LineString","coordinates":[[24.1648123,45.7968292],[24.1648278,45.7967615],[24.1648278,45.7967226],[24.1648191,45.796693],[24.1648014,45.7966656]]}},{"type":"Feature","properties":{"osm_id":780536987,"name":"Strada Valea Aurie","highway":"residential","name_ro":null,"source":"openstreetmap"},"geometry":{"type":"LineString","coordinates":[[24.1269237,45.7670286],[24.1273824,45.7669097],[24.1274882,45.7668823],[24.1278196,45.7667964]]}},{"type":"Feature","properties":{"osm_id":782047692,"name":"Strada Viitorului","highway":"tertiary","name_ro":null,"source":"openstreetmap"},"geometry":{"type":"LineString","coordinates":[[24.1740232,45.8086671],[24.1730225,45.8087116],[24.1720761,45.8087837],[24.1719262,45.8087924]]}},{"type":"Feature","properties":{"osm_id":782050058,"name":"Strada Abatorului","highway":"unclassified","name_ro":null,"source":"openstreetmap"},"geometry":{"type":"LineString","coordinates":[[24.1567827,45.8024961],[24.1564266,45.8027527]]}},{"type":"Feature","properties":{"osm_id":782050059,"name":"Strada Abatorului","highway":"unclassified","name_ro":null,"source":"openstreetmap"},"geometry":{"type":"LineString","coordinates":[[24.1568999,45.8023375],[24.1569669,45.8024337],[24.1570574,45.8025288]]}},{"type":"Feature","properties":{"osm_id":782064074,"name":"Strada Dimitrie Cantemir","highway":"tertiary","name_ro":null,"source":"openstreetmap"},"geometry":{"type":"LineString","coordinates":[[24.1341786,45.7833534],[24.1340849,45.7833211],[24.1339568,45.783263],[24.133293,45.7828279],[24.1324368,45.7822597]]}},{"type":"Feature","properties":{"osm_id":782076056,"name":"Strada Bârsei","highway":"residential","name_ro":null,"source":"openstreetmap"},"geometry":{"type":"LineString","coordinates":[[24.1324368,45.7822597],[24.1316871,45.7827752]]}},{"type":"Feature","properties":{"osm_id":782076057,"name":"Strada Bârsei","highway":"residential","name_ro":null,"source":"openstreetmap"},"geometry":{"type":"LineString","coordinates":[[24.1316871,45.7827752],[24.1315012,45.7828922],[24.1314274,45.7829534],[24.1311873,45.7831243],[24.131067,45.78321],[24.1310525,45.7832203],[24.1307418,45.7834391],[24.1303955,45.7836831],[24.1303868,45.7836892]]}},{"type":"Feature","properties":{"osm_id":787729985,"name":"Strada Ion Rațiu","highway":"residential","name_ro":null,"source":"openstreetmap"},"geometry":{"type":"LineString","coordinates":[[24.1773574,45.7805223],[24.1785621,45.7805377]]}},{"type":"Feature","properties":{"osm_id":787729997,"name":"Strada Mihai Viteazul","highway":"residential","name_ro":null,"source":"openstreetmap"},"geometry":{"type":"LineString","coordinates":[[24.1765278,45.7763445],[24.1759112,45.775493]]}},{"type":"Feature","properties":{"osm_id":789844315,"name":"Strada Islazului","highway":"residential","name_ro":null,"source":"openstreetmap"},"geometry":{"type":"LineString","coordinates":[[24.1237658,45.773517],[24.1246985,45.7742056],[24.1247593,45.7742505],[24.1252839,45.7746278],[24.1257286,45.7749054],[24.1259681,45.7750179],[24.1263995,45.775216],[24.1266462,45.7753408],[24.1268726,45.7754525]]}},{"type":"Feature","properties":{"osm_id":789844316,"name":"Strada Cisnădioara","highway":"residential","name_ro":null,"source":"openstreetmap"},"geometry":{"type":"LineString","coordinates":[[24.1273424,45.7776846],[24.127069,45.7775346],[24.1269789,45.7774611],[24.1269074,45.7773875],[24.1266773,45.7769902],[24.1266422,45.7769172]]}},{"type":"Feature","properties":{"osm_id":789888852,"name":"Strada Onisifor Ghibu","highway":"residential","name_ro":null,"source":"openstreetmap"},"geometry":{"type":"LineString","coordinates":[[24.1409135,45.7927608],[24.1403913,45.7929275]]}},{"type":"Feature","properties":{"osm_id":789941508,"name":"Strada Livezii","highway":"residential","name_ro":null,"source":"openstreetmap"},"geometry":{"type":"LineString","coordinates":[[24.1192496,45.793298],[24.1193515,45.7933554],[24.1194693,45.7934281],[24.1195321,45.793475],[24.1195988,45.79354]]}},{"type":"Feature","properties":{"osm_id":789941509,"name":"Strada Livezii","highway":"residential","name_ro":null,"source":"openstreetmap"},"geometry":{"type":"LineString","coordinates":[[24.1193389,45.7935331],[24.119332,45.7934714],[24.1193211,45.7934292],[24.1192929,45.7933653],[24.1192496,45.793298]]}},{"type":"Feature","properties":{"osm_id":808488543,"name":"Bulevardul Mihai Viteazul","highway":"residential","name_ro":null,"source":"openstreetmap"},"geometry":{"type":"LineString","coordinates":[[24.166777,45.7696985],[24.166805,45.7697272],[24.1667976,45.7697663]]}},{"type":"Feature","properties":{"osm_id":808488544,"name":"Bulevardul Mihai Viteazul","highway":"residential","name_ro":null,"source":"openstreetmap"},"geometry":{"type":"LineString","coordinates":[[24.166695,45.7697238],[24.1667287,45.7697052],[24.166777,45.7696985]]}},{"type":"Feature","properties":{"osm_id":808489594,"name":"Strada Capitelului","highway":"residential","name_ro":null,"source":"openstreetmap"},"geometry":{"type":"LineString","coordinates":[[24.148387,45.7554437],[24.1491429,45.7545061],[24.149175,45.7544654],[24.1492689,45.7543587],[24.1492843,45.7543269],[24.149284,45.7543032],[24.1492535,45.7542708]]}},{"type":"Feature","properties":{"osm_id":810828541,"name":"Entrance C","highway":"service","name_ro":null,"source":"openstreetmap"},"geometry":{"type":"LineString","coordinates":[[24.0833252,45.7952889],[24.0833037,45.7953753],[24.0832825,45.7954687]]}},{"type":"Feature","properties":{"osm_id":820884378,"name":"Strada Grigore Ionescu","highway":"residential","name_ro":null,"source":"openstreetmap"},"geometry":{"type":"LineString","coordinates":[[24.1464731,45.7670797],[24.1461971,45.7661037]]}},{"type":"Feature","properties":{"osm_id":829636237,"name":"Strada Ion Popovici-Bănățeanu","highway":"residential","name_ro":null,"source":"openstreetmap"},"geometry":{"type":"LineString","coordinates":[[24.1602322,45.8059433],[24.1606397,45.8061357]]}},{"type":"Feature","properties":{"osm_id":831115882,"name":"Aleea Pajiștei","highway":"residential","name_ro":null,"source":"openstreetmap"},"geometry":{"type":"LineString","coordinates":[[24.1228776,45.7939896],[24.1228964,45.7940485],[24.1229521,45.794164],[24.1229983,45.7942362],[24.1230789,45.7943332],[24.1231629,45.7944126],[24.1232603,45.7944798]]}},{"type":"Feature","properties":{"osm_id":832171782,"name":"Strada Deva","highway":"residential","name_ro":null,"source":"openstreetmap"},"geometry":{"type":"LineString","coordinates":[[24.1346744,45.803876],[24.1347297,45.8039242],[24.1347879,45.8039606],[24.1369578,45.805251],[24.1370391,45.8052993]]}},{"type":"Feature","properties":{"osm_id":832499983,"name":"Aleea Haiducului","highway":"residential","name_ro":null,"source":"openstreetmap"},"geometry":{"type":"LineString","coordinates":[[24.1559583,45.7812481],[24.1560186,45.7812829],[24.1566014,45.7816185]]}},{"type":"Feature","properties":{"osm_id":833438939,"name":"Strada Spartacus","highway":"residential","name_ro":null,"source":"openstreetmap"},"geometry":{"type":"LineString","coordinates":[[24.1638803,45.7902529],[24.160891,45.7913962]]}},{"type":"Feature","properties":{"osm_id":833443308,"name":"Strada Axente Sever","highway":"residential","name_ro":null,"source":"openstreetmap"},"geometry":{"type":"LineString","coordinates":[[24.1621419,45.7936146],[24.16492,45.7911604]]}},{"type":"Feature","properties":{"osm_id":836088724,"name":"Bulevardul General Vasile Milea","highway":"primary","name_ro":null,"source":"openstreetmap"},"geometry":{"type":"LineString","coordinates":[[24.1637254,45.7834323],[24.1640492,45.7832627]]}},{"type":"Feature","properties":{"osm_id":836738543,"name":"Strada Câmpului","highway":"tertiary","name_ro":null,"source":"openstreetmap"},"geometry":{"type":"LineString","coordinates":[[24.1416923,45.8005446],[24.1416338,45.8004984],[24.1415873,45.8004717],[24.1415502,45.8004553]]}},{"type":"Feature","properties":{"osm_id":836738544,"name":"Strada Câmpului","highway":"tertiary","name_ro":null,"source":"openstreetmap"},"geometry":{"type":"LineString","coordinates":[[24.141594,45.8004071],[24.141662,45.8004392],[24.1416819,45.8004603],[24.1416896,45.800486],[24.1416923,45.8005446]]}},{"type":"Feature","properties":{"osm_id":836802384,"name":"Strada Berăriei","highway":"residential","name_ro":null,"source":"openstreetmap"},"geometry":{"type":"LineString","coordinates":[[24.1509861,45.7919401],[24.1507309,45.792165],[24.1506569,45.7922309]]}},{"type":"Feature","properties":{"osm_id":836802385,"name":"Bulevardul Corneliu Coposu","highway":"primary","name_ro":null,"source":"openstreetmap"},"geometry":{"type":"LineString","coordinates":[[24.1506569,45.7922309],[24.1507888,45.7923011],[24.1510817,45.7924516],[24.1524915,45.7931606]]}},{"type":"Feature","properties":{"osm_id":836802386,"name":"Bulevardul Corneliu Coposu","highway":"primary","name_ro":null,"source":"openstreetmap"},"geometry":{"type":"LineString","coordinates":[[24.1524915,45.7931606],[24.153963,45.7938994],[24.1540222,45.7939291],[24.154211,45.7940265],[24.1543674,45.7941123],[24.1547078,45.7943124],[24.1551767,45.7945874]]}},{"type":"Feature","properties":{"osm_id":838185382,"name":"Strada Iancu de Hunedoara","highway":"tertiary","name_ro":null,"source":"openstreetmap"},"geometry":{"type":"LineString","coordinates":[[24.1160585,45.7853289],[24.1160229,45.7852954],[24.1159843,45.7852571],[24.1159387,45.7851916],[24.1158909,45.7851339],[24.1158392,45.7850883],[24.1157656,45.7850334]]}},{"type":"Feature","properties":{"osm_id":838188557,"name":"Strada Viitorului","highway":"tertiary","name_ro":null,"source":"openstreetmap"},"geometry":{"type":"LineString","coordinates":[[24.1518366,45.8046191],[24.1519515,45.804649],[24.1519803,45.8046577],[24.1521135,45.8046982]]}},{"type":"Feature","properties":{"osm_id":838450639,"name":"Strada Ștefan cel Mare","highway":"secondary","name_ro":null,"source":"openstreetmap"},"geometry":{"type":"LineString","coordinates":[[24.1818657,45.7882896],[24.1816975,45.7882931],[24.1815379,45.7883084],[24.1813655,45.788342],[24.1812075,45.7883856],[24.1810284,45.7884463],[24.1808907,45.7885075],[24.1806989,45.7886071],[24.1805081,45.7887056],[24.1803101,45.7888299],[24.1798078,45.7891253]]}},{"type":"Feature","properties":{"osm_id":838450640,"name":"Strada Ștefan cel Mare","highway":"secondary","name_ro":null,"source":"openstreetmap"},"geometry":{"type":"LineString","coordinates":[[24.1926526,45.7885464],[24.1922809,45.7885393],[24.1918821,45.7885312],[24.191817,45.7885299],[24.1916996,45.7885276]]}},{"type":"Feature","properties":{"osm_id":838474950,"name":"Strada Maramureșului","highway":"primary","name_ro":null,"source":"openstreetmap"},"geometry":{"type":"LineString","coordinates":[[24.1324741,45.7930694],[24.1324272,45.7930072],[24.1323722,45.7929426],[24.1322838,45.7928557],[24.132235,45.7927888]]}},{"type":"Feature","properties":{"osm_id":838474951,"name":"Strada Maramureșului","highway":"primary","name_ro":null,"source":"openstreetmap"},"geometry":{"type":"LineString","coordinates":[[24.1312698,45.7919594],[24.1314963,45.7921501],[24.1317257,45.7923571],[24.1320851,45.7926595],[24.132235,45.7927888]]}},{"type":"Feature","properties":{"osm_id":838514818,"name":"Șoseaua Alba Iulia","highway":"primary","name_ro":null,"source":"openstreetmap"},"geometry":{"type":"LineString","coordinates":[[24.1264252,45.7932205],[24.1265003,45.7932129]]}},{"type":"Feature","properties":{"osm_id":838514819,"name":"Șoseaua Alba Iulia","highway":"primary","name_ro":null,"source":"openstreetmap"},"geometry":{"type":"LineString","coordinates":[[24.1231442,45.7936014],[24.1232155,45.7935986],[24.1232522,45.7935944],[24.1235938,45.7935592]]}},{"type":"Feature","properties":{"osm_id":838514820,"name":"Strada Verzăriei","highway":"residential","name_ro":null,"source":"openstreetmap"},"geometry":{"type":"LineString","coordinates":[[24.126753,45.794275],[24.1264542,45.7933075],[24.1264252,45.7932205]]}},{"type":"Feature","properties":{"osm_id":838514821,"name":"Strada Agricultorilor","highway":"residential","name_ro":null,"source":"openstreetmap"},"geometry":{"type":"LineString","coordinates":[[24.1251121,45.7937372],[24.1248581,45.7934065]]}},{"type":"Feature","properties":{"osm_id":838515475,"name":"Șoseaua Alba Iulia","highway":"primary","name_ro":null,"source":"openstreetmap"},"geometry":{"type":"LineString","coordinates":[[24.1248581,45.7934065],[24.1253213,45.7933515],[24.1255695,45.7933221]]}},{"type":"Feature","properties":{"osm_id":838515476,"name":"Șoseaua Alba Iulia","highway":"primary","name_ro":null,"source":"openstreetmap"},"geometry":{"type":"LineString","coordinates":[[24.1235938,45.7935592],[24.1236759,45.7935502],[24.1248581,45.7934065]]}},{"type":"Feature","properties":{"osm_id":838516328,"name":"Șoseaua Alba Iulia","highway":"primary","name_ro":null,"source":"openstreetmap"},"geometry":{"type":"LineString","coordinates":[[24.1265003,45.7932129],[24.1279571,45.7930445]]}},{"type":"Feature","properties":{"osm_id":838516329,"name":"Strada Grâului","highway":"residential","name_ro":null,"source":"openstreetmap"},"geometry":{"type":"LineString","coordinates":[[24.1279571,45.7930445],[24.1282898,45.7942563]]}},{"type":"Feature","properties":{"osm_id":838517086,"name":"Strada Grâului","highway":"residential","name_ro":null,"source":"openstreetmap"},"geometry":{"type":"LineString","coordinates":[[24.1278366,45.7926344],[24.127929,45.7929489],[24.1279571,45.7930445]]}},{"type":"Feature","properties":{"osm_id":838517853,"name":"Șoseaua Alba Iulia","highway":"primary","name_ro":null,"source":"openstreetmap"},"geometry":{"type":"LineString","coordinates":[[24.1184589,45.7935153],[24.1193389,45.7935331]]}},{"type":"Feature","properties":{"osm_id":838517854,"name":"Strada Ogorului","highway":"residential","name_ro":null,"source":"openstreetmap"},"geometry":{"type":"LineString","coordinates":[[24.1184589,45.7935153],[24.118416,45.7935883],[24.1179074,45.7944528],[24.1178521,45.7945715],[24.1178361,45.7946594],[24.1176214,45.7959799]]}},{"type":"Feature","properties":{"osm_id":838517855,"name":"Șoseaua Alba Iulia","highway":"primary","name_ro":null,"source":"openstreetmap"},"geometry":{"type":"LineString","coordinates":[[24.1147738,45.7932192],[24.11629,45.7934135],[24.1165332,45.7934397],[24.1167924,45.7934624],[24.1170629,45.7934788],[24.1172402,45.7934876],[24.1184589,45.7935153]]}},{"type":"Feature","properties":{"osm_id":838518687,"name":"Șoseaua Alba Iulia","highway":"primary","name_ro":null,"source":"openstreetmap"},"geometry":{"type":"LineString","coordinates":[[24.1129131,45.7929726],[24.113385,45.7930311],[24.1138198,45.7930905],[24.1147738,45.7932192]]}},{"type":"Feature","properties":{"osm_id":838518688,"name":"Strada Neppendorf","highway":"residential","name_ro":null,"source":"openstreetmap"},"geometry":{"type":"LineString","coordinates":[[24.1136369,45.794243],[24.1136323,45.7942114],[24.1136768,45.7940917],[24.1137623,45.7939879],[24.1138443,45.793923],[24.1146613,45.7933954],[24.1147097,45.7933503],[24.1147343,45.79331],[24.1147738,45.7932192]]}},{"type":"Feature","properties":{"osm_id":838944556,"name":"Șoseaua Alba Iulia","highway":"primary","name_ro":null,"source":"openstreetmap"},"geometry":{"type":"LineString","coordinates":[[24.1116943,45.7928062],[24.1117845,45.7928188]]}},{"type":"Feature","properties":{"osm_id":838945922,"name":"Strada Alpinismului","highway":"residential","name_ro":null,"source":"openstreetmap"},"geometry":{"type":"LineString","coordinates":[[24.1373365,45.7921537],[24.137305,45.7922405],[24.1372681,45.7922898],[24.1365519,45.7927702],[24.136388,45.7928328]]}},{"type":"Feature","properties":{"osm_id":838945923,"name":"Șoseaua Alba Iulia","highway":"primary","name_ro":null,"source":"openstreetmap"},"geometry":{"type":"LineString","coordinates":[[24.1353275,45.7925412],[24.1372228,45.792176],[24.1373365,45.7921537]]}},{"type":"Feature","properties":{"osm_id":838945924,"name":"Șoseaua Alba Iulia","highway":"primary","name_ro":null,"source":"openstreetmap"},"geometry":{"type":"LineString","coordinates":[[24.1348024,45.7926445],[24.1350902,45.7925893],[24.1352758,45.7925517]]}},{"type":"Feature","properties":{"osm_id":838960783,"name":"Strada Tudor Arghezi","highway":"secondary","name_ro":null,"source":"openstreetmap"},"geometry":{"type":"LineString","coordinates":[[24.1393878,45.7919857],[24.1393971,45.7918956],[24.1393905,45.7917863],[24.1393924,45.7916998]]}},{"type":"Feature","properties":{"osm_id":838986213,"name":"Strada Petuniei","highway":"residential","name_ro":null,"source":"openstreetmap"},"geometry":{"type":"LineString","coordinates":[[24.1477083,45.8087888],[24.1478996,45.8090974],[24.1479204,45.8091325],[24.1479423,45.8091701]]}},{"type":"Feature","properties":{"osm_id":838986214,"name":"Strada Rusciorului","highway":"primary","name_ro":null,"source":"openstreetmap"},"geometry":{"type":"LineString","coordinates":[[24.1479577,45.8092465],[24.1475856,45.8093606]]}},{"type":"Feature","properties":{"osm_id":838986215,"name":"Strada Rusciorului","highway":"primary","name_ro":null,"source":"openstreetmap"},"geometry":{"type":"LineString","coordinates":[[24.1487148,45.8090163],[24.1479577,45.8092465]]}},{"type":"Feature","properties":{"osm_id":838986959,"name":"Strada Lungă","highway":"primary","name_ro":null,"source":"openstreetmap"},"geometry":{"type":"LineString","coordinates":[[24.1443483,45.8046099],[24.1443087,45.804423],[24.1441831,45.8038256],[24.1441409,45.8036598],[24.1440362,45.8032585],[24.1439907,45.8030868],[24.1439133,45.802866],[24.1436902,45.8022665],[24.1436334,45.8021048],[24.1435893,45.8019332],[24.1435726,45.8017946],[24.1435578,45.8016826],[24.1435435,45.8015153]]}},{"type":"Feature","properties":{"osm_id":838986960,"name":"Strada Lungă","highway":"primary","name_ro":null,"source":"openstreetmap"},"geometry":{"type":"LineString","coordinates":[[24.1444144,45.8049382],[24.1443853,45.8047868],[24.1443483,45.8046099]]}},{"type":"Feature","properties":{"osm_id":840440801,"name":"Strada Cucului","highway":"residential","name_ro":null,"source":"openstreetmap"},"geometry":{"type":"LineString","coordinates":[[24.1141134,45.7844335],[24.1142023,45.7842867],[24.1142298,45.7842176],[24.1142452,45.7841296],[24.1142432,45.7840314],[24.1142352,45.7839819],[24.1142063,45.7839266],[24.1141714,45.7838705],[24.1141507,45.7838117],[24.1140963,45.7834749],[24.1140718,45.7833411]]}},{"type":"Feature","properties":{"osm_id":840440802,"name":"Strada Cucului","highway":"residential","name_ro":null,"source":"openstreetmap"},"geometry":{"type":"LineString","coordinates":[[24.1143766,45.7838584],[24.1142063,45.7839266]]}},{"type":"Feature","properties":{"osm_id":846189345,"name":"Strada Muncitorilor","highway":"residential","name_ro":null,"source":"openstreetmap"},"geometry":{"type":"LineString","coordinates":[[24.1770266,45.8128335],[24.1770173,45.8128459],[24.177015,45.8128597],[24.1770202,45.8128735],[24.1770324,45.8128849]]}},{"type":"Feature","properties":{"osm_id":851260539,"name":"Aleea Călăreților","highway":"residential","name_ro":null,"source":"openstreetmap"},"geometry":{"type":"LineString","coordinates":[[24.1335422,45.7706356],[24.133579,45.7706916]]}},{"type":"Feature","properties":{"osm_id":865716356,"name":"Strada Europa Unită","highway":"unclassified","name_ro":null,"source":"openstreetmap"},"geometry":{"type":"LineString","coordinates":[[24.0883059,45.7943939],[24.0884389,45.794418]]}},{"type":"Feature","properties":{"osm_id":865716357,"name":"Strada Europa Unită","highway":"unclassified","name_ro":null,"source":"openstreetmap"},"geometry":{"type":"LineString","coordinates":[[24.0884859,45.7943003],[24.0884389,45.794418]]}},{"type":"Feature","properties":{"osm_id":865716358,"name":"Strada Barcelona","highway":"unclassified","name_ro":null,"source":"openstreetmap"},"geometry":{"type":"LineString","coordinates":[[24.0860509,45.7993058],[24.0863654,45.7993501]]}},{"type":"Feature","properties":{"osm_id":866317856,"name":"Strada Mihai Viteazul","highway":"secondary","name_ro":null,"source":"openstreetmap"},"geometry":{"type":"LineString","coordinates":[[24.1734635,45.7762421],[24.1735552,45.7761915]]}},{"type":"Feature","properties":{"osm_id":866317857,"name":"Strada Mihai Viteazul","highway":"secondary","name_ro":null,"source":"openstreetmap"},"geometry":{"type":"LineString","coordinates":[[24.1735552,45.7761915],[24.1740993,45.7758869],[24.1743983,45.7757195],[24.174662,45.7755777]]}},{"type":"Feature","properties":{"osm_id":866599048,"name":"Șoseaua Alba Iulia","highway":"primary","name_ro":null,"source":"openstreetmap"},"geometry":{"type":"LineString","coordinates":[[24.1193389,45.7935331],[24.1195205,45.7935379],[24.1195988,45.79354]]}},{"type":"Feature","properties":{"osm_id":866620951,"name":"Calea Turnișorului","highway":"tertiary","name_ro":null,"source":"openstreetmap"},"geometry":{"type":"LineString","coordinates":[[24.1216505,45.7941678],[24.1217966,45.7942993]]}},{"type":"Feature","properties":{"osm_id":866622727,"name":"Șoseaua Alba Iulia","highway":"primary","name_ro":null,"source":"openstreetmap"},"geometry":{"type":"LineString","coordinates":[[24.1255695,45.7933221],[24.1264252,45.7932205]]}},{"type":"Feature","properties":{"osm_id":866626569,"name":"Șoseaua Alba Iulia","highway":"primary","name_ro":null,"source":"openstreetmap"},"geometry":{"type":"LineString","coordinates":[[24.1352758,45.7925517],[24.1353275,45.7925412]]}},{"type":"Feature","properties":{"osm_id":866626571,"name":"Șoseaua Alba Iulia","highway":"primary","name_ro":null,"source":"openstreetmap"},"geometry":{"type":"LineString","coordinates":[[24.1348024,45.7926445],[24.1343319,45.7927429],[24.1339132,45.7928304],[24.1333914,45.7929343]]}},{"type":"Feature","properties":{"osm_id":866630322,"name":"Șoseaua Alba Iulia","highway":"primary","name_ro":null,"source":"openstreetmap"},"geometry":{"type":"LineString","coordinates":[[24.1395137,45.7920281],[24.1397321,45.7921477]]}},{"type":"Feature","properties":{"osm_id":866630323,"name":"Șoseaua Alba Iulia","highway":"primary","name_ro":null,"source":"openstreetmap"},"geometry":{"type":"LineString","coordinates":[[24.1391004,45.7919134],[24.1392018,45.7919306],[24.1392792,45.7919521],[24.1393878,45.7919857]]}},{"type":"Feature","properties":{"osm_id":866630324,"name":"Șoseaua Alba Iulia","highway":"primary","name_ro":null,"source":"openstreetmap"},"geometry":{"type":"LineString","coordinates":[[24.1393878,45.7919857],[24.1394792,45.7920149],[24.1395137,45.7920281]]}},{"type":"Feature","properties":{"osm_id":866641077,"name":"Bulevardul General Vasile Milea","highway":"primary","name_ro":null,"source":"openstreetmap"},"geometry":{"type":"LineString","coordinates":[[24.1510707,45.7888918],[24.1509272,45.7889403],[24.1505796,45.7890579]]}},{"type":"Feature","properties":{"osm_id":866641078,"name":"Calea Dumbrăvii","highway":"primary","name_ro":null,"source":"openstreetmap"},"geometry":{"type":"LineString","coordinates":[[24.1499445,45.7886844],[24.1499336,45.7888821]]}},{"type":"Feature","properties":{"osm_id":866641079,"name":"Calea Dumbrăvii","highway":"primary","name_ro":null,"source":"openstreetmap"},"geometry":{"type":"LineString","coordinates":[[24.1499336,45.7888821],[24.1499355,45.7889454]]}},{"type":"Feature","properties":{"osm_id":866648830,"name":"Bulevardul General Vasile Milea","highway":"primary","name_ro":null,"source":"openstreetmap"},"geometry":{"type":"LineString","coordinates":[[24.1547708,45.7876443],[24.1530528,45.7882202],[24.1528449,45.7882898],[24.1524178,45.788434],[24.1522477,45.7884924]]}},{"type":"Feature","properties":{"osm_id":866648832,"name":"Bulevardul General Vasile Milea","highway":"primary","name_ro":null,"source":"openstreetmap"},"geometry":{"type":"LineString","coordinates":[[24.1519346,45.7885998],[24.1518284,45.7886345],[24.1514462,45.7887656],[24.1510707,45.7888918]]}},{"type":"Feature","properties":{"osm_id":866663350,"name":"Bulevardul General Vasile Milea","highway":"primary","name_ro":null,"source":"openstreetmap"},"geometry":{"type":"LineString","coordinates":[[24.157408,45.7865609],[24.1578268,45.7863764]]}},{"type":"Feature","properties":{"osm_id":866664057,"name":"Bulevardul General Vasile Milea","highway":"primary","name_ro":null,"source":"openstreetmap"},"geometry":{"type":"LineString","coordinates":[[24.1624511,45.7840871],[24.1628453,45.7838827]]}},{"type":"Feature","properties":{"osm_id":866673017,"name":"Șoseaua Sibiului","highway":"primary","name_ro":null,"source":"openstreetmap"},"geometry":{"type":"LineString","coordinates":[[24.168373,45.7806797],[24.1684093,45.7806517],[24.1687453,45.7803928]]}},{"type":"Feature","properties":{"osm_id":866673018,"name":"Șoseaua Sibiului","highway":"primary","name_ro":null,"source":"openstreetmap"},"geometry":{"type":"LineString","coordinates":[[24.1687453,45.7803928],[24.1688032,45.7803471],[24.1688733,45.7802868],[24.1691527,45.780033],[24.1692396,45.7799434],[24.169294,45.7798778],[24.1693369,45.7798146],[24.169367,45.7797537],[24.1694,45.7796692]]}},{"type":"Feature","properties":{"osm_id":866673019,"name":"Bulevardul General Vasile Milea","highway":"primary","name_ro":null,"source":"openstreetmap"},"geometry":{"type":"LineString","coordinates":[[24.1673277,45.7815023],[24.1672436,45.7815526]]}},{"type":"Feature","properties":{"osm_id":866673020,"name":"Bulevardul General Vasile Milea","highway":"primary","name_ro":null,"source":"openstreetmap"},"geometry":{"type":"LineString","coordinates":[[24.1674014,45.7814577],[24.1673277,45.7815023]]}},{"type":"Feature","properties":{"osm_id":866968341,"name":"Strada Ștefan cel Mare","highway":"secondary","name_ro":null,"source":"openstreetmap"},"geometry":{"type":"LineString","coordinates":[[24.2027769,45.7896406],[24.2035436,45.7897503]]}},{"type":"Feature","properties":{"osm_id":866968342,"name":"Strada Ștefan cel Mare","highway":"secondary","name_ro":null,"source":"openstreetmap"},"geometry":{"type":"LineString","coordinates":[[24.2014269,45.7894964],[24.2015817,45.789507],[24.2017364,45.7895226],[24.2021554,45.7895635],[24.2023445,45.7895823],[24.2025238,45.7896044],[24.2027769,45.7896406]]}},{"type":"Feature","properties":{"osm_id":878903186,"name":"Strada Movilei","highway":"residential","name_ro":null,"source":"openstreetmap"},"geometry":{"type":"LineString","coordinates":[[24.1556492,45.7991697],[24.1555549,45.7991409],[24.1554705,45.7991249],[24.1553476,45.7991079],[24.1548672,45.7990685],[24.1542415,45.7990352],[24.1540503,45.7990331],[24.1537894,45.7990422]]}},{"type":"Feature","properties":{"osm_id":881293954,"name":"Strada Moș Ion Roată","highway":"residential","name_ro":null,"source":"openstreetmap"},"geometry":{"type":"LineString","coordinates":[[24.1476234,45.7969977],[24.1472009,45.7967027]]}},{"type":"Feature","properties":{"osm_id":881293956,"name":"Strada Pânzarilor","highway":"residential","name_ro":null,"source":"openstreetmap"},"geometry":{"type":"LineString","coordinates":[[24.1449672,45.7963561],[24.1450348,45.7963248],[24.1450997,45.7962867],[24.1451797,45.7962165],[24.1452926,45.7961068]]}},{"type":"Feature","properties":{"osm_id":881293957,"name":"Strada Dogarilor","highway":"residential","name_ro":null,"source":"openstreetmap"},"geometry":{"type":"LineString","coordinates":[[24.1457063,45.7975731],[24.1459161,45.7976845]]}},{"type":"Feature","properties":{"osm_id":887768569,"name":"Strada Autogării","highway":"primary","name_ro":null,"source":"openstreetmap"},"geometry":{"type":"LineString","coordinates":[[24.1311153,45.7935205],[24.1311264,45.7936421],[24.1311358,45.7936926],[24.1311522,45.7937897],[24.1312042,45.7940984],[24.1312417,45.7944013],[24.131289,45.7946371],[24.1313051,45.7947173]]}},{"type":"Feature","properties":{"osm_id":887768570,"name":"Șoseaua Alba Iulia","highway":"primary","name_ro":null,"source":"openstreetmap"},"geometry":{"type":"LineString","coordinates":[[24.131584,45.7933505],[24.1314772,45.7933783],[24.1313464,45.7934123],[24.1311847,45.7934543]]}},{"type":"Feature","properties":{"osm_id":887768571,"name":"Șoseaua Alba Iulia","highway":"primary","name_ro":null,"source":"openstreetmap"},"geometry":{"type":"LineString","coordinates":[[24.1323308,45.7932066],[24.131584,45.7933505]]}},{"type":"Feature","properties":{"osm_id":887768572,"name":"Șoseaua Alba Iulia","highway":"primary","name_ro":null,"source":"openstreetmap"},"geometry":{"type":"LineString","coordinates":[[24.1325047,45.7932145],[24.1324527,45.7932027],[24.1324077,45.7931989],[24.1323688,45.7932001],[24.1323308,45.7932066]]}},{"type":"Feature","properties":{"osm_id":887768578,"name":"Șoseaua Alba Iulia","highway":"primary","name_ro":null,"source":"openstreetmap"},"geometry":{"type":"LineString","coordinates":[[24.129538,45.7932152],[24.1298574,45.7932358],[24.1302842,45.7932783],[24.1306101,45.7933017],[24.1307451,45.7933098],[24.1308653,45.7933079]]}},{"type":"Feature","properties":{"osm_id":887768579,"name":"Șoseaua Alba Iulia","highway":"primary","name_ro":null,"source":"openstreetmap"},"geometry":{"type":"LineString","coordinates":[[24.1304714,45.7933961],[24.1302864,45.7933657],[24.1300679,45.7933335],[24.129978,45.7933164],[24.129836,45.7932863],[24.1297169,45.7932608],[24.129538,45.7932152]]}},{"type":"Feature","properties":{"osm_id":887873432,"name":"Strada Regele Ferdinand","highway":"tertiary","name_ro":null,"source":"openstreetmap"},"geometry":{"type":"LineString","coordinates":[[24.1588534,45.8006831],[24.1588741,45.8006809],[24.1589586,45.8006727]]}},{"type":"Feature","properties":{"osm_id":887873433,"name":"Strada Regele Ferdinand","highway":"tertiary","name_ro":null,"source":"openstreetmap"},"geometry":{"type":"LineString","coordinates":[[24.1589586,45.8006727],[24.1591058,45.800544],[24.1594113,45.8002767],[24.159528,45.800179]]}},{"type":"Feature","properties":{"osm_id":887875811,"name":"Strada Abatorului","highway":"unclassified","name_ro":null,"source":"openstreetmap"},"geometry":{"type":"LineString","coordinates":[[24.1576994,45.8028859],[24.1575431,45.8027999]]}},{"type":"Feature","properties":{"osm_id":887875812,"name":"Strada Abatorului","highway":"unclassified","name_ro":null,"source":"openstreetmap"},"geometry":{"type":"LineString","coordinates":[[24.1575431,45.8027999],[24.15723,45.8026339],[24.1570574,45.8025288]]}},{"type":"Feature","properties":{"osm_id":887914041,"name":"Strada Zăvoi","highway":"tertiary","name_ro":null,"source":"openstreetmap"},"geometry":{"type":"LineString","coordinates":[[24.11059,45.7826534],[24.1100268,45.7817242],[24.1099203,45.7815358]]}},{"type":"Feature","properties":{"osm_id":887914043,"name":"Strada Stăvilarului","highway":"residential","name_ro":null,"source":"openstreetmap"},"geometry":{"type":"LineString","coordinates":[[24.1087488,45.7818812],[24.1099203,45.7815358]]}},{"type":"Feature","properties":{"osm_id":887914046,"name":"Strada Zăvoi","highway":"residential","name_ro":null,"source":"openstreetmap"},"geometry":{"type":"LineString","coordinates":[[24.107178,45.7768108],[24.1066918,45.7759114]]}},{"type":"Feature","properties":{"osm_id":888219266,"name":"Strada Lungă","highway":"primary","name_ro":null,"source":"openstreetmap"},"geometry":{"type":"LineString","coordinates":[[24.1451368,45.8065257],[24.1450952,45.8064635],[24.1450279,45.8063423]]}},{"type":"Feature","properties":{"osm_id":888219267,"name":"Strada Orhideelor","highway":"residential","name_ro":null,"source":"openstreetmap"},"geometry":{"type":"LineString","coordinates":[[24.1387412,45.8134743],[24.1377325,45.81404],[24.1376643,45.8140679],[24.1375999,45.8140726]]}},{"type":"Feature","properties":{"osm_id":888219268,"name":"Strada Deventer","highway":"tertiary","name_ro":null,"source":"openstreetmap"},"geometry":{"type":"LineString","coordinates":[[24.1266095,45.8153173],[24.1279498,45.8148257]]}},{"type":"Feature","properties":{"osm_id":888219269,"name":"Strada Țiglari","highway":"residential","name_ro":null,"source":"openstreetmap"},"geometry":{"type":"LineString","coordinates":[[24.1369438,45.8132869],[24.1366946,45.8132149],[24.1363343,45.8131107]]}},{"type":"Feature","properties":{"osm_id":888219270,"name":"Strada Țiglari","highway":"residential","name_ro":null,"source":"openstreetmap"},"geometry":{"type":"LineString","coordinates":[[24.1363343,45.8131107],[24.1361221,45.8128449],[24.1359784,45.812663],[24.1358871,45.8125506],[24.1358771,45.8125378],[24.1357429,45.812366],[24.1353427,45.8117962]]}},{"type":"Feature","properties":{"osm_id":888219271,"name":"Strada Oslo","highway":"residential","name_ro":null,"source":"openstreetmap"},"geometry":{"type":"LineString","coordinates":[[24.1363343,45.8131107],[24.1366822,45.812967]]}},{"type":"Feature","properties":{"osm_id":888219272,"name":"Strada Oslo","highway":"residential","name_ro":null,"source":"openstreetmap"},"geometry":{"type":"LineString","coordinates":[[24.1366822,45.812967],[24.1367233,45.8129487],[24.1369495,45.8128565],[24.1369684,45.8128488],[24.1375657,45.8126022]]}},{"type":"Feature","properties":{"osm_id":888219273,"name":"Strada Londra","highway":"residential","name_ro":null,"source":"openstreetmap"},"geometry":{"type":"LineString","coordinates":[[24.1287355,45.816572],[24.1285488,45.8165908],[24.1277951,45.8164795]]}},{"type":"Feature","properties":{"osm_id":888219274,"name":"Strada Londra","highway":"residential","name_ro":null,"source":"openstreetmap"},"geometry":{"type":"LineString","coordinates":[[24.1272496,45.8163981],[24.1267444,45.8164354]]}},{"type":"Feature","properties":{"osm_id":888219275,"name":"Strada Lisabona","highway":"residential","name_ro":null,"source":"openstreetmap"},"geometry":{"type":"LineString","coordinates":[[24.1312079,45.8151092],[24.1313226,45.8151661],[24.1319106,45.8154503],[24.1325249,45.8157406],[24.1327984,45.8158682],[24.132894,45.8158912]]}},{"type":"Feature","properties":{"osm_id":888219276,"name":"Strada Constructorilor","highway":"residential","name_ro":null,"source":"openstreetmap"},"geometry":{"type":"LineString","coordinates":[[24.1375657,45.8126022],[24.1382819,45.8130397],[24.1384307,45.8131397],[24.138475,45.813207],[24.1385434,45.8132995],[24.1386373,45.8133911],[24.1387412,45.8134743],[24.1399473,45.8142326]]}},{"type":"Feature","properties":{"osm_id":888219277,"name":"Strada Țiglari","highway":"tertiary","name_ro":null,"source":"openstreetmap"},"geometry":{"type":"LineString","coordinates":[[24.1353427,45.8117962],[24.1359322,45.8115575],[24.1363029,45.8114173]]}},{"type":"Feature","properties":{"osm_id":888219278,"name":"Strada Lungă","highway":"primary","name_ro":null,"source":"openstreetmap"},"geometry":{"type":"LineString","coordinates":[[24.1450279,45.8063423],[24.1450064,45.8063024],[24.1449071,45.8061179],[24.1447289,45.8057879],[24.1445774,45.8054881],[24.1445319,45.8053891],[24.1445097,45.8053294],[24.1444993,45.8052977],[24.1444738,45.805213],[24.1444517,45.8051109]]}},{"type":"Feature","properties":{"osm_id":888219279,"name":"Șoseaua Sibiului","highway":"primary","name_ro":null,"source":"openstreetmap"},"geometry":{"type":"LineString","coordinates":[[24.1698617,45.7793142],[24.1699266,45.7792596],[24.1700393,45.7791611],[24.1701197,45.7790864],[24.1704605,45.7787378],[24.1704867,45.7787106],[24.1707534,45.7784345],[24.1709968,45.7781821],[24.1715477,45.7776128],[24.1719855,45.777159]]}},{"type":"Feature","properties":{"osm_id":888219280,"name":"Șoseaua Sibiului","highway":"primary","name_ro":null,"source":"openstreetmap"},"geometry":{"type":"LineString","coordinates":[[24.1692212,45.780129],[24.1688905,45.7804439],[24.1685897,45.7806891],[24.1685365,45.7807317]]}},{"type":"Feature","properties":{"osm_id":888219281,"name":"Șoseaua Sibiului","highway":"primary","name_ro":null,"source":"openstreetmap"},"geometry":{"type":"LineString","coordinates":[[24.1685365,45.7807317],[24.1682026,45.7809853],[24.1680738,45.7810695],[24.1680128,45.7811035],[24.1678291,45.7811868]]}},{"type":"Feature","properties":{"osm_id":888221857,"name":"Strada München","highway":"unclassified","name_ro":null,"source":"openstreetmap"},"geometry":{"type":"LineString","coordinates":[[24.0870256,45.7969761],[24.0873225,45.7970299],[24.0874487,45.7970506],[24.0879748,45.7971367],[24.0886889,45.7972536],[24.0890698,45.7973176],[24.0892704,45.7973513],[24.0899147,45.7974595],[24.0900618,45.7974842]]}},{"type":"Feature","properties":{"osm_id":888221858,"name":"Strada Barcelona","highway":"unclassified","name_ro":null,"source":"openstreetmap"},"geometry":{"type":"LineString","coordinates":[[24.0915806,45.7977504],[24.0940172,45.7955184],[24.0940885,45.7954517],[24.0943406,45.7952348],[24.0946678,45.7950141],[24.0955744,45.7944269],[24.0958556,45.7942384],[24.0959775,45.7941567]]}},{"type":"Feature","properties":{"osm_id":888764049,"name":"Calea Rășinari","highway":"secondary","name_ro":null,"source":"openstreetmap"},"geometry":{"type":"LineString","coordinates":[[24.1159692,45.7538253],[24.116286,45.7542612]]}},{"type":"Feature","properties":{"osm_id":888769289,"name":"Strada Europa Unită","highway":"unclassified","name_ro":null,"source":"openstreetmap"},"geometry":{"type":"LineString","coordinates":[[24.0870256,45.7969761],[24.0872128,45.7965467],[24.0875415,45.795793]]}},{"type":"Feature","properties":{"osm_id":889262953,"name":"Piața Unirii","highway":"pedestrian","name_ro":"Piața Unirii","source":"openstreetmap"},"geometry":{"type":"LineString","coordinates":[[24.1491237,45.79126],[24.1490449,45.7912174],[24.1489162,45.7910855],[24.1488759,45.7910098],[24.148883,45.7908863],[24.148927,45.7907467]]}},{"type":"Feature","properties":{"osm_id":889262954,"name":"Piața Unirii","highway":"pedestrian","name_ro":null,"source":"openstreetmap"},"geometry":{"type":"LineString","coordinates":[[24.1493096,45.7908107],[24.1494338,45.7908798],[24.1491227,45.791151],[24.1490449,45.7912174]]}},{"type":"Feature","properties":{"osm_id":893346237,"name":"Pasajul Școlii","highway":"residential","name_ro":null,"source":"openstreetmap"},"geometry":{"type":"LineString","coordinates":[[24.1537894,45.7990422],[24.1539249,45.798693]]}},{"type":"Feature","properties":{"osm_id":898073993,"name":"Piața Mică","highway":"pedestrian","name_ro":null,"source":"openstreetmap"},"geometry":{"type":"LineString","coordinates":[[24.1508734,45.7983476],[24.1508412,45.7983625],[24.1508098,45.7983788],[24.1507842,45.7983998],[24.1507629,45.7984379],[24.1507829,45.7984431],[24.1508197,45.798449],[24.1509935,45.7984908],[24.1510051,45.7984663],[24.1511199,45.7984839],[24.1511777,45.7984932],[24.1511785,45.7984537],[24.1509671,45.7984206],[24.1509953,45.7983368],[24.1513981,45.7983957],[24.1514294,45.7984003],[24.1514063,45.7984721],[24.151452,45.7984795],[24.1516482,45.7985112],[24.151711,45.7985213],[24.1516975,45.7985502],[24.1518913,45.798584],[24.1519061,45.7985707],[24.15192,45.7985576],[24.1518818,45.7985379],[24.151947,45.798464],[24.1520145,45.798367],[24.1520798,45.7982286],[24.1520982,45.7981448],[24.1521101,45.7980822],[24.1521159,45.7979931],[24.1521661,45.7979924],[24.1521758,45.7979258],[24.1521695,45.7979143],[24.1521637,45.7979039],[24.1520223,45.7979452],[24.1519164,45.7977864],[24.1520407,45.7977436],[24.152012,45.7977027],[24.1520729,45.7976796],[24.1520526,45.7976547],[24.1520329,45.7976307],[24.1520192,45.7976138],[24.152007,45.7976001],[24.151994,45.7975847],[24.1519273,45.7976379],[24.1517434,45.7975277],[24.1517162,45.7975528],[24.1513756,45.7973876],[24.1515106,45.797261],[24.1510661,45.7970409],[24.1511322,45.796976],[24.1510622,45.7969413],[24.1511154,45.7968891],[24.1511058,45.7968773],[24.1510964,45.7968657],[24.1509039,45.7970557],[24.1508721,45.7970668],[24.1505531,45.7971298],[24.1503668,45.7971705],[24.1503121,45.7971631],[24.1503665,45.7972158],[24.1504393,45.7972864],[24.1504623,45.7972746],[24.1506902,45.7971577],[24.1507661,45.7972306],[24.150824,45.7972883],[24.150894,45.7973591],[24.151001,45.7974681],[24.1511159,45.7975796],[24.1511904,45.7976519],[24.1512645,45.7977942],[24.1512636,45.797806],[24.1512509,45.7978831],[24.151207,45.798004],[24.1511889,45.7980417],[24.1511656,45.7980369],[24.1511467,45.7980607],[24.1511028,45.7981161],[24.1510173,45.798173],[24.1507624,45.7982432],[24.1507828,45.7982542],[24.150795,45.7982608],[24.1508509,45.7982405],[24.1509178,45.798224],[24.1510166,45.798207],[24.151105,45.7981871],[24.1511685,45.7981667],[24.1512187,45.798138],[24.151618,45.7978625],[24.1516528,45.7978878],[24.1517071,45.7979269],[24.1513624,45.7981664],[24.151272,45.7982267],[24.1511938,45.7982616],[24.1511186,45.7982824],[24.151032,45.7982962],[24.1509671,45.7983096],[24.1509172,45.7983277],[24.1508734,45.7983476]]}},{"type":"Feature","properties":{"osm_id":898078464,"name":"Strada Azurului","highway":"residential","name_ro":null,"source":"openstreetmap"},"geometry":{"type":"LineString","coordinates":[[24.1930034,45.7719262],[24.1926248,45.7736586],[24.1926208,45.7736773]]}},{"type":"Feature","properties":{"osm_id":909708965,"name":"Strada Rozmarinului","highway":"residential","name_ro":null,"source":"openstreetmap"},"geometry":{"type":"LineString","coordinates":[[24.1175284,45.7852927],[24.1174586,45.7852111],[24.1174297,45.7851528],[24.1173734,45.7849704],[24.1173184,45.7848516],[24.1172191,45.784746],[24.1171084,45.784669]]}},{"type":"Feature","properties":{"osm_id":909752485,"name":"Strada Ghiocelului","highway":"residential","name_ro":null,"source":"openstreetmap"},"geometry":{"type":"LineString","coordinates":[[24.1158909,45.7851339],[24.1161074,45.785001],[24.1165982,45.7844083],[24.1167434,45.7842695]]}},{"type":"Feature","properties":{"osm_id":939639031,"name":"Strada Liviu Ciulei","highway":"residential","name_ro":null,"source":"openstreetmap"},"geometry":{"type":"LineString","coordinates":[[24.1485768,45.7709435],[24.1493026,45.7712394]]}},{"type":"Feature","properties":{"osm_id":939639032,"name":"Strada Liviu Ciulei","highway":"residential","name_ro":null,"source":"openstreetmap"},"geometry":{"type":"LineString","coordinates":[[24.1493026,45.7712394],[24.1502664,45.7716332]]}},{"type":"Feature","properties":{"osm_id":939639033,"name":"Strada Liviu Ciulei","highway":"residential","name_ro":null,"source":"openstreetmap"},"geometry":{"type":"LineString","coordinates":[[24.1502664,45.7716332],[24.1502601,45.7717296],[24.1502517,45.771989],[24.1502608,45.7720161],[24.1502801,45.7720432],[24.1503108,45.7720649]]}},{"type":"Feature","properties":{"osm_id":942117730,"name":"Strada Partenie Cosma","highway":"residential","name_ro":null,"source":"openstreetmap"},"geometry":{"type":"LineString","coordinates":[[24.1348071,45.7989009],[24.1349696,45.7990382],[24.1354078,45.7994202],[24.1350326,45.7996415],[24.1347243,45.7998312],[24.1343934,45.8000368]]}},{"type":"Feature","properties":{"osm_id":942117742,"name":"Strada Partenie Cosma","highway":"residential","name_ro":null,"source":"openstreetmap"},"geometry":{"type":"LineString","coordinates":[[24.1349696,45.7990382],[24.1351875,45.7990535],[24.1354327,45.7992261],[24.1356949,45.7992426],[24.1360351,45.799218],[24.1360981,45.7992245],[24.136411,45.7994784],[24.1364344,45.7995256],[24.136425,45.7995859],[24.136369,45.7996282],[24.1349232,45.800472]]}},{"type":"Feature","properties":{"osm_id":942117743,"name":"Strada Partenie Cosma","highway":"residential","name_ro":null,"source":"openstreetmap"},"geometry":{"type":"LineString","coordinates":[[24.1354078,45.7994202],[24.1356949,45.7992426]]}},{"type":"Feature","properties":{"osm_id":961850413,"name":"Strada Ludoș","highway":"tertiary","name_ro":null,"source":"openstreetmap"},"geometry":{"type":"LineString","coordinates":[[24.1290744,45.7682004],[24.1291419,45.7682297],[24.1292029,45.7682508],[24.129293,45.7682769],[24.1293713,45.7682909],[24.1294547,45.7682975],[24.1295195,45.7682991],[24.129597,45.7682978],[24.1297062,45.7682919],[24.1298156,45.7682828],[24.1298943,45.7682729],[24.1299587,45.7682602],[24.1300319,45.7682429],[24.1301143,45.7682147],[24.1301955,45.7681762],[24.1302628,45.7681376],[24.130304,45.7681117],[24.1303605,45.7680721],[24.1304181,45.7680271],[24.1304561,45.7679968],[24.1305053,45.7679536],[24.1308614,45.7675829],[24.131072,45.7673422],[24.1314254,45.7669139],[24.1314553,45.7668694],[24.13148,45.7668285],[24.131511,45.7667595],[24.1315457,45.7666779]]}},{"type":"Feature","properties":{"osm_id":981176807,"name":"Strada Ovidiu","highway":"residential","name_ro":null,"source":"openstreetmap"},"geometry":{"type":"LineString","coordinates":[[24.1687853,45.8011818],[24.1681346,45.8019009]]}},{"type":"Feature","properties":{"osm_id":981624844,"name":"Strada Justiției","highway":"tertiary","name_ro":null,"source":"openstreetmap"},"geometry":{"type":"LineString","coordinates":[[24.1474952,45.7869542],[24.1471888,45.7871632]]}},{"type":"Feature","properties":{"osm_id":981624845,"name":"Strada Justiției","highway":"tertiary","name_ro":null,"source":"openstreetmap"},"geometry":{"type":"LineString","coordinates":[[24.1476123,45.7868773],[24.1474952,45.7869542]]}},{"type":"Feature","properties":{"osm_id":983695457,"name":"Strada Hermann Oberth","highway":"primary","name_ro":null,"source":"openstreetmap"},"geometry":{"type":"LineString","coordinates":[[24.160195,45.7943385],[24.1601749,45.7945359],[24.1601427,45.794693],[24.1601268,45.7947494],[24.1601106,45.7948067]]}},{"type":"Feature","properties":{"osm_id":983695458,"name":"Strada Hermann Oberth","highway":"primary","name_ro":null,"source":"openstreetmap"},"geometry":{"type":"LineString","coordinates":[[24.1600172,45.7947901],[24.1600584,45.7946745],[24.1601072,45.7945315],[24.160195,45.7943385]]}},{"type":"Feature","properties":{"osm_id":984384589,"name":"Strada Ștefan cel Mare","highway":"secondary","name_ro":null,"source":"openstreetmap"},"geometry":{"type":"LineString","coordinates":[[24.178972,45.7894995],[24.1790716,45.7894602],[24.17915,45.7894317],[24.1792203,45.7894048]]}},{"type":"Feature","properties":{"osm_id":984385652,"name":"Strada Ștefan cel Mare","highway":"primary","name_ro":null,"source":"openstreetmap"},"geometry":{"type":"LineString","coordinates":[[24.1785662,45.7894786],[24.1786746,45.7894981],[24.1787536,45.7895071],[24.1788536,45.7895121]]}},{"type":"Feature","properties":{"osm_id":984385658,"name":"Strada Ștefan cel Mare","highway":"primary","name_ro":null,"source":"openstreetmap"},"geometry":{"type":"LineString","coordinates":[[24.1788157,45.7897257],[24.1785008,45.7895877]]}},{"type":"Feature","properties":{"osm_id":984386595,"name":"Strada Ștefan cel Mare","highway":"primary","name_ro":null,"source":"openstreetmap"},"geometry":{"type":"LineString","coordinates":[[24.1753029,45.7886153],[24.1752239,45.7886295],[24.1750968,45.7886545],[24.1748805,45.7886987]]}},{"type":"Feature","properties":{"osm_id":984392403,"name":"Strada Socului","highway":"unclassified","name_ro":null,"source":"openstreetmap"},"geometry":{"type":"LineString","coordinates":[[24.1631828,45.7982847],[24.1629475,45.7984917],[24.1628584,45.7985701]]}},{"type":"Feature","properties":{"osm_id":984392407,"name":"Strada Fabricii","highway":"residential","name_ro":null,"source":"openstreetmap"},"geometry":{"type":"LineString","coordinates":[[24.1602874,45.7948932],[24.1602087,45.7948928],[24.1601645,45.7948926]]}},{"type":"Feature","properties":{"osm_id":984392408,"name":"Strada Ștefan cel Mare","highway":"primary","name_ro":null,"source":"openstreetmap"},"geometry":{"type":"LineString","coordinates":[[24.1644304,45.7900164],[24.1645571,45.7900073],[24.1649895,45.7899754]]}},{"type":"Feature","properties":{"osm_id":984414265,"name":"Bulevardul Corneliu Coposu","highway":"tertiary","name_ro":null,"source":"openstreetmap"},"geometry":{"type":"LineString","coordinates":[[24.1612731,45.7974692],[24.161481,45.7974947]]}},{"type":"Feature","properties":{"osm_id":984416818,"name":"Strada Uzinei","highway":"tertiary","name_ro":null,"source":"openstreetmap"},"geometry":{"type":"LineString","coordinates":[[24.1597272,45.7969716],[24.1597515,45.7969166]]}},{"type":"Feature","properties":{"osm_id":984416819,"name":"Strada Uzinei","highway":"tertiary","name_ro":null,"source":"openstreetmap"},"geometry":{"type":"LineString","coordinates":[[24.1597299,45.7969939],[24.1597272,45.7969716]]}},{"type":"Feature","properties":{"osm_id":984416820,"name":"Strada Uzinei","highway":"tertiary","name_ro":null,"source":"openstreetmap"},"geometry":{"type":"LineString","coordinates":[[24.1597451,45.7969841],[24.1597299,45.7969939]]}},{"type":"Feature","properties":{"osm_id":984416821,"name":"Strada Uzinei","highway":"tertiary","name_ro":null,"source":"openstreetmap"},"geometry":{"type":"LineString","coordinates":[[24.1597843,45.7969348],[24.1597451,45.7969841]]}},{"type":"Feature","properties":{"osm_id":984416823,"name":"Strada Uzinei","highway":"tertiary","name_ro":null,"source":"openstreetmap"},"geometry":{"type":"LineString","coordinates":[[24.1603024,45.7996084],[24.1602045,45.7991972]]}},{"type":"Feature","properties":{"osm_id":984417813,"name":"Strada Nicovalei","highway":"residential","name_ro":null,"source":"openstreetmap"},"geometry":{"type":"LineString","coordinates":[[24.1658751,45.799988],[24.1658505,45.7999334],[24.1658269,45.799881],[24.1655846,45.7997712]]}},{"type":"Feature","properties":{"osm_id":984420462,"name":"Strada Semaforului","highway":"primary","name_ro":null,"source":"openstreetmap"},"geometry":{"type":"LineString","coordinates":[[24.1672042,45.7821781],[24.1673235,45.7822424],[24.1675178,45.7823506],[24.1676388,45.7824193]]}},{"type":"Feature","properties":{"osm_id":984496474,"name":"Aleea Infanteristilor","highway":"residential","name_ro":null,"source":"openstreetmap"},"geometry":{"type":"LineString","coordinates":[[24.1572252,45.7792161],[24.15852,45.7799342],[24.1585914,45.7799736]]}},{"type":"Feature","properties":{"osm_id":985226552,"name":"Strada Horia Creangă","highway":"service","name_ro":null,"source":"openstreetmap"},"geometry":{"type":"LineString","coordinates":[[24.1773487,45.7758991],[24.1769699,45.7752472],[24.1766636,45.7747132]]}},{"type":"Feature","properties":{"osm_id":993895035,"name":"Calea Șurii Mari","highway":"primary","name_ro":null,"source":"openstreetmap"},"geometry":{"type":"LineString","coordinates":[[24.1489892,45.814919],[24.1490442,45.8147512]]}},{"type":"Feature","properties":{"osm_id":995316309,"name":"Strada 24 Ianuarie 1859","highway":"service","name_ro":null,"source":"openstreetmap"},"geometry":{"type":"LineString","coordinates":[[24.2031198,45.7640064],[24.2024584,45.7629556]]}},{"type":"Feature","properties":{"osm_id":995316310,"name":"Strada 1 Decembrie","highway":"service","name_ro":null,"source":"openstreetmap"},"geometry":{"type":"LineString","coordinates":[[24.202967,45.7641159],[24.2041039,45.7643664]]}},{"type":"Feature","properties":{"osm_id":995340764,"name":"Strada Socului","highway":"residential","name_ro":null,"source":"openstreetmap"},"geometry":{"type":"LineString","coordinates":[[24.191857,45.7698439],[24.1926429,45.7717775]]}},{"type":"Feature","properties":{"osm_id":995351875,"name":"Strada Henri Coandă","highway":"residential","name_ro":null,"source":"openstreetmap"},"geometry":{"type":"LineString","coordinates":[[24.1789671,45.7962739],[24.1791512,45.796669]]}},{"type":"Feature","properties":{"osm_id":996942889,"name":"Strada Zăvoi","highway":"residential","name_ro":null,"source":"openstreetmap"},"geometry":{"type":"LineString","coordinates":[[24.1066918,45.7759114],[24.1063636,45.7752487],[24.1061693,45.7749567],[24.1060428,45.7747788],[24.1058713,45.7745592],[24.1056885,45.7743513],[24.1055587,45.7741752],[24.1054469,45.7740234]]}},{"type":"Feature","properties":{"osm_id":997017464,"name":"Strada Regina Elisabeta","highway":"residential","name_ro":null,"source":"openstreetmap"},"geometry":{"type":"LineString","coordinates":[[24.1481068,45.8070387],[24.1478735,45.8071127],[24.1477031,45.8071851],[24.1473995,45.8073397],[24.1473665,45.8073591],[24.1473488,45.8073845],[24.1473466,45.8074113],[24.1473709,45.8074451],[24.1474026,45.8074585],[24.1474251,45.807462],[24.1474594,45.8074591],[24.1478789,45.8073287],[24.1479641,45.8073268],[24.1482131,45.8072474],[24.1482495,45.8072368]]}},{"type":"Feature","properties":{"osm_id":997017465,"name":"Aleea Petuniei","highway":"residential","name_ro":null,"source":"openstreetmap"},"geometry":{"type":"LineString","coordinates":[[24.1485338,45.807624],[24.1483212,45.8076897],[24.1482857,45.8076964],[24.1482601,45.807697],[24.1482361,45.8076939],[24.1482049,45.8076882],[24.1481788,45.8076905],[24.1481522,45.8076983],[24.1477558,45.8078178],[24.1477196,45.8078299],[24.1476949,45.8078493],[24.1475896,45.8079972],[24.1475717,45.8080175],[24.147545,45.808032],[24.1473198,45.808102],[24.1472898,45.8081103]]}},{"type":"Feature","properties":{"osm_id":997017466,"name":"Aleea Petuniei","highway":"residential","name_ro":null,"source":"openstreetmap"},"geometry":{"type":"LineString","coordinates":[[24.1488187,45.8080213],[24.1486167,45.8080842],[24.1485879,45.8080895],[24.1485591,45.8080913],[24.1485302,45.8080912],[24.1484257,45.8080863],[24.1483972,45.8080859],[24.1483748,45.8080883],[24.1479431,45.8082146],[24.14792,45.8082266],[24.1479044,45.8082457],[24.1478927,45.8082755],[24.147846,45.8083801],[24.1478261,45.808415],[24.1478068,45.8084326],[24.1477854,45.8084441],[24.1475875,45.8085102],[24.1475475,45.8085213]]}},{"type":"Feature","properties":{"osm_id":997030650,"name":"Strada Dinamului","highway":"residential","name_ro":null,"source":"openstreetmap"},"geometry":{"type":"LineString","coordinates":[[24.1698631,45.798892],[24.1702411,45.7993645]]}},{"type":"Feature","properties":{"osm_id":997030651,"name":"Strada Lăcătușilor","highway":"residential","name_ro":null,"source":"openstreetmap"},"geometry":{"type":"LineString","coordinates":[[24.1704561,45.8004141],[24.1698092,45.7998806]]}},{"type":"Feature","properties":{"osm_id":997034841,"name":"Strada Nicolae Grigorescu","highway":"residential","name_ro":null,"source":"openstreetmap"},"geometry":{"type":"LineString","coordinates":[[24.1792625,45.7768393],[24.1795833,45.777541]]}},{"type":"Feature","properties":{"osm_id":997034844,"name":"Strada Ana Aslan","highway":"residential","name_ro":null,"source":"openstreetmap"},"geometry":{"type":"LineString","coordinates":[[24.1842037,45.7773216],[24.1871155,45.7769689]]}},{"type":"Feature","properties":{"osm_id":997035378,"name":"Strada Fragilor","highway":"residential","name_ro":null,"source":"openstreetmap"},"geometry":{"type":"LineString","coordinates":[[24.1960184,45.7710077],[24.1959554,45.7710591],[24.1955355,45.7711317],[24.1952956,45.7711751],[24.1952527,45.7712069],[24.1952231,45.7712499],[24.1952231,45.7713005],[24.1956699,45.7723683]]}},{"type":"Feature","properties":{"osm_id":997035379,"name":"Aleea Gării","highway":"residential","name_ro":null,"source":"openstreetmap"},"geometry":{"type":"LineString","coordinates":[[24.1960828,45.770327],[24.1965554,45.7714922]]}},{"type":"Feature","properties":{"osm_id":997035516,"name":"Strada Dimitrie Cantemir","highway":"residential","name_ro":null,"source":"openstreetmap"},"geometry":{"type":"LineString","coordinates":[[24.1968578,45.7630988],[24.1969208,45.7631079],[24.1982353,45.763298],[24.1982594,45.7633064],[24.1982688,45.7633233],[24.1982688,45.7634636],[24.1982862,45.7634926],[24.1983264,45.7635123],[24.1985705,45.7635489],[24.1990694,45.7636236],[24.1992572,45.7636536],[24.1999224,45.7637545],[24.2003312,45.7638211],[24.2005205,45.7638519],[24.2006117,45.7638575],[24.2007083,45.7638369],[24.2007995,45.7637733],[24.2009879,45.7633153]]}},{"type":"Feature","properties":{"osm_id":998972600,"name":"Strada Pieței","highway":"residential","name_ro":null,"source":"openstreetmap"},"geometry":{"type":"LineString","coordinates":[[24.1875396,45.76857],[24.187483,45.7684362],[24.1874889,45.7683844],[24.187521,45.7683396]]}},{"type":"Feature","properties":{"osm_id":998972601,"name":"Aleea Libertății","highway":"residential","name_ro":null,"source":"openstreetmap"},"geometry":{"type":"LineString","coordinates":[[24.1873492,45.7738066],[24.1879251,45.773848]]}},{"type":"Feature","properties":{"osm_id":998972603,"name":"Aleea Măgurii","highway":"residential","name_ro":null,"source":"openstreetmap"},"geometry":{"type":"LineString","coordinates":[[24.1875346,45.7713645],[24.1877905,45.7713981],[24.1889632,45.7715195],[24.1890764,45.7715466],[24.1891521,45.7715633]]}},{"type":"Feature","properties":{"osm_id":998972604,"name":"Strada Traian","highway":"residential","name_ro":null,"source":"openstreetmap"},"geometry":{"type":"LineString","coordinates":[[24.2023679,45.7614621],[24.2029866,45.7615763],[24.2031988,45.7608771],[24.203188,45.7607466],[24.2031464,45.7605782],[24.2031048,45.7605062],[24.2030378,45.760464],[24.2028557,45.7604383]]}},{"type":"Feature","properties":{"osm_id":998972605,"name":"Strada Decebal","highway":"residential","name_ro":null,"source":"openstreetmap"},"geometry":{"type":"LineString","coordinates":[[24.2026304,45.7607824],[24.202572,45.7609753],[24.2025135,45.7611188],[24.2024378,45.7612942],[24.2023679,45.7614621]]}},{"type":"Feature","properties":{"osm_id":998972606,"name":"Strada Decebal","highway":"residential","name_ro":null,"source":"openstreetmap"},"geometry":{"type":"LineString","coordinates":[[24.2026304,45.7607824],[24.2027092,45.7605426],[24.2026998,45.7604931]]}},{"type":"Feature","properties":{"osm_id":1011061128,"name":"Strada Mălinului","highway":"residential","name_ro":null,"source":"openstreetmap"},"geometry":{"type":"LineString","coordinates":[[24.1826527,45.8111143],[24.1826205,45.8111146],[24.1825898,45.8111078],[24.1825638,45.8110945],[24.1825453,45.8110761],[24.1825362,45.8110547],[24.1825374,45.8110324],[24.1825486,45.8110115],[24.1825687,45.8109942],[24.1825957,45.8109822],[24.1826268,45.8109768],[24.1826606,45.8109789],[24.1826913,45.8109888],[24.1827156,45.8110053],[24.1827305,45.8110265],[24.1827344,45.81105],[24.1827267,45.811073],[24.1827084,45.8110929],[24.1826831,45.8111068],[24.1826527,45.8111143]]}},{"type":"Feature","properties":{"osm_id":1011063945,"name":"Strada Topitorilor","highway":"residential","name_ro":null,"source":"openstreetmap"},"geometry":{"type":"LineString","coordinates":[[24.1676328,45.7989739],[24.1675505,45.7989243],[24.1669988,45.7985879],[24.1669783,45.7985667]]}},{"type":"Feature","properties":{"osm_id":1015911128,"name":"Strada Triajului","highway":"residential","name_ro":null,"source":"openstreetmap"},"geometry":{"type":"LineString","coordinates":[[24.1799318,45.7882312],[24.1800484,45.7882336]]}},{"type":"Feature","properties":{"osm_id":1016721749,"name":"Strada General Vasile Milea","highway":"residential","name_ro":null,"source":"openstreetmap"},"geometry":{"type":"LineString","coordinates":[[24.1532907,45.7885633],[24.1539774,45.7883304],[24.1542956,45.7882225]]}},{"type":"Feature","properties":{"osm_id":1016721751,"name":"Strada General Vasile Milea","highway":"residential","name_ro":null,"source":"openstreetmap"},"geometry":{"type":"LineString","coordinates":[[24.1532907,45.7885633],[24.151721,45.7890957],[24.1511017,45.7893057]]}},{"type":"Feature","properties":{"osm_id":1020284407,"name":"Strada Virgil Ioan Ispas","highway":"residential","name_ro":null,"source":"openstreetmap"},"geometry":{"type":"LineString","coordinates":[[24.146444,45.7676531],[24.1465311,45.7676829],[24.1466679,45.7677297]]}},{"type":"Feature","properties":{"osm_id":1020284408,"name":"Strada Grigore Ionescu","highway":"secondary","name_ro":null,"source":"openstreetmap"},"geometry":{"type":"LineString","coordinates":[[24.146444,45.7676531],[24.1464939,45.7678262]]}},{"type":"Feature","properties":{"osm_id":1020284409,"name":"Strada Grigore Ionescu","highway":"secondary","name_ro":null,"source":"openstreetmap"},"geometry":{"type":"LineString","coordinates":[[24.1465885,45.7681539],[24.1466188,45.7682738]]}},{"type":"Feature","properties":{"osm_id":1027420183,"name":"Aleea Principală","highway":"service","name_ro":null,"source":"openstreetmap"},"geometry":{"type":"LineString","coordinates":[[24.138118,45.7702182],[24.1381276,45.7701404]]}},{"type":"Feature","properties":{"osm_id":1034530232,"name":"Strada Grigore Ionescu","highway":"secondary","name_ro":null,"source":"openstreetmap"},"geometry":{"type":"LineString","coordinates":[[24.1459863,45.7660054],[24.1460366,45.7661884]]}},{"type":"Feature","properties":{"osm_id":1049802126,"name":"Calea Dumbrăvii","highway":"primary","name_ro":null,"source":"openstreetmap"},"geometry":{"type":"LineString","coordinates":[[24.1465773,45.7810672],[24.1466847,45.7812108],[24.1472104,45.7818989],[24.147247,45.7819468]]}},{"type":"Feature","properties":{"osm_id":1049802127,"name":"Calea Dumbrăvii","highway":"primary","name_ro":null,"source":"openstreetmap"},"geometry":{"type":"LineString","coordinates":[[24.147247,45.7819468],[24.1474514,45.7822047]]}},{"type":"Feature","properties":{"osm_id":1049802128,"name":"Calea Dumbrăvii","highway":"primary","name_ro":null,"source":"openstreetmap"},"geometry":{"type":"LineString","coordinates":[[24.1478006,45.7827128],[24.1477565,45.782652],[24.1474514,45.7822047]]}},{"type":"Feature","properties":{"osm_id":1055994220,"name":"Strada Grigore Ionescu","highway":"secondary","name_ro":null,"source":"openstreetmap"},"geometry":{"type":"LineString","coordinates":[[24.1470108,45.7702126],[24.1470579,45.7701688],[24.1470824,45.7701301],[24.147092,45.7700724],[24.1470927,45.770035],[24.1470938,45.7699544]]}},{"type":"Feature","properties":{"osm_id":1055994221,"name":"Strada Grigore Ionescu","highway":"secondary","name_ro":null,"source":"openstreetmap"},"geometry":{"type":"LineString","coordinates":[[24.1474321,45.7706614],[24.1476423,45.7710708]]}},{"type":"Feature","properties":{"osm_id":1059678832,"name":"Strada Grigore Ionescu","highway":"secondary","name_ro":null,"source":"openstreetmap"},"geometry":{"type":"LineString","coordinates":[[24.1451097,45.7620728],[24.1451179,45.7622389]]}},{"type":"Feature","properties":{"osm_id":1059678833,"name":"Strada Grigore Ionescu","highway":"secondary","name_ro":null,"source":"openstreetmap"},"geometry":{"type":"LineString","coordinates":[[24.1451889,45.761647],[24.1452311,45.7616615],[24.14526,45.761681],[24.1452798,45.7617055],[24.1452889,45.7617329],[24.1452865,45.7617609],[24.1452728,45.7617873]]}},{"type":"Feature","properties":{"osm_id":1059756924,"name":"Strada Grigore Ionescu","highway":"secondary","name_ro":null,"source":"openstreetmap"},"geometry":{"type":"LineString","coordinates":[[24.1434987,45.7525874],[24.1434906,45.7526912],[24.143484,45.7528073],[24.1434816,45.7529051]]}},{"type":"Feature","properties":{"osm_id":1059756925,"name":"Strada Grigore Ionescu","highway":"secondary","name_ro":null,"source":"openstreetmap"},"geometry":{"type":"LineString","coordinates":[[24.143523,45.7524289],[24.1434987,45.7525874]]}},{"type":"Feature","properties":{"osm_id":1059756926,"name":"Strada Grigore Ionescu","highway":"secondary","name_ro":null,"source":"openstreetmap"},"geometry":{"type":"LineString","coordinates":[[24.1434816,45.7529051],[24.143482,45.753044],[24.1434935,45.7531774]]}},{"type":"Feature","properties":{"osm_id":1059756927,"name":"Strada Grigore Ionescu","highway":"secondary","name_ro":null,"source":"openstreetmap"},"geometry":{"type":"LineString","coordinates":[[24.1434935,45.7531774],[24.1435897,45.7537815]]}},{"type":"Feature","properties":{"osm_id":1059756928,"name":"Strada Grigore Ionescu","highway":"secondary","name_ro":null,"source":"openstreetmap"},"geometry":{"type":"LineString","coordinates":[[24.143612,45.7538944],[24.1436287,45.753979],[24.1437138,45.7544092]]}},{"type":"Feature","properties":{"osm_id":1059756929,"name":"Strada Grigore Ionescu","highway":"secondary","name_ro":null,"source":"openstreetmap"},"geometry":{"type":"LineString","coordinates":[[24.1437326,45.7545045],[24.1437537,45.7546113]]}},{"type":"Feature","properties":{"osm_id":1059756930,"name":"Strada Grigore Ionescu","highway":"secondary","name_ro":null,"source":"openstreetmap"},"geometry":{"type":"LineString","coordinates":[[24.1437537,45.7546113],[24.1438047,45.7549094]]}},{"type":"Feature","properties":{"osm_id":1059756931,"name":"Strada Daniel Renard","highway":"residential","name_ro":null,"source":"openstreetmap"},"geometry":{"type":"LineString","coordinates":[[24.143889,45.7544847],[24.1449277,45.7548271],[24.1450487,45.7548668],[24.1456613,45.7550679],[24.1464187,45.7553166],[24.1467291,45.7554185],[24.1470606,45.7555273],[24.1474295,45.7556484],[24.1476695,45.7557289],[24.1478155,45.7557754],[24.1488194,45.756107],[24.1495682,45.7563543],[24.151271,45.7569167],[24.1516122,45.7570281],[24.1522207,45.7572416],[24.1524854,45.7573345],[24.1531835,45.7575794]]}},{"type":"Feature","properties":{"osm_id":1059756932,"name":"Strada Grigore Ionescu","highway":"secondary","name_ro":null,"source":"openstreetmap"},"geometry":{"type":"LineString","coordinates":[[24.1438047,45.7549094],[24.1438301,45.7550717]]}},{"type":"Feature","properties":{"osm_id":1059756933,"name":"Strada Grigore Ionescu","highway":"secondary","name_ro":null,"source":"openstreetmap"},"geometry":{"type":"LineString","coordinates":[[24.1438858,45.755369],[24.1439701,45.7556416]]}},{"type":"Feature","properties":{"osm_id":1059756934,"name":"Strada Grigore Ionescu","highway":"secondary","name_ro":null,"source":"openstreetmap"},"geometry":{"type":"LineString","coordinates":[[24.1439701,45.7556416],[24.1439955,45.7557199]]}},{"type":"Feature","properties":{"osm_id":1059756935,"name":"Strada Grigore Ionescu","highway":"secondary","name_ro":null,"source":"openstreetmap"},"geometry":{"type":"LineString","coordinates":[[24.1439955,45.7557199],[24.1443092,45.7566561],[24.1443653,45.7568236],[24.1444159,45.7569975]]}},{"type":"Feature","properties":{"osm_id":1059756936,"name":"Strada Radu Patrulius","highway":"residential","name_ro":null,"source":"openstreetmap"},"geometry":{"type":"LineString","coordinates":[[24.143645,45.7557274],[24.143663,45.7559008],[24.1436496,45.755927],[24.1436215,45.7559382],[24.1404301,45.7561906]]}},{"type":"Feature","properties":{"osm_id":1059756937,"name":"Strada Grigore Ionescu","highway":"secondary","name_ro":null,"source":"openstreetmap"},"geometry":{"type":"LineString","coordinates":[[24.1444159,45.7569975],[24.1444372,45.7570835]]}},{"type":"Feature","properties":{"osm_id":1059756938,"name":"Strada Grigore Ionescu","highway":"secondary","name_ro":null,"source":"openstreetmap"},"geometry":{"type":"LineString","coordinates":[[24.1444372,45.7570835],[24.1445105,45.7574494],[24.1445169,45.7574933]]}},{"type":"Feature","properties":{"osm_id":1059756939,"name":"Strada Grigore Ionescu","highway":"secondary","name_ro":null,"source":"openstreetmap"},"geometry":{"type":"LineString","coordinates":[[24.1445287,45.7575739],[24.1446676,45.7584706]]}},{"type":"Feature","properties":{"osm_id":1059756940,"name":"Strada Duiliu Marcu","highway":"residential","name_ro":null,"source":"openstreetmap"},"geometry":{"type":"LineString","coordinates":[[24.1452319,45.7569207],[24.1452723,45.7569092],[24.1453271,45.7569132],[24.14557,45.7569923],[24.1459849,45.7571274],[24.1460942,45.757163],[24.1464185,45.7572687],[24.146706,45.7573623],[24.147659,45.757681],[24.1479287,45.7577711],[24.1483183,45.7578998],[24.1519498,45.7591008]]}},{"type":"Feature","properties":{"osm_id":1059756941,"name":"Strada Grigore Ionescu","highway":"secondary","name_ro":null,"source":"openstreetmap"},"geometry":{"type":"LineString","coordinates":[[24.1446676,45.7584706],[24.1446839,45.7585781]]}},{"type":"Feature","properties":{"osm_id":1059756942,"name":"Strada Grigore Ionescu","highway":"secondary","name_ro":null,"source":"openstreetmap"},"geometry":{"type":"LineString","coordinates":[[24.1447548,45.7590225],[24.1447708,45.7591355]]}},{"type":"Feature","properties":{"osm_id":1059756943,"name":"Strada Grigore Ionescu","highway":"secondary","name_ro":null,"source":"openstreetmap"},"geometry":{"type":"LineString","coordinates":[[24.1447796,45.7591984],[24.1447882,45.7592597]]}},{"type":"Feature","properties":{"osm_id":1059756944,"name":"Strada Grigore Ionescu","highway":"secondary","name_ro":null,"source":"openstreetmap"},"geometry":{"type":"LineString","coordinates":[[24.144851,45.7597052],[24.1448654,45.7598077]]}},{"type":"Feature","properties":{"osm_id":1059756945,"name":"Strada Grigore Ionescu","highway":"secondary","name_ro":null,"source":"openstreetmap"},"geometry":{"type":"LineString","coordinates":[[24.1449445,45.7603375],[24.1449586,45.760454]]}},{"type":"Feature","properties":{"osm_id":1059756946,"name":"Strada Grigore Ionescu","highway":"secondary","name_ro":null,"source":"openstreetmap"},"geometry":{"type":"LineString","coordinates":[[24.145023,45.7610405],[24.1450329,45.7611311]]}},{"type":"Feature","properties":{"osm_id":1059756948,"name":"Strada Grigore Ionescu","highway":"secondary","name_ro":null,"source":"openstreetmap"},"geometry":{"type":"LineString","coordinates":[[24.1451179,45.7622389],[24.1451203,45.7623009]]}},{"type":"Feature","properties":{"osm_id":1059756949,"name":"Strada Grigore Ionescu","highway":"secondary","name_ro":null,"source":"openstreetmap"},"geometry":{"type":"LineString","coordinates":[[24.1451256,45.7623995],[24.1451317,45.7624867]]}},{"type":"Feature","properties":{"osm_id":1059756950,"name":"Strada Grigore Ionescu","highway":"residential","name_ro":null,"source":"openstreetmap"},"geometry":{"type":"LineString","coordinates":[[24.1449628,45.7622801],[24.1448336,45.7609697]]}},{"type":"Feature","properties":{"osm_id":1059756951,"name":"Strada Grigore Ionescu","highway":"secondary","name_ro":null,"source":"openstreetmap"},"geometry":{"type":"LineString","coordinates":[[24.1454636,45.7641092],[24.1454782,45.7641581]]}},{"type":"Feature","properties":{"osm_id":1059756952,"name":"Strada Grigore Ionescu","highway":"secondary","name_ro":null,"source":"openstreetmap"},"geometry":{"type":"LineString","coordinates":[[24.1454782,45.7641581],[24.1455098,45.7642576]]}},{"type":"Feature","properties":{"osm_id":1059756954,"name":"Strada Grigore Ionescu","highway":"secondary","name_ro":null,"source":"openstreetmap"},"geometry":{"type":"LineString","coordinates":[[24.1457087,45.7650087],[24.1457521,45.7651648]]}},{"type":"Feature","properties":{"osm_id":1059756955,"name":"Strada Irina Rosetti","highway":"residential","name_ro":null,"source":"openstreetmap"},"geometry":{"type":"LineString","coordinates":[[24.1461971,45.7661037],[24.146243,45.7661176]]}},{"type":"Feature","properties":{"osm_id":1059756956,"name":"Strada Grigore Ionescu","highway":"secondary","name_ro":null,"source":"openstreetmap"},"geometry":{"type":"LineString","coordinates":[[24.1462279,45.7668749],[24.146444,45.7676531]]}},{"type":"Feature","properties":{"osm_id":1059756957,"name":"Strada Grigore Ionescu","highway":"secondary","name_ro":null,"source":"openstreetmap"},"geometry":{"type":"LineString","coordinates":[[24.1467863,45.7689301],[24.1468338,45.7690882]]}},{"type":"Feature","properties":{"osm_id":1059756958,"name":"Strada Grigore Ionescu","highway":"secondary","name_ro":null,"source":"openstreetmap"},"geometry":{"type":"LineString","coordinates":[[24.1468593,45.769173],[24.146874,45.7692222]]}},{"type":"Feature","properties":{"osm_id":1059756959,"name":"Strada Grigore Ionescu","highway":"secondary","name_ro":null,"source":"openstreetmap"},"geometry":{"type":"LineString","coordinates":[[24.14701,45.7696752],[24.1470518,45.7698144]]}},{"type":"Feature","properties":{"osm_id":1059756966,"name":"Strada Liviu Ciulei","highway":"residential","name_ro":null,"source":"openstreetmap"},"geometry":{"type":"LineString","coordinates":[[24.147585,45.7705212],[24.1480024,45.7707018]]}},{"type":"Feature","properties":{"osm_id":1059756967,"name":"Strada Liviu Ciulei","highway":"residential","name_ro":null,"source":"openstreetmap"},"geometry":{"type":"LineString","coordinates":[[24.1480024,45.7707018],[24.1484503,45.7708866],[24.1485768,45.7709435]]}},{"type":"Feature","properties":{"osm_id":1059863958,"name":"Strada Grigore Ionescu","highway":"secondary","name_ro":null,"source":"openstreetmap"},"geometry":{"type":"LineString","coordinates":[[24.1438641,45.7506228],[24.1438163,45.7506128],[24.143775,45.7505932]]}},{"type":"Feature","properties":{"osm_id":1059863959,"name":"Strada Grigore Ionescu","highway":"secondary","name_ro":null,"source":"openstreetmap"},"geometry":{"type":"LineString","coordinates":[[24.1439857,45.7504156],[24.144016,45.7504358],[24.1440381,45.7504607],[24.1440505,45.7504886]]}},{"type":"Feature","properties":{"osm_id":1059863960,"name":"Strada Grigore Ionescu","highway":"secondary","name_ro":null,"source":"openstreetmap"},"geometry":{"type":"LineString","coordinates":[[24.1438126,45.7508513],[24.1437446,45.7512357]]}},{"type":"Feature","properties":{"osm_id":1060238756,"name":"Strada Grigore Ionescu","highway":"residential","name_ro":null,"source":"openstreetmap"},"geometry":{"type":"LineString","coordinates":[[24.1452319,45.7569207],[24.1452181,45.7568922],[24.1451918,45.7568684],[24.1451459,45.7568492],[24.1450234,45.7568043]]}},{"type":"Feature","properties":{"osm_id":1076887795,"name":"Strada Măgura","highway":"residential","name_ro":null,"source":"openstreetmap"},"geometry":{"type":"LineString","coordinates":[[24.1728166,45.7904351],[24.1743061,45.7900538],[24.1755515,45.7894425],[24.1755929,45.7894055],[24.1756313,45.7893537],[24.1756606,45.7892792]]}},{"type":"Feature","properties":{"osm_id":1077736208,"name":"Calea Șurii Mici","highway":"secondary","name_ro":null,"source":"openstreetmap"},"geometry":{"type":"LineString","coordinates":[[24.1290572,45.8042239],[24.1288224,45.8043282],[24.1286576,45.804391]]}},{"type":"Feature","properties":{"osm_id":1077736209,"name":"Calea Șurii Mici","highway":"secondary","name_ro":null,"source":"openstreetmap"},"geometry":{"type":"LineString","coordinates":[[24.1292122,45.8041485],[24.1291679,45.8041708],[24.1290572,45.8042239]]}},{"type":"Feature","properties":{"osm_id":1088530958,"name":"Autostrada Sibiu-Pitești","highway":"motorway","name_ro":null,"source":"openstreetmap"},"geometry":{"type":"LineString","coordinates":[[24.2019544,45.7500232],[24.2017002,45.7496395]]}},{"type":"Feature","properties":{"osm_id":1101849888,"name":"Strada Mihail Sadoveanu","highway":"residential","name_ro":null,"source":"openstreetmap"},"geometry":{"type":"LineString","coordinates":[[24.1755206,45.7825742],[24.175524,45.7826097],[24.175459,45.7826935],[24.1752062,45.7830134],[24.1751757,45.7830282]]}},{"type":"Feature","properties":{"osm_id":1101849889,"name":"Strada Mihail Sadoveanu","highway":"residential","name_ro":null,"source":"openstreetmap"},"geometry":{"type":"LineString","coordinates":[[24.1739622,45.7825571],[24.1739653,45.7825182],[24.174257,45.7821447],[24.1742979,45.7821194]]}},{"type":"Feature","properties":{"osm_id":1101849890,"name":"Strada Mihail Sadoveanu","highway":"residential","name_ro":null,"source":"openstreetmap"},"geometry":{"type":"LineString","coordinates":[[24.1751757,45.7830282],[24.1751307,45.7830214],[24.1739948,45.7825912],[24.1739622,45.7825571]]}},{"type":"Feature","properties":{"osm_id":1107986047,"name":"Șoseaua Sibiului","highway":"primary","name_ro":null,"source":"openstreetmap"},"geometry":{"type":"LineString","coordinates":[[24.1739543,45.7751542],[24.1738979,45.7752111],[24.1738568,45.7752542]]}},{"type":"Feature","properties":{"osm_id":1108260534,"name":"Strada Unirii","highway":"tertiary","name_ro":null,"source":"openstreetmap"},"geometry":{"type":"LineString","coordinates":[[24.1892809,45.7733065],[24.1887443,45.7732316],[24.1885323,45.7732039],[24.1877932,45.7731214],[24.1873817,45.7730812],[24.1861426,45.772951]]}},{"type":"Feature","properties":{"osm_id":1108260535,"name":"Strada 1848","highway":"residential","name_ro":null,"source":"openstreetmap"},"geometry":{"type":"LineString","coordinates":[[24.1896431,45.7716276],[24.1892723,45.7732782],[24.1892809,45.7733065]]}},{"type":"Feature","properties":{"osm_id":1110049331,"name":"Strada Barcelona","highway":"unclassified","name_ro":null,"source":"openstreetmap"},"geometry":{"type":"LineString","coordinates":[[24.0863654,45.7993501],[24.0868806,45.7994135],[24.0893939,45.7997437]]}},{"type":"Feature","properties":{"osm_id":1110051121,"name":"Strada Barcelona","highway":"unclassified","name_ro":null,"source":"openstreetmap"},"geometry":{"type":"LineString","coordinates":[[24.0893939,45.7997437],[24.0895459,45.7996802]]}},{"type":"Feature","properties":{"osm_id":1112040694,"name":"Strada Iazului","highway":"residential","name_ro":null,"source":"openstreetmap"},"geometry":{"type":"LineString","coordinates":[[24.1293024,45.7687939],[24.1292221,45.7686172],[24.1290793,45.7683391],[24.1290697,45.7683005],[24.1290667,45.7682697],[24.1290666,45.768239],[24.1290744,45.7682004]]}},{"type":"Feature","properties":{"osm_id":1117579082,"name":"Strada Regele Ferdinand","highway":"residential","name_ro":null,"source":"openstreetmap"},"geometry":{"type":"LineString","coordinates":[[24.1636516,45.7731223],[24.1637355,45.7731631],[24.163931,45.7732586],[24.164687,45.7736177]]}},{"type":"Feature","properties":{"osm_id":1117585916,"name":"Strada Sergiu Celibidache","highway":"residential","name_ro":null,"source":"openstreetmap"},"geometry":{"type":"LineString","coordinates":[[24.1525436,45.8053158],[24.1524557,45.8053105],[24.1522933,45.8052865],[24.1521918,45.8052692],[24.1521027,45.8052546],[24.1520498,45.8052525],[24.1519625,45.8052617],[24.1519093,45.8052698]]}},{"type":"Feature","properties":{"osm_id":1117585918,"name":"Strada Sergiu Celibidache","highway":"residential","name_ro":null,"source":"openstreetmap"},"geometry":{"type":"LineString","coordinates":[[24.1518694,45.8051868],[24.1519268,45.8051825],[24.1519495,45.8051803],[24.1520452,45.8051875],[24.1524691,45.8052764],[24.1525436,45.8053158]]}},{"type":"Feature","properties":{"osm_id":1119333352,"name":"Strada Doamna Stanca","highway":"tertiary","name_ro":null,"source":"openstreetmap"},"geometry":{"type":"LineString","coordinates":[[24.1687611,45.7792929],[24.1689166,45.779368]]}},{"type":"Feature","properties":{"osm_id":1119333353,"name":"Strada Doamna Stanca","highway":"tertiary","name_ro":null,"source":"openstreetmap"},"geometry":{"type":"LineString","coordinates":[[24.1689166,45.779368],[24.1690148,45.779411],[24.1690713,45.7794383]]}},{"type":"Feature","properties":{"osm_id":1119339940,"name":"Aleea Seviș","highway":"service","name_ro":null,"source":"openstreetmap"},"geometry":{"type":"LineString","coordinates":[[24.1523145,45.7727456],[24.1529743,45.7729401],[24.153205,45.7730037],[24.1533258,45.7730444],[24.1531045,45.7733878]]}},{"type":"Feature","properties":{"osm_id":1119339943,"name":"Aleea Seviș","highway":"service","name_ro":null,"source":"openstreetmap"},"geometry":{"type":"LineString","coordinates":[[24.1527066,45.7735121],[24.1527946,45.7733677],[24.1529327,45.7734032],[24.1529955,45.7734164],[24.153039,45.7734174],[24.1530916,45.7733964],[24.1531045,45.7733878]]}},{"type":"Feature","properties":{"osm_id":1119342741,"name":"Calea Cisnădiei","highway":"secondary","name_ro":null,"source":"openstreetmap"},"geometry":{"type":"LineString","coordinates":[[24.1481507,45.7721252],[24.1481731,45.772197]]}},{"type":"Feature","properties":{"osm_id":1119342742,"name":"Calea Cisnădiei","highway":"secondary","name_ro":null,"source":"openstreetmap"},"geometry":{"type":"LineString","coordinates":[[24.1481731,45.772197],[24.1482419,45.7724299],[24.1482788,45.7725587]]}},{"type":"Feature","properties":{"osm_id":1119342743,"name":"Calea Cisnădiei","highway":"secondary","name_ro":null,"source":"openstreetmap"},"geometry":{"type":"LineString","coordinates":[[24.1480699,45.7719033],[24.1480901,45.7719507],[24.1481333,45.7720734],[24.1481507,45.7721252]]}},{"type":"Feature","properties":{"osm_id":1119342745,"name":"Calea Cisnădiei","highway":"secondary","name_ro":null,"source":"openstreetmap"},"geometry":{"type":"LineString","coordinates":[[24.148363,45.772906],[24.1483895,45.7730178],[24.1483958,45.7730911],[24.1483975,45.7731425],[24.1483933,45.7731939],[24.1482982,45.7738832]]}},{"type":"Feature","properties":{"osm_id":1119345643,"name":"Calea Cisnădiei","highway":"secondary","name_ro":null,"source":"openstreetmap"},"geometry":{"type":"LineString","coordinates":[[24.148199,45.7752749],[24.1481834,45.7748588]]}},{"type":"Feature","properties":{"osm_id":1119347263,"name":"Bulevardul General Vasile Milea","highway":"primary","name_ro":null,"source":"openstreetmap"},"geometry":{"type":"LineString","coordinates":[[24.1652073,45.7826794],[24.1657676,45.7824023],[24.1658522,45.7823605]]}},{"type":"Feature","properties":{"osm_id":1119347264,"name":"Bulevardul General Vasile Milea","highway":"primary","name_ro":null,"source":"openstreetmap"},"geometry":{"type":"LineString","coordinates":[[24.1658522,45.7823605],[24.1660834,45.7822222]]}},{"type":"Feature","properties":{"osm_id":1119347265,"name":"Bulevardul General Vasile Milea","highway":"primary","name_ro":null,"source":"openstreetmap"},"geometry":{"type":"LineString","coordinates":[[24.1662652,45.7821288],[24.1664326,45.7820433],[24.1664649,45.7820268],[24.1666582,45.7819218]]}},{"type":"Feature","properties":{"osm_id":1123432474,"name":"Strada Luptei","highway":"tertiary","name_ro":null,"source":"openstreetmap"},"geometry":{"type":"LineString","coordinates":[[24.1635012,45.7832293],[24.163648,45.7833653],[24.1637254,45.7834323]]}},{"type":"Feature","properties":{"osm_id":1123432475,"name":"Bulevardul General Vasile Milea","highway":"primary","name_ro":null,"source":"openstreetmap"},"geometry":{"type":"LineString","coordinates":[[24.1672436,45.7815526],[24.1671759,45.7815897]]}},{"type":"Feature","properties":{"osm_id":1123432477,"name":"Bulevardul General Vasile Milea","highway":"primary","name_ro":null,"source":"openstreetmap"},"geometry":{"type":"LineString","coordinates":[[24.167805,45.7812021],[24.1674014,45.7814577]]}},{"type":"Feature","properties":{"osm_id":1123434951,"name":"Aleea Streiu","highway":"residential","name_ro":null,"source":"openstreetmap"},"geometry":{"type":"LineString","coordinates":[[24.1483933,45.7731939],[24.1484931,45.7731997],[24.1489101,45.7732164]]}},{"type":"Feature","properties":{"osm_id":1123434952,"name":"Aleea Streiu","highway":"residential","name_ro":null,"source":"openstreetmap"},"geometry":{"type":"LineString","coordinates":[[24.1489101,45.7732164],[24.1489326,45.7731763],[24.1489419,45.773129],[24.1489632,45.7729501],[24.1489706,45.7728744],[24.1489801,45.7727775],[24.1490059,45.7724981]]}},{"type":"Feature","properties":{"osm_id":1123434953,"name":"Calea Cisnădiei","highway":"secondary","name_ro":null,"source":"openstreetmap"},"geometry":{"type":"LineString","coordinates":[[24.1482982,45.7738832],[24.1482746,45.7740725],[24.1482623,45.7741986]]}},{"type":"Feature","properties":{"osm_id":1123434954,"name":"Aleea Șteaza","highway":"residential","name_ro":null,"source":"openstreetmap"},"geometry":{"type":"LineString","coordinates":[[24.1488132,45.773915],[24.1487157,45.7739102],[24.1483845,45.7738892],[24.148346,45.7738865],[24.1482982,45.7738832]]}},{"type":"Feature","properties":{"osm_id":1123434955,"name":"Aleea Streiu","highway":"residential","name_ro":null,"source":"openstreetmap"},"geometry":{"type":"LineString","coordinates":[[24.1488132,45.773915],[24.1488308,45.7737889]]}},{"type":"Feature","properties":{"osm_id":1123434956,"name":"Aleea Streiu","highway":"residential","name_ro":null,"source":"openstreetmap"},"geometry":{"type":"LineString","coordinates":[[24.1488308,45.7737889],[24.1489101,45.7732164]]}},{"type":"Feature","properties":{"osm_id":1123436331,"name":"Calea Cisnădiei","highway":"secondary","name_ro":null,"source":"openstreetmap"},"geometry":{"type":"LineString","coordinates":[[24.1477666,45.7713127],[24.1479038,45.7715798]]}},{"type":"Feature","properties":{"osm_id":1123436333,"name":"Calea Cisnădiei","highway":"secondary","name_ro":null,"source":"openstreetmap"},"geometry":{"type":"LineString","coordinates":[[24.1479038,45.7715798],[24.1479212,45.7716137]]}},{"type":"Feature","properties":{"osm_id":1123443489,"name":"Strada Grigore Ionescu","highway":"secondary","name_ro":null,"source":"openstreetmap"},"geometry":{"type":"LineString","coordinates":[[24.1450628,45.7614554],[24.1450982,45.7615234],[24.1451191,45.761557],[24.1451516,45.7616044],[24.1451889,45.761647]]}},{"type":"Feature","properties":{"osm_id":1123443490,"name":"Strada Grigore Ionescu","highway":"secondary","name_ro":null,"source":"openstreetmap"},"geometry":{"type":"LineString","coordinates":[[24.1450264,45.7616927],[24.1450412,45.7615291],[24.1450628,45.7614554]]}},{"type":"Feature","properties":{"osm_id":1124436356,"name":"Șoseaua Sibiului","highway":"primary","name_ro":null,"source":"openstreetmap"},"geometry":{"type":"LineString","coordinates":[[24.1750572,45.774139],[24.1747424,45.7744094],[24.1744978,45.7746307],[24.1742237,45.7748856],[24.174138,45.7749691],[24.1740214,45.7750849],[24.1739543,45.7751542]]}},{"type":"Feature","properties":{"osm_id":1124436357,"name":"Șoseaua Sibiului","highway":"primary","name_ro":null,"source":"openstreetmap"},"geometry":{"type":"LineString","coordinates":[[24.1737654,45.7752241],[24.1741135,45.7748696],[24.1743978,45.7745917],[24.1746499,45.7743583],[24.1749584,45.7740932]]}},{"type":"Feature","properties":{"osm_id":1124795141,"name":"Bulevardul Corneliu Coposu","highway":"primary","name_ro":null,"source":"openstreetmap"},"geometry":{"type":"LineString","coordinates":[[24.1488885,45.7912647],[24.1487753,45.7912529],[24.1486365,45.7912098],[24.1485968,45.7911977],[24.1485541,45.7911943],[24.1485123,45.7911963],[24.1484735,45.7912085],[24.1484376,45.7912275],[24.1483386,45.7913046],[24.1481844,45.7913856]]}},{"type":"Feature","properties":{"osm_id":1124795142,"name":"Piața Unirii","highway":"primary","name_ro":null,"source":"openstreetmap"},"geometry":{"type":"LineString","coordinates":[[24.1480472,45.7915019],[24.1479314,45.7915906],[24.1478105,45.7916612],[24.1475954,45.7917715]]}},{"type":"Feature","properties":{"osm_id":1124795143,"name":"Piața Unirii","highway":"primary","name_ro":null,"source":"openstreetmap"},"geometry":{"type":"LineString","coordinates":[[24.1481844,45.7913856],[24.1480472,45.7915019]]}},{"type":"Feature","properties":{"osm_id":1124795144,"name":"Piața Unirii","highway":"tertiary","name_ro":null,"source":"openstreetmap"},"geometry":{"type":"LineString","coordinates":[[24.1480472,45.7915019],[24.1480053,45.791593],[24.1480043,45.7916427],[24.1480126,45.7916887],[24.1480308,45.7917308]]}},{"type":"Feature","properties":{"osm_id":1124795145,"name":"Piața Unirii","highway":"tertiary","name_ro":null,"source":"openstreetmap"},"geometry":{"type":"LineString","coordinates":[[24.1484388,45.7921221],[24.1485707,45.7922551]]}},{"type":"Feature","properties":{"osm_id":1124795147,"name":"Strada Andrei Șaguna","highway":"primary","name_ro":"Strada Andrei Șaguna","source":"openstreetmap"},"geometry":{"type":"LineString","coordinates":[[24.1475954,45.7917715],[24.1474751,45.791827],[24.1470934,45.7920335]]}},{"type":"Feature","properties":{"osm_id":1124795148,"name":"Strada Andrei Șaguna","highway":"primary","name_ro":"Strada Andrei Șaguna","source":"openstreetmap"},"geometry":{"type":"LineString","coordinates":[[24.1455013,45.7928895],[24.1450155,45.7931763]]}},{"type":"Feature","properties":{"osm_id":1124795149,"name":"Strada Andrei Șaguna","highway":"primary","name_ro":null,"source":"openstreetmap"},"geometry":{"type":"LineString","coordinates":[[24.1450155,45.7931763],[24.1448195,45.7932774]]}},{"type":"Feature","properties":{"osm_id":1124795150,"name":"Piața Unirii","highway":"primary","name_ro":null,"source":"openstreetmap"},"geometry":{"type":"LineString","coordinates":[[24.1500909,45.7894662],[24.1500023,45.7895482],[24.1498597,45.7896814],[24.1497976,45.7897403]]}},{"type":"Feature","properties":{"osm_id":1124795627,"name":"Bulevardul Corneliu Coposu","highway":"primary","name_ro":null,"source":"openstreetmap"},"geometry":{"type":"LineString","coordinates":[[24.1551767,45.7945874],[24.1552637,45.7946393],[24.1554565,45.7947539]]}},{"type":"Feature","properties":{"osm_id":1124795628,"name":"Bulevardul Corneliu Coposu","highway":"primary","name_ro":null,"source":"openstreetmap"},"geometry":{"type":"LineString","coordinates":[[24.1557965,45.7949364],[24.1560443,45.7950478],[24.1564826,45.7952288],[24.1568239,45.7953605],[24.1574951,45.7956256],[24.1577588,45.7957302]]}},{"type":"Feature","properties":{"osm_id":1125363903,"name":"Calea Poplăcii","highway":"secondary","name_ro":null,"source":"openstreetmap"},"geometry":{"type":"LineString","coordinates":[[24.134181,45.7788412],[24.1343115,45.778949],[24.134343,45.7789727],[24.1343848,45.7789958],[24.134411,45.7790053],[24.1344533,45.7790141],[24.1344928,45.7790197],[24.1345245,45.7790228],[24.134565,45.7790221],[24.1346073,45.7790239],[24.1346882,45.7790358]]}},{"type":"Feature","properties":{"osm_id":1125363904,"name":"Calea Poplăcii","highway":"secondary","name_ro":null,"source":"openstreetmap"},"geometry":{"type":"LineString","coordinates":[[24.134181,45.7788412],[24.1342786,45.7789438],[24.1343072,45.7789734],[24.1343384,45.7790037],[24.1343658,45.7790197],[24.1344116,45.7790343]]}},{"type":"Feature","properties":{"osm_id":1125363905,"name":"Strada Avrig","highway":"primary","name_ro":"Strada Avrig","source":"openstreetmap"},"geometry":{"type":"LineString","coordinates":[[24.1346882,45.7790358],[24.1346359,45.7790648],[24.134606,45.7790883],[24.1345783,45.7791199]]}},{"type":"Feature","properties":{"osm_id":1125363906,"name":"Strada Avrig","highway":"primary","name_ro":"Strada Avrig","source":"openstreetmap"},"geometry":{"type":"LineString","coordinates":[[24.1357213,45.7788218],[24.1356741,45.7788125],[24.1356122,45.7788094],[24.1355474,45.7788111],[24.1354391,45.7788187]]}},{"type":"Feature","properties":{"osm_id":1125363907,"name":"Strada Avrig","highway":"primary","name_ro":"Strada Avrig","source":"openstreetmap"},"geometry":{"type":"LineString","coordinates":[[24.1360912,45.7786061],[24.1360416,45.7786442],[24.1360108,45.7786775],[24.1359867,45.7787089],[24.1359618,45.7787578]]}},{"type":"Feature","properties":{"osm_id":1125363908,"name":"Strada Cristian","highway":"primary","name_ro":null,"source":"openstreetmap"},"geometry":{"type":"LineString","coordinates":[[24.1345373,45.7791753],[24.1345265,45.7792305],[24.1345098,45.7792925],[24.1344972,45.7793183]]}},{"type":"Feature","properties":{"osm_id":1125363909,"name":"Calea Poplăcii","highway":"secondary","name_ro":null,"source":"openstreetmap"},"geometry":{"type":"LineString","coordinates":[[24.1343394,45.779129],[24.1340337,45.7787786],[24.1339786,45.778692]]}},{"type":"Feature","properties":{"osm_id":1125363910,"name":"Calea Poplăcii","highway":"secondary","name_ro":null,"source":"openstreetmap"},"geometry":{"type":"LineString","coordinates":[[24.1339786,45.778692],[24.1341108,45.7787712],[24.134181,45.7788412]]}},{"type":"Feature","properties":{"osm_id":1125363911,"name":"Strada Avrig","highway":"primary","name_ro":"Strada Avrig","source":"openstreetmap"},"geometry":{"type":"LineString","coordinates":[[24.1345119,45.7790411],[24.1345952,45.7790386],[24.1346338,45.779038],[24.1346882,45.7790358]]}},{"type":"Feature","properties":{"osm_id":1125363912,"name":"Strada Cristian","highway":"primary","name_ro":null,"source":"openstreetmap"},"geometry":{"type":"LineString","coordinates":[[24.1344972,45.7793183],[24.1344655,45.77929]]}},{"type":"Feature","properties":{"osm_id":1125363913,"name":"Strada Avrig","highway":"primary","name_ro":"Strada Avrig","source":"openstreetmap"},"geometry":{"type":"LineString","coordinates":[[24.1354391,45.7788187],[24.1355344,45.7787734],[24.135634,45.7787391],[24.1357201,45.7787094]]}},{"type":"Feature","properties":{"osm_id":1125363914,"name":"Bulevardul Victoriei","highway":"secondary","name_ro":null,"source":"openstreetmap"},"geometry":{"type":"LineString","coordinates":[[24.1359872,45.7790316],[24.1359002,45.7789431],[24.1358412,45.7788949],[24.1357546,45.7788434]]}},{"type":"Feature","properties":{"osm_id":1125363915,"name":"Bulevardul Victoriei","highway":"secondary","name_ro":null,"source":"openstreetmap"},"geometry":{"type":"LineString","coordinates":[[24.1359588,45.778786],[24.1359521,45.7788791],[24.1359592,45.778937],[24.1359872,45.7790316]]}},{"type":"Feature","properties":{"osm_id":1125363916,"name":"Strada Avrig","highway":"primary","name_ro":"Strada Avrig","source":"openstreetmap"},"geometry":{"type":"LineString","coordinates":[[24.1358253,45.7786715],[24.1360117,45.7786175],[24.1360912,45.7786061]]}},{"type":"Feature","properties":{"osm_id":1125363917,"name":"Strada Jina","highway":"residential","name_ro":null,"source":"openstreetmap"},"geometry":{"type":"LineString","coordinates":[[24.1345213,45.779358],[24.1345705,45.7793797],[24.1345925,45.7793961],[24.1346215,45.7794272],[24.1346497,45.7794692],[24.134752,45.7796354]]}},{"type":"Feature","properties":{"osm_id":1125363918,"name":"Strada Jina","highway":"residential","name_ro":null,"source":"openstreetmap"},"geometry":{"type":"LineString","coordinates":[[24.134752,45.7796354],[24.1346895,45.7796133],[24.1346368,45.7796123],[24.1345905,45.7796196],[24.1345168,45.7796449]]}},{"type":"Feature","properties":{"osm_id":1125363923,"name":"Strada Avrig","highway":"primary","name_ro":"Strada Avrig","source":"openstreetmap"},"geometry":{"type":"LineString","coordinates":[[24.1365781,45.7784506],[24.1375935,45.7781321],[24.1380869,45.777984]]}},{"type":"Feature","properties":{"osm_id":1125363927,"name":"Strada Cristian","highway":"primary","name_ro":null,"source":"openstreetmap"},"geometry":{"type":"LineString","coordinates":[[24.1344655,45.77929],[24.1344293,45.7792517],[24.1343956,45.7792094],[24.1343631,45.7791632]]}},{"type":"Feature","properties":{"osm_id":1125363928,"name":"Strada Cristian","highway":"primary","name_ro":null,"source":"openstreetmap"},"geometry":{"type":"LineString","coordinates":[[24.1345213,45.779358],[24.1344972,45.7793183]]}},{"type":"Feature","properties":{"osm_id":1125363932,"name":"Strada Cristian","highway":"primary","name_ro":null,"source":"openstreetmap"},"geometry":{"type":"LineString","coordinates":[[24.1345168,45.7796449],[24.1345324,45.77959],[24.1345428,45.7795036],[24.1345424,45.7794579],[24.1345353,45.7794131],[24.1345213,45.779358]]}},{"type":"Feature","properties":{"osm_id":1125364927,"name":"Strada Avrig","highway":"residential","name_ro":null,"source":"openstreetmap"},"geometry":{"type":"LineString","coordinates":[[24.1375935,45.7781321],[24.1376257,45.7779555],[24.1376235,45.7778609],[24.1376126,45.7777993],[24.1375839,45.7777318],[24.137542,45.7776583],[24.1373491,45.7773805],[24.1372111,45.7772326],[24.1369503,45.7769856],[24.1364309,45.7764204]]}},{"type":"Feature","properties":{"osm_id":1125366258,"name":"Strada J.W. Goethe","highway":"residential","name_ro":null,"source":"openstreetmap"},"geometry":{"type":"LineString","coordinates":[[24.1380759,45.7749252],[24.1381231,45.7748846],[24.1381482,45.7748684],[24.1381807,45.7748563],[24.1382413,45.7748472]]}},{"type":"Feature","properties":{"osm_id":1125366259,"name":"Strada J.W. Goethe","highway":"residential","name_ro":null,"source":"openstreetmap"},"geometry":{"type":"LineString","coordinates":[[24.138257,45.7745328],[24.1382328,45.7746173],[24.1381887,45.7747259],[24.1381846,45.774765],[24.1381971,45.7747988],[24.1382177,45.7748251],[24.1382413,45.7748472]]}},{"type":"Feature","properties":{"osm_id":1125366890,"name":"Strada Siretului","highway":"tertiary","name_ro":null,"source":"openstreetmap"},"geometry":{"type":"LineString","coordinates":[[24.1400747,45.7720615],[24.1400215,45.7721002],[24.1399543,45.7721374],[24.1399183,45.7721572]]}},{"type":"Feature","properties":{"osm_id":1125366891,"name":"Strada Bahluiului","highway":"secondary","name_ro":null,"source":"openstreetmap"},"geometry":{"type":"LineString","coordinates":[[24.1396128,45.7723939],[24.1396202,45.7723567],[24.1397015,45.7722224],[24.1397326,45.772171]]}},{"type":"Feature","properties":{"osm_id":1125366892,"name":"Strada Bahluiului","highway":"secondary","name_ro":null,"source":"openstreetmap"},"geometry":{"type":"LineString","coordinates":[[24.1398217,45.7722487],[24.1396659,45.7723705],[24.1396128,45.7723939]]}},{"type":"Feature","properties":{"osm_id":1125366893,"name":"Strada Siretului","highway":"tertiary","name_ro":null,"source":"openstreetmap"},"geometry":{"type":"LineString","coordinates":[[24.139874,45.7721221],[24.1399987,45.7720733],[24.1400747,45.7720615]]}},{"type":"Feature","properties":{"osm_id":1125366894,"name":"Strada Siretului","highway":"tertiary","name_ro":null,"source":"openstreetmap"},"geometry":{"type":"LineString","coordinates":[[24.1402012,45.772019],[24.1401107,45.7720494],[24.1400747,45.7720615]]}},{"type":"Feature","properties":{"osm_id":1125366895,"name":"Calea Dumbrăvii","highway":"secondary","name_ro":null,"source":"openstreetmap"},"geometry":{"type":"LineString","coordinates":[[24.1397426,45.7721499],[24.1396564,45.7720359],[24.139654,45.7719967]]}},{"type":"Feature","properties":{"osm_id":1125366896,"name":"Calea Dumbrăvii","highway":"secondary","name_ro":null,"source":"openstreetmap"},"geometry":{"type":"LineString","coordinates":[[24.139654,45.7719967],[24.139702,45.7720143],[24.1397774,45.7720851],[24.1398095,45.7721152]]}},{"type":"Feature","properties":{"osm_id":1125402708,"name":"Calea Cisnădiei","highway":"residential","name_ro":null,"source":"openstreetmap"},"geometry":{"type":"LineString","coordinates":[[24.1494101,45.7810567],[24.1492676,45.7811158],[24.1492421,45.7811186],[24.1492193,45.7811168],[24.1492086,45.7811093],[24.1492006,45.7810962],[24.1491919,45.7808543]]}},{"type":"Feature","properties":{"osm_id":1125402715,"name":"Aleea Frații Buzești","highway":"residential","name_ro":null,"source":"openstreetmap"},"geometry":{"type":"LineString","coordinates":[[24.1516112,45.7800943],[24.1513436,45.7799602]]}},{"type":"Feature","properties":{"osm_id":1125402717,"name":"Calea Cisnădiei","highway":"residential","name_ro":null,"source":"openstreetmap"},"geometry":{"type":"LineString","coordinates":[[24.1489717,45.7806895],[24.1490923,45.7806829],[24.1491887,45.780677],[24.1494561,45.7806607]]}},{"type":"Feature","properties":{"osm_id":1125402720,"name":"Aleea Frații Buzești","highway":"residential","name_ro":null,"source":"openstreetmap"},"geometry":{"type":"LineString","coordinates":[[24.1525156,45.77933],[24.1522304,45.7795698],[24.1522059,45.7796113],[24.1522216,45.7796469],[24.1523236,45.7797514]]}},{"type":"Feature","properties":{"osm_id":1125402721,"name":"Aleea Frații Buzești","highway":"residential","name_ro":null,"source":"openstreetmap"},"geometry":{"type":"LineString","coordinates":[[24.1525156,45.77933],[24.152832,45.7795095]]}},{"type":"Feature","properties":{"osm_id":1125402722,"name":"Aleea Frații Buzești","highway":"residential","name_ro":null,"source":"openstreetmap"},"geometry":{"type":"LineString","coordinates":[[24.1528015,45.7790716],[24.1525488,45.7789271],[24.1525311,45.778917]]}},{"type":"Feature","properties":{"osm_id":1125402724,"name":"Aleea Frații Buzești","highway":"residential","name_ro":null,"source":"openstreetmap"},"geometry":{"type":"LineString","coordinates":[[24.1531353,45.7789333],[24.1534222,45.7790926]]}},{"type":"Feature","properties":{"osm_id":1125402725,"name":"Strada Nicolae Iorga","highway":"residential","name_ro":null,"source":"openstreetmap"},"geometry":{"type":"LineString","coordinates":[[24.1510111,45.7791983],[24.1511828,45.7790512]]}},{"type":"Feature","properties":{"osm_id":1125404457,"name":"Calea Cisnădiei","highway":"residential","name_ro":null,"source":"openstreetmap"},"geometry":{"type":"LineString","coordinates":[[24.1491887,45.780677],[24.1491919,45.7808543]]}},{"type":"Feature","properties":{"osm_id":1125404463,"name":"Strada Nicolae Iorga","highway":"residential","name_ro":null,"source":"openstreetmap"},"geometry":{"type":"LineString","coordinates":[[24.1498142,45.778525],[24.1502447,45.778133],[24.1503422,45.7780446]]}},{"type":"Feature","properties":{"osm_id":1126468447,"name":"Calea Gușteriței","highway":"secondary","name_ro":null,"source":"openstreetmap"},"geometry":{"type":"LineString","coordinates":[[24.1724513,45.8061388],[24.1725232,45.8062143],[24.172877,45.8065863],[24.1731225,45.8068484],[24.1738889,45.8076721],[24.1741665,45.8079603],[24.1742459,45.8080427],[24.174425,45.8082213],[24.1744941,45.8082904]]}},{"type":"Feature","properties":{"osm_id":1126468448,"name":"Strada Viitorului","highway":"tertiary","name_ro":null,"source":"openstreetmap"},"geometry":{"type":"LineString","coordinates":[[24.1643327,45.8083774],[24.1645257,45.808437],[24.1647713,45.8085007],[24.1653131,45.8086269],[24.1659621,45.8087618],[24.1675197,45.8090717],[24.1677836,45.8091152],[24.168047,45.8091508],[24.1682823,45.8091711],[24.168622,45.8091839],[24.1689384,45.8091805]]}},{"type":"Feature","properties":{"osm_id":1126468450,"name":"Strada Viitorului","highway":"tertiary","name_ro":null,"source":"openstreetmap"},"geometry":{"type":"LineString","coordinates":[[24.1689384,45.8091805],[24.1691293,45.8091756],[24.1693565,45.8091601],[24.1695612,45.8091415],[24.1697201,45.8091244],[24.1698491,45.8091073],[24.1701123,45.8090681],[24.1712268,45.8088815],[24.1715964,45.8088335],[24.1719262,45.8087924]]}},{"type":"Feature","properties":{"osm_id":1126468451,"name":"Strada Reșița","highway":"residential","name_ro":null,"source":"openstreetmap"},"geometry":{"type":"LineString","coordinates":[[24.1696125,45.8084862],[24.1699128,45.8085987]]}},{"type":"Feature","properties":{"osm_id":1126468452,"name":"Strada Reșița","highway":"residential","name_ro":null,"source":"openstreetmap"},"geometry":{"type":"LineString","coordinates":[[24.1627111,45.8051144],[24.1627922,45.8051492],[24.1635729,45.8053416],[24.1638119,45.8054118],[24.164041,45.8054848],[24.1641727,45.8055398],[24.1643184,45.8056177],[24.164747,45.8059088],[24.1648361,45.8059708],[24.1657495,45.8065897],[24.1662132,45.8069082]]}},{"type":"Feature","properties":{"osm_id":1126468453,"name":"Strada Londra","highway":"residential","name_ro":null,"source":"openstreetmap"},"geometry":{"type":"LineString","coordinates":[[24.1277951,45.8164795],[24.1272496,45.8163981]]}},{"type":"Feature","properties":{"osm_id":1132885592,"name":"Strada Ion Rațiu","highway":"service","name_ro":null,"source":"openstreetmap"},"geometry":{"type":"LineString","coordinates":[[24.1777469,45.7786885],[24.1788699,45.7785526],[24.1790114,45.7785333]]}},{"type":"Feature","properties":{"osm_id":1132885593,"name":"Strada Victor Eftimiu","highway":"service","name_ro":null,"source":"openstreetmap"},"geometry":{"type":"LineString","coordinates":[[24.1768302,45.7783316],[24.1777469,45.7786885]]}},{"type":"Feature","properties":{"osm_id":1132885594,"name":"Strada Geo Bogza","highway":"residential","name_ro":null,"source":"openstreetmap"},"geometry":{"type":"LineString","coordinates":[[24.1764197,45.7787101],[24.1776543,45.7791606]]}},{"type":"Feature","properties":{"osm_id":1132885595,"name":"Strada Ion Rațiu","highway":"service","name_ro":null,"source":"openstreetmap"},"geometry":{"type":"LineString","coordinates":[[24.1775587,45.7796294],[24.1789087,45.7795572]]}},{"type":"Feature","properties":{"osm_id":1132885597,"name":"Strada Marin Sorescu","highway":"service","name_ro":null,"source":"openstreetmap"},"geometry":{"type":"LineString","coordinates":[[24.1766948,45.7820546],[24.1770044,45.7820637],[24.1773352,45.7820646],[24.1776512,45.7820725],[24.1779528,45.7820716],[24.1782569,45.782074],[24.1783076,45.782074]]}},{"type":"Feature","properties":{"osm_id":1135456809,"name":"Strada Haralamb Georgescu","highway":"residential","name_ro":null,"source":"openstreetmap"},"geometry":{"type":"LineString","coordinates":[[24.153251,45.7571697],[24.1533961,45.7572442]]}},{"type":"Feature","properties":{"osm_id":1135456810,"name":"Strada Haralamb Georgescu","highway":"residential","name_ro":null,"source":"openstreetmap"},"geometry":{"type":"LineString","coordinates":[[24.1531638,45.7571208],[24.153251,45.7571697]]}},{"type":"Feature","properties":{"osm_id":1137674645,"name":"Strada Unirii","highway":"tertiary","name_ro":null,"source":"openstreetmap"},"geometry":{"type":"LineString","coordinates":[[24.1926208,45.7736773],[24.193038,45.7737368],[24.1933068,45.7737772],[24.1936106,45.773824],[24.1938592,45.7738522],[24.1939145,45.7738543],[24.1940672,45.7738538]]}},{"type":"Feature","properties":{"osm_id":1137674646,"name":"Strada Lavandei","highway":"residential","name_ro":null,"source":"openstreetmap"},"geometry":{"type":"LineString","coordinates":[[24.1933068,45.7737772],[24.1933132,45.7737429],[24.1937365,45.7720418],[24.1937304,45.7720179],[24.193697,45.7719974],[24.1930034,45.7719262]]}},{"type":"Feature","properties":{"osm_id":1137674647,"name":"Strada Primăverii","highway":"residential","name_ro":null,"source":"openstreetmap"},"geometry":{"type":"LineString","coordinates":[[24.1939145,45.7738543],[24.1941932,45.7726606],[24.1943357,45.7721088]]}},{"type":"Feature","properties":{"osm_id":1137823372,"name":"Piața Unirii","highway":"primary","name_ro":null,"source":"openstreetmap"},"geometry":{"type":"LineString","coordinates":[[24.149531,45.7897793],[24.1496033,45.7897037],[24.149719,45.7895452],[24.1497689,45.7894764],[24.1498368,45.7893827]]}},{"type":"Feature","properties":{"osm_id":1138994754,"name":"Strada Fragilor","highway":"residential","name_ro":null,"source":"openstreetmap"},"geometry":{"type":"LineString","coordinates":[[24.1962193,45.771809],[24.1961632,45.7716078],[24.1961119,45.7713863],[24.196056,45.7711826],[24.1960184,45.7710077],[24.1959464,45.7707342]]}},{"type":"Feature","properties":{"osm_id":1140694908,"name":"Aleea Sibiel","highway":"service","name_ro":null,"source":"openstreetmap"},"geometry":{"type":"LineString","coordinates":[[24.1263289,45.7658821],[24.12623,45.7659082],[24.126078,45.7659484],[24.1260152,45.7659565],[24.1259646,45.7659476],[24.125921,45.7659106],[24.1258674,45.7658848],[24.1257929,45.7658783],[24.125606,45.7659317],[24.1255774,45.7659629],[24.125583,45.7660179],[24.1257019,45.7662351]]}},{"type":"Feature","properties":{"osm_id":1148789587,"name":"Strada Azaleei","highway":"residential","name_ro":null,"source":"openstreetmap"},"geometry":{"type":"LineString","coordinates":[[24.1942135,45.7695177],[24.1942656,45.7696896],[24.1944587,45.7702284],[24.1948155,45.7711358]]}},{"type":"Feature","properties":{"osm_id":1153656778,"name":"Strada Grigore Ionescu","highway":"secondary","name_ro":null,"source":"openstreetmap"},"geometry":{"type":"LineString","coordinates":[[24.1437233,45.7513562],[24.14359,45.7520754]]}},{"type":"Feature","properties":{"osm_id":1153656780,"name":"Strada Grigore Ionescu","highway":"secondary","name_ro":null,"source":"openstreetmap"},"geometry":{"type":"LineString","coordinates":[[24.14359,45.7520754],[24.1435414,45.7523204]]}},{"type":"Feature","properties":{"osm_id":1154731346,"name":"Strada Doctor Dumitru Bagdazar","highway":"residential","name_ro":null,"source":"openstreetmap"},"geometry":{"type":"LineString","coordinates":[[24.1517682,45.8067317],[24.1518394,45.8067442],[24.1519129,45.8067624],[24.1519656,45.8067806],[24.1520319,45.8068078],[24.1520541,45.8068211],[24.1526258,45.8072213],[24.1529012,45.8074538]]}},{"type":"Feature","properties":{"osm_id":1154731347,"name":"Strada Doctor Dumitru Bagdazar","highway":"residential","name_ro":null,"source":"openstreetmap"},"geometry":{"type":"LineString","coordinates":[[24.1529012,45.8074538],[24.152931,45.8074787],[24.1529736,45.8075143],[24.1530125,45.8075507]]}},{"type":"Feature","properties":{"osm_id":1156298063,"name":"Strada Colinei","highway":"residential","name_ro":null,"source":"openstreetmap"},"geometry":{"type":"LineString","coordinates":[[24.1208602,45.7726583],[24.121413,45.7731756]]}},{"type":"Feature","properties":{"osm_id":1159490207,"name":"Strada Octavian Goga","highway":"secondary","name_ro":null,"source":"openstreetmap"},"geometry":{"type":"LineString","coordinates":[[24.1402805,45.7788031],[24.140297,45.7783232],[24.1402952,45.7782258],[24.140284,45.7781337],[24.1402531,45.7780072],[24.1401948,45.7778572],[24.1401116,45.7777056],[24.1400314,45.7775938],[24.1399538,45.7774921],[24.1397971,45.7772968],[24.1395764,45.7770401]]}},{"type":"Feature","properties":{"osm_id":1159999094,"name":"Strada Regina Maria","highway":"residential","name_ro":null,"source":"openstreetmap"},"geometry":{"type":"LineString","coordinates":[[24.164687,45.7736177],[24.1664167,45.7718491],[24.1666102,45.7716346]]}},{"type":"Feature","properties":{"osm_id":1171732128,"name":"Strada George Călinescu","highway":"residential","name_ro":null,"source":"openstreetmap"},"geometry":{"type":"LineString","coordinates":[[24.1875547,45.7787436],[24.1865131,45.7788652]]}},{"type":"Feature","properties":{"osm_id":1171732129,"name":"Strada Lucian Blaga","highway":"residential","name_ro":null,"source":"openstreetmap"},"geometry":{"type":"LineString","coordinates":[[24.1874145,45.7781773],[24.1845886,45.7785237]]}},{"type":"Feature","properties":{"osm_id":1171732130,"name":"Strada Ion Teodorescu-Sion","highway":"residential","name_ro":null,"source":"openstreetmap"},"geometry":{"type":"LineString","coordinates":[[24.1807412,45.7770992],[24.1837735,45.776775]]}},{"type":"Feature","properties":{"osm_id":1171732131,"name":"Strada Ana Ipătescu","highway":"residential","name_ro":null,"source":"openstreetmap"},"geometry":{"type":"LineString","coordinates":[[24.1872643,45.7775703],[24.1844183,45.7779209]]}},{"type":"Feature","properties":{"osm_id":1175742300,"name":"Strada Dorobanților","highway":"residential","name_ro":null,"source":"openstreetmap"},"geometry":{"type":"LineString","coordinates":[[24.1641488,45.7989914],[24.1640351,45.7990824],[24.1634753,45.7997918],[24.163437,45.7998754]]}},{"type":"Feature","properties":{"osm_id":1178568124,"name":"Strada Grigore Ionescu","highway":"secondary","name_ro":null,"source":"openstreetmap"},"geometry":{"type":"LineString","coordinates":[[24.1438301,45.7550717],[24.1438505,45.755181]]}},{"type":"Feature","properties":{"osm_id":1178572135,"name":"Calea Cisnădiei","highway":"secondary","name_ro":null,"source":"openstreetmap"},"geometry":{"type":"LineString","coordinates":[[24.1482107,45.7754283],[24.148199,45.7752749]]}},{"type":"Feature","properties":{"osm_id":1183574793,"name":"Strada Răsăritului","highway":"residential","name_ro":null,"source":"openstreetmap"},"geometry":{"type":"LineString","coordinates":[[24.1916052,45.7735637],[24.1916004,45.7735908],[24.1916116,45.7737101],[24.1918771,45.7750477],[24.191912,45.7754172]]}},{"type":"Feature","properties":{"osm_id":1186430268,"name":"Strada Grigore Ionescu","highway":"residential","name_ro":null,"source":"openstreetmap"},"geometry":{"type":"LineString","coordinates":[[24.1447277,45.7575266],[24.144808,45.7580779],[24.1448235,45.7582047],[24.1448633,45.7585303]]}},{"type":"Feature","properties":{"osm_id":1192250140,"name":"Strada Grigore Ionescu","highway":"residential","name_ro":null,"source":"openstreetmap"},"geometry":{"type":"LineString","coordinates":[[24.1447946,45.7575427],[24.1448369,45.7574943],[24.1451936,45.7569501],[24.1452319,45.7569207]]}},{"type":"Feature","properties":{"osm_id":1192250141,"name":"Strada Grigore Ionescu","highway":"secondary","name_ro":null,"source":"openstreetmap"},"geometry":{"type":"LineString","coordinates":[[24.1445169,45.7574933],[24.1445287,45.7575739]]}},{"type":"Feature","properties":{"osm_id":1192471688,"name":"Strada Mihail Sadoveanu","highway":"residential","name_ro":null,"source":"openstreetmap"},"geometry":{"type":"LineString","coordinates":[[24.1330512,45.7854216],[24.1330713,45.7853999],[24.1332885,45.7851647]]}},{"type":"Feature","properties":{"osm_id":1194480704,"name":"Strada Mihail Sadoveanu","highway":"residential","name_ro":null,"source":"openstreetmap"},"geometry":{"type":"LineString","coordinates":[[24.1343728,45.7866911],[24.1348008,45.7868675],[24.1350033,45.7866226],[24.1350479,45.7865655],[24.1352472,45.7863103],[24.1352543,45.786294],[24.1352507,45.7862789],[24.1351494,45.7862321],[24.1351314,45.7862369],[24.1351134,45.7862479],[24.1349813,45.7863847],[24.134856,45.7865347],[24.1348553,45.7865531],[24.134868,45.7865671],[24.1350033,45.7866226]]}},{"type":"Feature","properties":{"osm_id":1194480705,"name":"Strada Mihail Sadoveanu","highway":"residential","name_ro":null,"source":"openstreetmap"},"geometry":{"type":"LineString","coordinates":[[24.1349813,45.7863847],[24.134551,45.7862204]]}},{"type":"Feature","properties":{"osm_id":1194823228,"name":"Strada Ștrandului","highway":"residential","name_ro":null,"source":"openstreetmap"},"geometry":{"type":"LineString","coordinates":[[24.1348594,45.784379],[24.135386,45.7846389],[24.1356532,45.7847652],[24.1357268,45.7847994],[24.1359488,45.7849025],[24.1360468,45.7849592],[24.1361109,45.7850116]]}},{"type":"Feature","properties":{"osm_id":1195037951,"name":"Strada Emil Gârleanu","highway":"residential","name_ro":null,"source":"openstreetmap"},"geometry":{"type":"LineString","coordinates":[[24.1335725,45.7895237],[24.133142,45.7895498],[24.1329896,45.7895577],[24.1329073,45.789554],[24.1328109,45.789538],[24.1328073,45.789537],[24.1326619,45.7894963],[24.1326452,45.789492]]}},{"type":"Feature","properties":{"osm_id":1196177555,"name":"Strada Gorăslău","highway":"service","name_ro":null,"source":"openstreetmap"},"geometry":{"type":"LineString","coordinates":[[24.1740993,45.7758869],[24.1745809,45.7764938]]}},{"type":"Feature","properties":{"osm_id":1197002358,"name":"Strada Octavian Goga","highway":"secondary","name_ro":null,"source":"openstreetmap"},"geometry":{"type":"LineString","coordinates":[[24.1446239,45.7828178],[24.1446989,45.7828659],[24.1449855,45.7830849]]}},{"type":"Feature","properties":{"osm_id":1197673816,"name":"Strada Berăriei","highway":"residential","name_ro":null,"source":"openstreetmap"},"geometry":{"type":"LineString","coordinates":[[24.1513831,45.7916011],[24.1509861,45.7919401]]}},{"type":"Feature","properties":{"osm_id":1197673817,"name":"Strada Berăriei","highway":"residential","name_ro":null,"source":"openstreetmap"},"geometry":{"type":"LineString","coordinates":[[24.1520299,45.7908202],[24.1519617,45.7908851],[24.1518709,45.7910083],[24.1516597,45.7913631]]}},{"type":"Feature","properties":{"osm_id":1197673973,"name":"Strada Berăriei","highway":"residential","name_ro":null,"source":"openstreetmap"},"geometry":{"type":"LineString","coordinates":[[24.1516597,45.7913631],[24.1513831,45.7916011]]}},{"type":"Feature","properties":{"osm_id":1198158202,"name":"Strada 1 Decembrie","highway":"service","name_ro":null,"source":"openstreetmap"},"geometry":{"type":"LineString","coordinates":[[24.2033095,45.7639077],[24.2033433,45.763936],[24.2034345,45.7639548],[24.2043114,45.7640727]]}},{"type":"Feature","properties":{"osm_id":1198158203,"name":"Strada 1 Decembrie","highway":"service","name_ro":null,"source":"openstreetmap"},"geometry":{"type":"LineString","coordinates":[[24.2037144,45.7637233],[24.2036675,45.763649],[24.2035824,45.7634945],[24.203527,45.7633891],[24.2035185,45.763352],[24.2035355,45.7633252],[24.2035973,45.7633015]]}},{"type":"Feature","properties":{"osm_id":1198158204,"name":"Strada 1 Decembrie","highway":"service","name_ro":null,"source":"openstreetmap"},"geometry":{"type":"LineString","coordinates":[[24.2033969,45.7638628],[24.2033114,45.7637031],[24.2027012,45.7625991],[24.2026904,45.7625767],[24.2026824,45.7625514],[24.2026877,45.7625346],[24.2027038,45.7625093],[24.2027588,45.7624934]]}},{"type":"Feature","properties":{"osm_id":1198247815,"name":"Strada Nicolae Beldiceanu","highway":"residential","name_ro":null,"source":"openstreetmap"},"geometry":{"type":"LineString","coordinates":[[24.1289906,45.7807002],[24.1287822,45.7805548]]}},{"type":"Feature","properties":{"osm_id":1198252899,"name":"Strada Grigore Ionescu","highway":"residential","name_ro":null,"source":"openstreetmap"},"geometry":{"type":"LineString","coordinates":[[24.1453479,45.7624706],[24.1453898,45.7629455]]}},{"type":"Feature","properties":{"osm_id":1201874188,"name":"Strada Frigoriferului","highway":"service","name_ro":null,"source":"openstreetmap"},"geometry":{"type":"LineString","coordinates":[[24.124039,45.800083],[24.1242331,45.8001195],[24.1242918,45.8001306],[24.1243909,45.800222],[24.12439,45.8006796],[24.1244806,45.8007639],[24.1253147,45.8010349],[24.1255165,45.8010958]]}},{"type":"Feature","properties":{"osm_id":1201907819,"name":"Strada Frigoriferului","highway":"service","name_ro":null,"source":"openstreetmap"},"geometry":{"type":"LineString","coordinates":[[24.125566,45.8011145],[24.1258228,45.8011999],[24.1264648,45.8014069]]}},{"type":"Feature","properties":{"osm_id":1202553640,"name":"Strada Hunedoarei","highway":"residential","name_ro":null,"source":"openstreetmap"},"geometry":{"type":"LineString","coordinates":[[24.1340894,45.7851994],[24.1340331,45.7851744],[24.1337167,45.7850361],[24.1337119,45.785033],[24.1335079,45.7849431],[24.133177,45.7847973],[24.1331313,45.7847773]]}},{"type":"Feature","properties":{"osm_id":1202698126,"name":"Strada Săliște","highway":"residential","name_ro":null,"source":"openstreetmap"},"geometry":{"type":"LineString","coordinates":[[24.1328895,45.7793932],[24.1343144,45.7793186],[24.1343901,45.7793067],[24.1344655,45.77929]]}},{"type":"Feature","properties":{"osm_id":1203046675,"name":"Strada Grigore Ionescu","highway":"secondary","name_ro":null,"source":"openstreetmap"},"geometry":{"type":"LineString","coordinates":[[24.1439938,45.7499724],[24.1439792,45.7500944],[24.1439622,45.7502128],[24.1439544,45.7502947],[24.1439609,45.7503457],[24.1439857,45.7504156]]}},{"type":"Feature","properties":{"osm_id":1203046676,"name":"Strada Grigore Ionescu","highway":"secondary","name_ro":null,"source":"openstreetmap"},"geometry":{"type":"LineString","coordinates":[[24.1438017,45.7504097],[24.1438341,45.7503739],[24.1438707,45.7503239],[24.143901,45.7502601],[24.1439938,45.7499724]]}},{"type":"Feature","properties":{"osm_id":1203046677,"name":"Strada Grigore Ionescu","highway":"secondary","name_ro":null,"source":"openstreetmap"},"geometry":{"type":"LineString","coordinates":[[24.1440437,45.7505465],[24.1440272,45.7505703],[24.1440034,45.7505909],[24.1439735,45.7506071]]}},{"type":"Feature","properties":{"osm_id":1203046681,"name":"Strada Grigore Ionescu","highway":"secondary","name_ro":null,"source":"openstreetmap"},"geometry":{"type":"LineString","coordinates":[[24.1439391,45.7506182],[24.1439028,45.7506444],[24.1438813,45.7506713],[24.1438587,45.7507107],[24.1438531,45.7507258],[24.1438409,45.7507583],[24.1438126,45.7508513]]}},{"type":"Feature","properties":{"osm_id":1203046682,"name":"Strada Grigore Ionescu","highway":"secondary","name_ro":null,"source":"openstreetmap"},"geometry":{"type":"LineString","coordinates":[[24.1438126,45.7508513],[24.143806,45.7507577],[24.143802,45.7507191],[24.1437923,45.7506699],[24.143775,45.7505932]]}},{"type":"Feature","properties":{"osm_id":1203046707,"name":"Strada Grigore Ionescu","highway":"secondary","name_ro":null,"source":"openstreetmap"},"geometry":{"type":"LineString","coordinates":[[24.1439085,45.7503939],[24.1439491,45.7504013],[24.1439857,45.7504156]]}},{"type":"Feature","properties":{"osm_id":1203046713,"name":"Strada Grigore Ionescu","highway":"secondary","name_ro":null,"source":"openstreetmap"},"geometry":{"type":"LineString","coordinates":[[24.1437291,45.7513235],[24.1437233,45.7513562]]}},{"type":"Feature","properties":{"osm_id":1203046714,"name":"Strada Grigore Ionescu","highway":"secondary","name_ro":null,"source":"openstreetmap"},"geometry":{"type":"LineString","coordinates":[[24.1437446,45.7512357],[24.1437291,45.7513235]]}},{"type":"Feature","properties":{"osm_id":1203046715,"name":"Strada Grigore Ionescu","highway":"secondary","name_ro":null,"source":"openstreetmap"},"geometry":{"type":"LineString","coordinates":[[24.1435414,45.7523204],[24.143523,45.7524289]]}},{"type":"Feature","properties":{"osm_id":1203046716,"name":"Strada Haralamb Georgescu","highway":"residential","name_ro":null,"source":"openstreetmap"},"geometry":{"type":"LineString","coordinates":[[24.1435897,45.7537815],[24.1436772,45.7538253],[24.1437414,45.7538575]]}},{"type":"Feature","properties":{"osm_id":1203046717,"name":"Strada Haralamb Georgescu","highway":"residential","name_ro":null,"source":"openstreetmap"},"geometry":{"type":"LineString","coordinates":[[24.1437414,45.7538575],[24.1436847,45.7538734],[24.143612,45.7538944]]}},{"type":"Feature","properties":{"osm_id":1203046718,"name":"Strada Haralamb Georgescu","highway":"residential","name_ro":null,"source":"openstreetmap"},"geometry":{"type":"LineString","coordinates":[[24.1439403,45.7539264],[24.1441235,45.7539887],[24.145091,45.7543241],[24.1453594,45.754417],[24.1463023,45.7547433],[24.1464672,45.7547988],[24.1474618,45.7551329],[24.148387,45.7554437],[24.1491061,45.7556861],[24.149171,45.755708],[24.1498767,45.7559554],[24.1499542,45.7559826],[24.1525585,45.7568849],[24.1528648,45.7569909],[24.1529572,45.7570254],[24.1531638,45.7571208]]}},{"type":"Feature","properties":{"osm_id":1203046719,"name":"Strada Haralamb Georgescu","highway":"residential","name_ro":null,"source":"openstreetmap"},"geometry":{"type":"LineString","coordinates":[[24.1437906,45.7538734],[24.1439403,45.7539264]]}},{"type":"Feature","properties":{"osm_id":1203046720,"name":"Strada Grigore Ionescu","highway":"secondary","name_ro":null,"source":"openstreetmap"},"geometry":{"type":"LineString","coordinates":[[24.1435897,45.7537815],[24.143612,45.7538944]]}},{"type":"Feature","properties":{"osm_id":1203046722,"name":"Strada Daniel Renard","highway":"residential","name_ro":null,"source":"openstreetmap"},"geometry":{"type":"LineString","coordinates":[[24.1437138,45.7544092],[24.1437832,45.7544376],[24.143889,45.7544847]]}},{"type":"Feature","properties":{"osm_id":1203046723,"name":"Strada Daniel Renard","highway":"residential","name_ro":null,"source":"openstreetmap"},"geometry":{"type":"LineString","coordinates":[[24.143889,45.7544847],[24.1437949,45.7544968],[24.1437326,45.7545045]]}},{"type":"Feature","properties":{"osm_id":1203046724,"name":"Strada Grigore Ionescu","highway":"secondary","name_ro":null,"source":"openstreetmap"},"geometry":{"type":"LineString","coordinates":[[24.1437138,45.7544092],[24.1437326,45.7545045]]}},{"type":"Feature","properties":{"osm_id":1203054710,"name":"Strada Constantin Lepadatu","highway":"residential","name_ro":null,"source":"openstreetmap"},"geometry":{"type":"LineString","coordinates":[[24.1438301,45.7550717],[24.1439134,45.7551038],[24.1440012,45.7551376]]}},{"type":"Feature","properties":{"osm_id":1203054711,"name":"Strada Constantin Lepadatu","highway":"residential","name_ro":null,"source":"openstreetmap"},"geometry":{"type":"LineString","coordinates":[[24.1440012,45.7551376],[24.1439252,45.7551595],[24.1438505,45.755181]]}},{"type":"Feature","properties":{"osm_id":1203054712,"name":"Strada Grigore Ionescu","highway":"secondary","name_ro":null,"source":"openstreetmap"},"geometry":{"type":"LineString","coordinates":[[24.1438505,45.755181],[24.1438719,45.7552953]]}},{"type":"Feature","properties":{"osm_id":1203054715,"name":"Strada Grigore Ionescu","highway":"secondary","name_ro":null,"source":"openstreetmap"},"geometry":{"type":"LineString","coordinates":[[24.1438719,45.7552953],[24.1438858,45.755369]]}},{"type":"Feature","properties":{"osm_id":1203054716,"name":"Strada Radu Patrulius","highway":"residential","name_ro":null,"source":"openstreetmap"},"geometry":{"type":"LineString","coordinates":[[24.1438315,45.7557108],[24.1438954,45.7556789],[24.1439701,45.7556416]]}},{"type":"Feature","properties":{"osm_id":1203054717,"name":"Strada Radu Patrulius","highway":"residential","name_ro":null,"source":"openstreetmap"},"geometry":{"type":"LineString","coordinates":[[24.1439955,45.7557199],[24.1439064,45.755715],[24.1438315,45.7557108]]}},{"type":"Feature","properties":{"osm_id":1203054718,"name":"Strada Dorului","highway":"residential","name_ro":null,"source":"openstreetmap"},"geometry":{"type":"LineString","coordinates":[[24.144245,45.7570675],[24.1443495,45.7570247],[24.1444159,45.7569975]]}},{"type":"Feature","properties":{"osm_id":1203054719,"name":"Strada Dorului","highway":"residential","name_ro":null,"source":"openstreetmap"},"geometry":{"type":"LineString","coordinates":[[24.1444372,45.7570835],[24.1443649,45.7570775],[24.144245,45.7570675]]}},{"type":"Feature","properties":{"osm_id":1203054721,"name":"Strada Grigore Ionescu","highway":"residential","name_ro":null,"source":"openstreetmap"},"geometry":{"type":"LineString","coordinates":[[24.1445169,45.7574933],[24.1445918,45.7575049],[24.1446991,45.7575216]]}},{"type":"Feature","properties":{"osm_id":1203054722,"name":"Strada Grigore Ionescu","highway":"residential","name_ro":null,"source":"openstreetmap"},"geometry":{"type":"LineString","coordinates":[[24.1446991,45.7575216],[24.1446006,45.7575519],[24.1445287,45.7575739]]}},{"type":"Feature","properties":{"osm_id":1203054723,"name":"Strada Nicolae Porumbescu","highway":"residential","name_ro":null,"source":"openstreetmap"},"geometry":{"type":"LineString","coordinates":[[24.1447946,45.7575427],[24.1465338,45.7581042],[24.1478982,45.7585579]]}},{"type":"Feature","properties":{"osm_id":1203054724,"name":"Strada Grigore Ionescu","highway":"residential","name_ro":null,"source":"openstreetmap"},"geometry":{"type":"LineString","coordinates":[[24.1447277,45.7575266],[24.1447946,45.7575427]]}},{"type":"Feature","properties":{"osm_id":1203054725,"name":"Strada Florea Stanculescu","highway":"residential","name_ro":null,"source":"openstreetmap"},"geometry":{"type":"LineString","coordinates":[[24.1446676,45.7584706],[24.1447524,45.7584965],[24.1448633,45.7585303]]}},{"type":"Feature","properties":{"osm_id":1203054726,"name":"Strada Grigore Ionescu","highway":"residential","name_ro":null,"source":"openstreetmap"},"geometry":{"type":"LineString","coordinates":[[24.1448633,45.7585303],[24.1449309,45.7590834]]}},{"type":"Feature","properties":{"osm_id":1203054727,"name":"Strada Florea Stanculescu","highway":"residential","name_ro":null,"source":"openstreetmap"},"geometry":{"type":"LineString","coordinates":[[24.1448633,45.7585303],[24.1447618,45.7585571],[24.1446839,45.7585781]]}},{"type":"Feature","properties":{"osm_id":1203054728,"name":"Strada Grigore Ionescu","highway":"secondary","name_ro":null,"source":"openstreetmap"},"geometry":{"type":"LineString","coordinates":[[24.1446839,45.7585781],[24.1447548,45.7590225]]}},{"type":"Feature","properties":{"osm_id":1203054730,"name":"Strada Horia Creangă","highway":"residential","name_ro":null,"source":"openstreetmap"},"geometry":{"type":"LineString","coordinates":[[24.144851,45.7597052],[24.1449324,45.7597311],[24.1450902,45.7597811]]}},{"type":"Feature","properties":{"osm_id":1203054731,"name":"Strada Alexandru Clavel","highway":"residential","name_ro":null,"source":"openstreetmap"},"geometry":{"type":"LineString","coordinates":[[24.1447548,45.7590225],[24.1448372,45.7590511],[24.1449309,45.7590834]]}},{"type":"Feature","properties":{"osm_id":1203054732,"name":"Strada Alexandru Clavel","highway":"residential","name_ro":null,"source":"openstreetmap"},"geometry":{"type":"LineString","coordinates":[[24.1449309,45.7590834],[24.1448459,45.7591109],[24.1447708,45.7591355]]}},{"type":"Feature","properties":{"osm_id":1203054734,"name":"Strada Grigore Ionescu","highway":"secondary","name_ro":null,"source":"openstreetmap"},"geometry":{"type":"LineString","coordinates":[[24.1448079,45.7593997],[24.144851,45.7597052]]}},{"type":"Feature","properties":{"osm_id":1203054735,"name":"Strada Grigore Ionescu","highway":"secondary","name_ro":null,"source":"openstreetmap"},"geometry":{"type":"LineString","coordinates":[[24.1447882,45.7592597],[24.1448079,45.7593997]]}},{"type":"Feature","properties":{"osm_id":1203054736,"name":"Strada Grigore Ionescu","highway":"secondary","name_ro":null,"source":"openstreetmap"},"geometry":{"type":"LineString","coordinates":[[24.1447708,45.7591355],[24.1447796,45.7591984]]}},{"type":"Feature","properties":{"osm_id":1203054737,"name":"Strada Horia Creangă","highway":"residential","name_ro":null,"source":"openstreetmap"},"geometry":{"type":"LineString","coordinates":[[24.1450902,45.7597811],[24.1449418,45.7597987],[24.1448654,45.7598077]]}},{"type":"Feature","properties":{"osm_id":1203054738,"name":"Strada Grigore Ionescu","highway":"secondary","name_ro":null,"source":"openstreetmap"},"geometry":{"type":"LineString","coordinates":[[24.1448654,45.7598077],[24.1449021,45.760058]]}},{"type":"Feature","properties":{"osm_id":1203054739,"name":"Strada Grigore Ionescu","highway":"secondary","name_ro":null,"source":"openstreetmap"},"geometry":{"type":"LineString","coordinates":[[24.1449021,45.760058],[24.1449445,45.7603375]]}},{"type":"Feature","properties":{"osm_id":1203054741,"name":"Strada Octav Doicescu","highway":"residential","name_ro":null,"source":"openstreetmap"},"geometry":{"type":"LineString","coordinates":[[24.1449445,45.7603375],[24.1450212,45.7603678],[24.1451712,45.7604241]]}},{"type":"Feature","properties":{"osm_id":1203054742,"name":"Strada Octav Doicescu","highway":"residential","name_ro":null,"source":"openstreetmap"},"geometry":{"type":"LineString","coordinates":[[24.1451712,45.7604241],[24.1450318,45.7604441],[24.1449586,45.760454]]}},{"type":"Feature","properties":{"osm_id":1203054743,"name":"Strada Paul Smărăndescu","highway":"residential","name_ro":null,"source":"openstreetmap"},"geometry":{"type":"LineString","coordinates":[[24.145023,45.7610405],[24.1451072,45.7610596],[24.1452655,45.7610955]]}},{"type":"Feature","properties":{"osm_id":1203054744,"name":"Strada Paul Smărăndescu","highway":"residential","name_ro":null,"source":"openstreetmap"},"geometry":{"type":"LineString","coordinates":[[24.1452655,45.7610955],[24.1451134,45.7611188],[24.1450329,45.7611311]]}},{"type":"Feature","properties":{"osm_id":1203054745,"name":"Strada Grigore Ionescu","highway":"secondary","name_ro":null,"source":"openstreetmap"},"geometry":{"type":"LineString","coordinates":[[24.1452168,45.7618269],[24.1451932,45.7618526]]}},{"type":"Feature","properties":{"osm_id":1203054746,"name":"Strada Grigore Ionescu","highway":"secondary","name_ro":null,"source":"openstreetmap"},"geometry":{"type":"LineString","coordinates":[[24.1451097,45.7620728],[24.1450743,45.7619988],[24.1450664,45.7619235],[24.1450589,45.7618644],[24.1450541,45.7618436],[24.1450458,45.7618247],[24.1450248,45.7617875]]}},{"type":"Feature","properties":{"osm_id":1203054747,"name":"Strada Grigore Ionescu","highway":"secondary","name_ro":null,"source":"openstreetmap"},"geometry":{"type":"LineString","coordinates":[[24.145139,45.761839],[24.1450932,45.7618312],[24.1450537,45.7618134],[24.1450248,45.7617875]]}},{"type":"Feature","properties":{"osm_id":1203054755,"name":"Strada Grigore Ionescu","highway":"residential","name_ro":null,"source":"openstreetmap"},"geometry":{"type":"LineString","coordinates":[[24.1451203,45.7623009],[24.1450549,45.7622923],[24.1449628,45.7622801]]}},{"type":"Feature","properties":{"osm_id":1203054756,"name":"Strada Henrieta Delavrancea","highway":"residential","name_ro":null,"source":"openstreetmap"},"geometry":{"type":"LineString","coordinates":[[24.1451256,45.7623995],[24.1452115,45.762427],[24.1453479,45.7624706]]}},{"type":"Feature","properties":{"osm_id":1203054757,"name":"Strada Henrieta Delavrancea","highway":"residential","name_ro":null,"source":"openstreetmap"},"geometry":{"type":"LineString","coordinates":[[24.1453479,45.7624706],[24.1452139,45.7624806],[24.1451317,45.7624867]]}},{"type":"Feature","properties":{"osm_id":1203054758,"name":"Strada Grigore Ionescu","highway":"secondary","name_ro":null,"source":"openstreetmap"},"geometry":{"type":"LineString","coordinates":[[24.1451203,45.7623009],[24.1451256,45.7623995]]}},{"type":"Feature","properties":{"osm_id":1203054759,"name":"Strada Grigore Ionescu","highway":"secondary","name_ro":null,"source":"openstreetmap"},"geometry":{"type":"LineString","coordinates":[[24.1451317,45.7624867],[24.1451585,45.7627363],[24.1452074,45.7630898],[24.145259,45.7633568],[24.1453336,45.7636381],[24.1454011,45.7638802],[24.1454636,45.7641092]]}},{"type":"Feature","properties":{"osm_id":1203054760,"name":"Strada Marcel Iancu","highway":"residential","name_ro":null,"source":"openstreetmap"},"geometry":{"type":"LineString","coordinates":[[24.1454782,45.7641581],[24.1455537,45.7641817],[24.1457183,45.7642332]]}},{"type":"Feature","properties":{"osm_id":1203054761,"name":"Strada Marcel Iancu","highway":"residential","name_ro":null,"source":"openstreetmap"},"geometry":{"type":"LineString","coordinates":[[24.1457183,45.7642332],[24.1456288,45.7642344],[24.1455691,45.7642394],[24.1455427,45.7642454],[24.1455098,45.7642576]]}},{"type":"Feature","properties":{"osm_id":1203054762,"name":"Strada Grigore Ionescu","highway":"secondary","name_ro":null,"source":"openstreetmap"},"geometry":{"type":"LineString","coordinates":[[24.1455098,45.7642576],[24.1457087,45.7650087]]}},{"type":"Feature","properties":{"osm_id":1203054764,"name":"Strada Grigore Ionescu","highway":"secondary","name_ro":null,"source":"openstreetmap"},"geometry":{"type":"LineString","coordinates":[[24.1451932,45.7618526],[24.1451843,45.7618622],[24.1451573,45.7619055],[24.1451419,45.7619575]]}},{"type":"Feature","properties":{"osm_id":1203054765,"name":"Strada Grigore Ionescu","highway":"secondary","name_ro":null,"source":"openstreetmap"},"geometry":{"type":"LineString","coordinates":[[24.1451419,45.7619575],[24.1451378,45.7619968],[24.1451097,45.7620728]]}},{"type":"Feature","properties":{"osm_id":1203054766,"name":"Strada Grigore Ionescu","highway":"secondary","name_ro":null,"source":"openstreetmap"},"geometry":{"type":"LineString","coordinates":[[24.1452168,45.7618269],[24.1451791,45.7618369],[24.145139,45.761839]]}},{"type":"Feature","properties":{"osm_id":1203054767,"name":"Strada Grigore Ionescu","highway":"secondary","name_ro":null,"source":"openstreetmap"},"geometry":{"type":"LineString","coordinates":[[24.1450248,45.7617875],[24.1450098,45.7617564],[24.1450104,45.7617236],[24.1450264,45.7616927],[24.1450561,45.7616672],[24.1450962,45.7616501],[24.1451421,45.7616431],[24.1451889,45.761647]]}},{"type":"Feature","properties":{"osm_id":1203054768,"name":"Strada Grigore Ionescu","highway":"secondary","name_ro":null,"source":"openstreetmap"},"geometry":{"type":"LineString","coordinates":[[24.1452728,45.7617873],[24.1452489,45.76181],[24.1452168,45.7618269]]}},{"type":"Feature","properties":{"osm_id":1203057554,"name":"Strada Irina Rosetti","highway":"residential","name_ro":null,"source":"openstreetmap"},"geometry":{"type":"LineString","coordinates":[[24.1461971,45.7661037],[24.1461448,45.7661124],[24.1460929,45.766135],[24.1460586,45.76616],[24.1460366,45.7661884]]}},{"type":"Feature","properties":{"osm_id":1203057555,"name":"Strada Grigore Ionescu","highway":"secondary","name_ro":null,"source":"openstreetmap"},"geometry":{"type":"LineString","coordinates":[[24.1460366,45.7661884],[24.1462006,45.7667793]]}},{"type":"Feature","properties":{"osm_id":1203057556,"name":"Strada Irina Rosetti","highway":"residential","name_ro":null,"source":"openstreetmap"},"geometry":{"type":"LineString","coordinates":[[24.146243,45.7661176],[24.1464252,45.7661598],[24.1468608,45.7662427],[24.1471839,45.7663043],[24.1475421,45.7663725],[24.1477364,45.7664095],[24.1478935,45.7664391],[24.1482148,45.7664996],[24.1482334,45.7665031],[24.1485644,45.7665654],[24.1486012,45.7665723],[24.1489575,45.7666394],[24.1493002,45.7667051],[24.1495767,45.7667582],[24.1496315,45.7667687],[24.1499824,45.7668461],[24.1507044,45.7669892]]}},{"type":"Feature","properties":{"osm_id":1203057557,"name":"Strada Tiberiu Ricci","highway":"residential","name_ro":null,"source":"openstreetmap"},"geometry":{"type":"LineString","coordinates":[[24.1457087,45.7650087],[24.1457894,45.7650407],[24.145917,45.7650912]]}},{"type":"Feature","properties":{"osm_id":1203057559,"name":"Strada Tiberiu Ricci","highway":"residential","name_ro":null,"source":"openstreetmap"},"geometry":{"type":"LineString","coordinates":[[24.145917,45.7650912],[24.145846,45.7651038],[24.1458111,45.7651196],[24.1457776,45.7651418],[24.1457521,45.7651648]]}},{"type":"Feature","properties":{"osm_id":1203057560,"name":"Strada Grigore Ionescu","highway":"secondary","name_ro":null,"source":"openstreetmap"},"geometry":{"type":"LineString","coordinates":[[24.1457521,45.7651648],[24.1459863,45.7660054]]}},{"type":"Feature","properties":{"osm_id":1203057564,"name":"Strada Grigore Ionescu","highway":"secondary","name_ro":null,"source":"openstreetmap"},"geometry":{"type":"LineString","coordinates":[[24.1462006,45.7667793],[24.1462279,45.7668749]]}},{"type":"Feature","properties":{"osm_id":1203057565,"name":"Strada Virgil Ioan Ispas","highway":"residential","name_ro":null,"source":"openstreetmap"},"geometry":{"type":"LineString","coordinates":[[24.1466679,45.7677297],[24.1465564,45.767771],[24.146519,45.7677999],[24.1464939,45.7678262]]}},{"type":"Feature","properties":{"osm_id":1203057566,"name":"Strada Grigore Ionescu","highway":"secondary","name_ro":null,"source":"openstreetmap"},"geometry":{"type":"LineString","coordinates":[[24.1464939,45.7678262],[24.1465885,45.7681539]]}},{"type":"Feature","properties":{"osm_id":1203057567,"name":"Strada Mircea Alifanti","highway":"residential","name_ro":null,"source":"openstreetmap"},"geometry":{"type":"LineString","coordinates":[[24.1465885,45.7681539],[24.1466692,45.7681834],[24.1467718,45.7682209]]}},{"type":"Feature","properties":{"osm_id":1203057568,"name":"Strada Mircea Alifanti","highway":"residential","name_ro":null,"source":"openstreetmap"},"geometry":{"type":"LineString","coordinates":[[24.1467718,45.7682209],[24.1466835,45.768236],[24.1466422,45.7682536],[24.1466188,45.7682738]]}},{"type":"Feature","properties":{"osm_id":1203057569,"name":"Strada Grigore Ionescu","highway":"secondary","name_ro":null,"source":"openstreetmap"},"geometry":{"type":"LineString","coordinates":[[24.1466188,45.7682738],[24.1467863,45.7689301]]}},{"type":"Feature","properties":{"osm_id":1203067237,"name":"Strada Grigore Ionescu","highway":"secondary","name_ro":null,"source":"openstreetmap"},"geometry":{"type":"LineString","coordinates":[[24.1470938,45.7699544],[24.1471458,45.7700281],[24.1472135,45.7701868],[24.1472492,45.7702704]]}},{"type":"Feature","properties":{"osm_id":1203067238,"name":"Strada Grigore Ionescu","highway":"secondary","name_ro":null,"source":"openstreetmap"},"geometry":{"type":"LineString","coordinates":[[24.1474321,45.7706614],[24.1473723,45.7706216],[24.1473454,45.7705836],[24.1473095,45.7705574],[24.147264,45.7705417],[24.1471905,45.7705386]]}},{"type":"Feature","properties":{"osm_id":1203067239,"name":"Strada Grigore Ionescu","highway":"secondary","name_ro":null,"source":"openstreetmap"},"geometry":{"type":"LineString","coordinates":[[24.1473138,45.7704022],[24.1473613,45.7704887]]}},{"type":"Feature","properties":{"osm_id":1203067242,"name":"Strada Liviu Ciulei","highway":"residential","name_ro":null,"source":"openstreetmap"},"geometry":{"type":"LineString","coordinates":[[24.1473088,45.7703476],[24.147359,45.770407],[24.1474203,45.7704498],[24.1474917,45.7704809],[24.1475494,45.7705058],[24.147585,45.7705212]]}},{"type":"Feature","properties":{"osm_id":1203067243,"name":"Strada Liviu Ciulei","highway":"residential","name_ro":null,"source":"openstreetmap"},"geometry":{"type":"LineString","coordinates":[[24.1475354,45.7705132],[24.1474858,45.7705225],[24.1474535,45.7705428],[24.147439,45.7705709],[24.1474296,45.7706134]]}},{"type":"Feature","properties":{"osm_id":1203067244,"name":"Strada Liviu Ciulei","highway":"residential","name_ro":null,"source":"openstreetmap"},"geometry":{"type":"LineString","coordinates":[[24.147585,45.7705212],[24.1475494,45.7705154],[24.1475354,45.7705132],[24.1474157,45.7704937],[24.1473613,45.7704887]]}},{"type":"Feature","properties":{"osm_id":1203067245,"name":"Strada Liviu Ciulei","highway":"residential","name_ro":null,"source":"openstreetmap"},"geometry":{"type":"LineString","coordinates":[[24.1473613,45.7704887],[24.1473283,45.7704893],[24.1472953,45.7704929],[24.1472522,45.7705028]]}},{"type":"Feature","properties":{"osm_id":1203067246,"name":"Strada Grigore Ionescu","highway":"secondary","name_ro":null,"source":"openstreetmap"},"geometry":{"type":"LineString","coordinates":[[24.1473613,45.7704887],[24.1474296,45.7706134],[24.1474321,45.7706614]]}},{"type":"Feature","properties":{"osm_id":1203067264,"name":"Strada Rahovei","highway":"tertiary","name_ro":null,"source":"openstreetmap"},"geometry":{"type":"LineString","coordinates":[[24.1484918,45.7745746],[24.1486141,45.7746051],[24.1487578,45.7746198],[24.1488739,45.7746265],[24.1521154,45.7747828],[24.1528226,45.7748106],[24.1529505,45.7748138]]}},{"type":"Feature","properties":{"osm_id":1203147327,"name":"Strada Dumbrăviței","highway":"residential","name_ro":null,"source":"openstreetmap"},"geometry":{"type":"LineString","coordinates":[[24.1405637,45.7570562],[24.1406067,45.7573346],[24.1406342,45.7575998],[24.1406478,45.7576741],[24.1406749,45.7577912]]}},{"type":"Feature","properties":{"osm_id":1204011847,"name":"Strada Viitorului","highway":"tertiary","name_ro":null,"source":"openstreetmap"},"geometry":{"type":"LineString","coordinates":[[24.1521135,45.8046982],[24.152896,45.8049303],[24.1538568,45.8052544],[24.1543382,45.8054088],[24.154571,45.8054946],[24.1547458,45.805568],[24.1548728,45.8056269],[24.1551793,45.805763],[24.1554594,45.8058691],[24.1557008,45.8059487],[24.1559144,45.8060133],[24.15605,45.8060514]]}},{"type":"Feature","properties":{"osm_id":1204011848,"name":"Strada Viitorului","highway":"tertiary","name_ro":null,"source":"openstreetmap"},"geometry":{"type":"LineString","coordinates":[[24.15605,45.8060514],[24.1567197,45.8062439],[24.1575545,45.8064707],[24.1588526,45.8068218]]}},{"type":"Feature","properties":{"osm_id":1204351256,"name":"Strada George Matei Cantacuzino","highway":"residential","name_ro":null,"source":"openstreetmap"},"geometry":{"type":"LineString","coordinates":[[24.1453898,45.7629455],[24.1456969,45.7631591]]}},{"type":"Feature","properties":{"osm_id":1207354518,"name":"Strada Nichita Stănescu","highway":"residential","name_ro":null,"source":"openstreetmap"},"geometry":{"type":"LineString","coordinates":[[24.1754928,45.7820589],[24.17551,45.7820263],[24.1758617,45.7813998],[24.1760027,45.7811711]]}},{"type":"Feature","properties":{"osm_id":1207508360,"name":"Strada Bihorului","highway":"residential","name_ro":null,"source":"openstreetmap"},"geometry":{"type":"LineString","coordinates":[[24.1357887,45.7861963],[24.1357522,45.7862399],[24.1355145,45.7865342],[24.1353813,45.7866983],[24.1351955,45.7869273],[24.1350189,45.7871449]]}},{"type":"Feature","properties":{"osm_id":1208332417,"name":"Bulevardul Victoriei","highway":"primary","name_ro":null,"source":"openstreetmap"},"geometry":{"type":"LineString","coordinates":[[24.1466785,45.7915422],[24.1468732,45.7916628]]}},{"type":"Feature","properties":{"osm_id":1208356174,"name":"Strada Hațegului","highway":"tertiary","name_ro":null,"source":"openstreetmap"},"geometry":{"type":"LineString","coordinates":[[24.132641,45.7849014],[24.1327127,45.7849308],[24.1329361,45.7850223],[24.1331105,45.7850937],[24.1332885,45.7851647]]}},{"type":"Feature","properties":{"osm_id":1208356642,"name":"Strada Hațegului","highway":"tertiary","name_ro":null,"source":"openstreetmap"},"geometry":{"type":"LineString","coordinates":[[24.1332885,45.7851647],[24.1333955,45.7852082],[24.1339057,45.7854157]]}},{"type":"Feature","properties":{"osm_id":1208356855,"name":"Strada Profesor Doctor Ioan Moga","highway":"residential","name_ro":null,"source":"openstreetmap"},"geometry":{"type":"LineString","coordinates":[[24.1325801,45.7843029],[24.132699,45.7843596],[24.1328388,45.7844255],[24.1329832,45.7844927]]}},{"type":"Feature","properties":{"osm_id":1208438619,"name":"Strada Sergiu Celibidache","highway":"unclassified","name_ro":null,"source":"openstreetmap"},"geometry":{"type":"LineString","coordinates":[[24.1592915,45.8076868],[24.1591718,45.8075931],[24.1591077,45.8075387],[24.1590761,45.8074953],[24.1590296,45.8074266],[24.1589641,45.8073589],[24.1588837,45.8073122],[24.1587832,45.8072889],[24.1586694,45.8072889],[24.1585759,45.807277],[24.1584866,45.8072444],[24.1583459,45.8071872],[24.1581813,45.8071163],[24.1578977,45.8070249],[24.1561489,45.8065332],[24.1552338,45.8062804],[24.1551041,45.8062335],[24.1549829,45.8061719],[24.154857,45.8060893],[24.1547956,45.8060589],[24.1547118,45.8060236],[24.1544531,45.8059462]]}},{"type":"Feature","properties":{"osm_id":1208462346,"name":"Strada Podului","highway":"tertiary","name_ro":null,"source":"openstreetmap"},"geometry":{"type":"LineString","coordinates":[[24.1808779,45.8100817],[24.1805799,45.8102659]]}},{"type":"Feature","properties":{"osm_id":1208462347,"name":"Strada Podului","highway":"tertiary","name_ro":null,"source":"openstreetmap"},"geometry":{"type":"LineString","coordinates":[[24.1805799,45.8102659],[24.1804538,45.8103359],[24.1799317,45.8106258],[24.179147,45.8110367],[24.1790312,45.8110973],[24.1789542,45.8111328],[24.1788661,45.8111527]]}},{"type":"Feature","properties":{"osm_id":1208463148,"name":"Strada Podului","highway":"tertiary","name_ro":null,"source":"openstreetmap"},"geometry":{"type":"LineString","coordinates":[[24.2033256,45.7950728],[24.2027585,45.7954674],[24.2025534,45.7956101],[24.2019772,45.7960112]]}},{"type":"Feature","properties":{"osm_id":1212071338,"name":"Strada Arți","highway":"living_street","name_ro":null,"source":"openstreetmap"},"geometry":{"type":"LineString","coordinates":[[24.1695919,45.7878392],[24.1700058,45.787826]]}},{"type":"Feature","properties":{"osm_id":1212071339,"name":"Strada Șugag","highway":"living_street","name_ro":null,"source":"openstreetmap"},"geometry":{"type":"LineString","coordinates":[[24.1700153,45.7880041],[24.1700058,45.787826],[24.1699902,45.7875314],[24.1703709,45.7875198]]}},{"type":"Feature","properties":{"osm_id":1213675699,"name":"Strada Titanului","highway":"residential","name_ro":null,"source":"openstreetmap"},"geometry":{"type":"LineString","coordinates":[[24.1270746,45.8092785],[24.127301,45.8095294],[24.1274916,45.8097309],[24.1276942,45.8099609],[24.1277447,45.8100149],[24.1279024,45.8101834],[24.1282574,45.810563]]}},{"type":"Feature","properties":{"osm_id":1214817092,"name":"Strada Franceză","highway":"living_street","name_ro":null,"source":"openstreetmap"},"geometry":{"type":"LineString","coordinates":[[24.1696809,45.7886769],[24.1698058,45.7886715],[24.1701331,45.7886574],[24.1704231,45.788645],[24.1704786,45.7886426]]}},{"type":"Feature","properties":{"osm_id":1214817093,"name":"Strada Lipscani","highway":"living_street","name_ro":null,"source":"openstreetmap"},"geometry":{"type":"LineString","coordinates":[[24.1704786,45.7886426],[24.1705588,45.7892446],[24.1702015,45.7892622]]}},{"type":"Feature","properties":{"osm_id":1214817094,"name":"Strada Poloneză","highway":"living_street","name_ro":null,"source":"openstreetmap"},"geometry":{"type":"LineString","coordinates":[[24.1697187,45.7890378],[24.1701732,45.7890123]]}},{"type":"Feature","properties":{"osm_id":1216299878,"name":"Calea Dumbrăvii","highway":"secondary","name_ro":null,"source":"openstreetmap"},"geometry":{"type":"LineString","coordinates":[[24.1323385,45.7654536],[24.1322709,45.7652793]]}},{"type":"Feature","properties":{"osm_id":1216299879,"name":"Calea Dumbrăvii","highway":"secondary","name_ro":null,"source":"openstreetmap"},"geometry":{"type":"LineString","coordinates":[[24.1322709,45.7652793],[24.132395,45.7653712],[24.1324484,45.7654108]]}},{"type":"Feature","properties":{"osm_id":1216299880,"name":"Calea Dumbrăvii","highway":"secondary","name_ro":null,"source":"openstreetmap"},"geometry":{"type":"LineString","coordinates":[[24.1325964,45.765547],[24.1327698,45.7657264]]}},{"type":"Feature","properties":{"osm_id":1216299881,"name":"Calea Dumbrăvii","highway":"secondary","name_ro":null,"source":"openstreetmap"},"geometry":{"type":"LineString","coordinates":[[24.1327698,45.7657264],[24.1325777,45.765632],[24.1325224,45.7656048]]}},{"type":"Feature","properties":{"osm_id":1216299882,"name":"Strada Ludoș","highway":"tertiary","name_ro":null,"source":"openstreetmap"},"geometry":{"type":"LineString","coordinates":[[24.1321829,45.7656743],[24.1322754,45.7655642],[24.1323119,45.7655203]]}},{"type":"Feature","properties":{"osm_id":1216299883,"name":"Strada Ludoș","highway":"tertiary","name_ro":null,"source":"openstreetmap"},"geometry":{"type":"LineString","coordinates":[[24.1324058,45.7656084],[24.1321829,45.7656743]]}},{"type":"Feature","properties":{"osm_id":1216303390,"name":"Strada Panait Cerna","highway":"residential","name_ro":null,"source":"openstreetmap"},"geometry":{"type":"LineString","coordinates":[[24.1377002,45.770556],[24.1377566,45.7705264],[24.1377903,45.770505],[24.1378172,45.7704848],[24.1378466,45.7704607]]}},{"type":"Feature","properties":{"osm_id":1216303391,"name":"Strada Nicolae Filimon","highway":"residential","name_ro":null,"source":"openstreetmap"},"geometry":{"type":"LineString","coordinates":[[24.1380227,45.7705981],[24.1379693,45.7706255],[24.1379387,45.7706451],[24.1378719,45.7706898]]}},{"type":"Feature","properties":{"osm_id":1216303392,"name":"Calea Dumbrăvii","highway":"secondary","name_ro":null,"source":"openstreetmap"},"geometry":{"type":"LineString","coordinates":[[24.1382284,45.7705083],[24.1384576,45.7708415]]}},{"type":"Feature","properties":{"osm_id":1216303393,"name":"Calea Dumbrăvii","highway":"secondary","name_ro":null,"source":"openstreetmap"},"geometry":{"type":"LineString","coordinates":[[24.1378024,45.7702371],[24.1379026,45.7702992],[24.1379626,45.7703363]]}},{"type":"Feature","properties":{"osm_id":1216303394,"name":"Strada Panait Cerna","highway":"residential","name_ro":null,"source":"openstreetmap"},"geometry":{"type":"LineString","coordinates":[[24.1378965,45.7705566],[24.1377732,45.7705559]]}},{"type":"Feature","properties":{"osm_id":1216303395,"name":"Strada Nicolae Filimon","highway":"residential","name_ro":null,"source":"openstreetmap"},"geometry":{"type":"LineString","coordinates":[[24.1378719,45.7706898],[24.1378403,45.7706411],[24.1378049,45.7705988],[24.1377732,45.7705559]]}},{"type":"Feature","properties":{"osm_id":1216303397,"name":"Calea Dumbrăvii - Cimitir","highway":"secondary","name_ro":null,"source":"openstreetmap"},"geometry":{"type":"LineString","coordinates":[[24.1379841,45.7703307],[24.1380243,45.7703249],[24.1380653,45.7703252],[24.1381054,45.7703313]]}},{"type":"Feature","properties":{"osm_id":1216303398,"name":"Calea Dumbrăvii - Cimitir","highway":"secondary","name_ro":null,"source":"openstreetmap"},"geometry":{"type":"LineString","coordinates":[[24.1382284,45.7705083],[24.1382,45.7705447],[24.1381573,45.7705735],[24.1381042,45.7705921]]}},{"type":"Feature","properties":{"osm_id":1216303399,"name":"Calea Dumbrăvii - Cimitir","highway":"secondary","name_ro":null,"source":"openstreetmap"},"geometry":{"type":"LineString","coordinates":[[24.1378853,45.7703798],[24.1379131,45.7703587],[24.1379465,45.7703421],[24.1379626,45.7703363]]}},{"type":"Feature","properties":{"osm_id":1216303400,"name":"Calea Dumbrăvii - Cimitir","highway":"secondary","name_ro":null,"source":"openstreetmap"},"geometry":{"type":"LineString","coordinates":[[24.1379626,45.7703363],[24.1379841,45.7703307]]}},{"type":"Feature","properties":{"osm_id":1216303401,"name":"Calea Dumbrăvii - Cimitir","highway":"secondary","name_ro":null,"source":"openstreetmap"},"geometry":{"type":"LineString","coordinates":[[24.1382099,45.7703885],[24.1382297,45.7704177],[24.1382397,45.7704474],[24.1382385,45.7704765],[24.1382284,45.7705083]]}},{"type":"Feature","properties":{"osm_id":1216597581,"name":"Strada Șerbota","highway":"residential","name_ro":null,"source":"openstreetmap"},"geometry":{"type":"LineString","coordinates":[[24.1647752,45.7964501],[24.1647353,45.7964009],[24.1647113,45.7963573],[24.1647037,45.7962604],[24.1647573,45.7958486],[24.1648101,45.7955091],[24.1648096,45.7954739],[24.1647985,45.7954369],[24.1647513,45.7953832],[24.1644501,45.7950637],[24.1639232,45.7945043],[24.1638875,45.7944664]]}},{"type":"Feature","properties":{"osm_id":1216793379,"name":"Strada Stadionului","highway":"residential","name_ro":null,"source":"openstreetmap"},"geometry":{"type":"LineString","coordinates":[[24.1902382,45.7673029],[24.1901969,45.7672421],[24.1901465,45.7671919]]}},{"type":"Feature","properties":{"osm_id":1219356173,"name":"Strada Profesor Doctor Ioan Moga","highway":"residential","name_ro":null,"source":"openstreetmap"},"geometry":{"type":"LineString","coordinates":[[24.1325801,45.7843029],[24.1325205,45.7842749],[24.1325067,45.7842624],[24.132279,45.784108],[24.1321828,45.7840375],[24.1319515,45.7838538]]}},{"type":"Feature","properties":{"osm_id":1219356174,"name":"Strada Caraș Severin","highway":"residential","name_ro":null,"source":"openstreetmap"},"geometry":{"type":"LineString","coordinates":[[24.1319515,45.7838538],[24.1323301,45.7835918]]}},{"type":"Feature","properties":{"osm_id":1222826823,"name":"Strada Viilor","highway":"residential","name_ro":null,"source":"openstreetmap"},"geometry":{"type":"LineString","coordinates":[[24.1863087,45.80844],[24.1865461,45.8084919],[24.1868016,45.808526],[24.1870538,45.8085468],[24.187355,45.8085458],[24.187436,45.8085438],[24.1874917,45.8085485],[24.1875628,45.8085681],[24.1876218,45.8085985],[24.187776,45.8087298]]}},{"type":"Feature","properties":{"osm_id":1226937135,"name":"Strada Someșului","highway":"residential","name_ro":null,"source":"openstreetmap"},"geometry":{"type":"LineString","coordinates":[[24.148057,45.7882621],[24.1485403,45.7879344]]}},{"type":"Feature","properties":{"osm_id":1240187094,"name":"Strada Grigore Ionescu","highway":"secondary","name_ro":null,"source":"openstreetmap"},"geometry":{"type":"LineString","coordinates":[[24.1468338,45.7690882],[24.1468593,45.769173]]}},{"type":"Feature","properties":{"osm_id":1240187095,"name":"Strada Grigore Ionescu","highway":"secondary","name_ro":null,"source":"openstreetmap"},"geometry":{"type":"LineString","coordinates":[[24.146874,45.7692222],[24.14701,45.7696752]]}},{"type":"Feature","properties":{"osm_id":1240187096,"name":"Strada Grigore Ionescu","highway":"secondary","name_ro":null,"source":"openstreetmap"},"geometry":{"type":"LineString","coordinates":[[24.1470518,45.7698144],[24.1470938,45.7699544]]}},{"type":"Feature","properties":{"osm_id":1240588828,"name":"Strada Pieței","highway":"residential","name_ro":null,"source":"openstreetmap"},"geometry":{"type":"LineString","coordinates":[[24.1875396,45.76857],[24.1878954,45.7693043],[24.1879274,45.7693703]]}},{"type":"Feature","properties":{"osm_id":1241182768,"name":"Strada Cernei","highway":"residential","name_ro":null,"source":"openstreetmap"},"geometry":{"type":"LineString","coordinates":[[24.1608419,45.7825255],[24.1606125,45.7826397],[24.159872,45.7830082],[24.1597504,45.7830694]]}},{"type":"Feature","properties":{"osm_id":1246716273,"name":"Aleea Călărașilor","highway":"residential","name_ro":null,"source":"openstreetmap"},"geometry":{"type":"LineString","coordinates":[[24.1650339,45.7822892],[24.164631,45.7820026]]}},{"type":"Feature","properties":{"osm_id":1246716274,"name":"Aleea Călărașilor","highway":"residential","name_ro":null,"source":"openstreetmap"},"geometry":{"type":"LineString","coordinates":[[24.1651976,45.7822097],[24.1650339,45.7822892]]}},{"type":"Feature","properties":{"osm_id":1249183811,"name":"Strada Mihail Sadoveanu","highway":"residential","name_ro":null,"source":"openstreetmap"},"geometry":{"type":"LineString","coordinates":[[24.134215,45.786626],[24.1343728,45.7866911]]}},{"type":"Feature","properties":{"osm_id":1249183819,"name":"Strada Mihail Sadoveanu","highway":"residential","name_ro":null,"source":"openstreetmap"},"geometry":{"type":"LineString","coordinates":[[24.134215,45.786626],[24.1340801,45.7865714]]}},{"type":"Feature","properties":{"osm_id":1249184009,"name":"Strada Mihail Sadoveanu","highway":"residential","name_ro":null,"source":"openstreetmap"},"geometry":{"type":"LineString","coordinates":[[24.1340801,45.7865714],[24.1339787,45.7865303],[24.1337453,45.7864401],[24.1336387,45.7864372],[24.133313,45.7862771],[24.1331257,45.7861849]]}},{"type":"Feature","properties":{"osm_id":1249184010,"name":"Strada Mihail Sadoveanu","highway":"residential","name_ro":null,"source":"openstreetmap"},"geometry":{"type":"LineString","coordinates":[[24.1331257,45.7861849],[24.13308,45.7861224],[24.1327812,45.7857139]]}},{"type":"Feature","properties":{"osm_id":1249184063,"name":"Strada Mihail Sadoveanu","highway":"residential","name_ro":null,"source":"openstreetmap"},"geometry":{"type":"LineString","coordinates":[[24.1327812,45.7857139],[24.1330512,45.7854216]]}},{"type":"Feature","properties":{"osm_id":1249991654,"name":"Strada Partenie Cosma","highway":"residential","name_ro":null,"source":"openstreetmap"},"geometry":{"type":"LineString","coordinates":[[24.1319941,45.7992468],[24.1322415,45.79911],[24.1324846,45.7989662],[24.1328144,45.7987775]]}},{"type":"Feature","properties":{"osm_id":1249991679,"name":"Strada Lungă","highway":"primary","name_ro":null,"source":"openstreetmap"},"geometry":{"type":"LineString","coordinates":[[24.1444517,45.8051109],[24.1444144,45.8049382]]}},{"type":"Feature","properties":{"osm_id":1250154936,"name":"Strada Triajului","highway":"residential","name_ro":null,"source":"openstreetmap"},"geometry":{"type":"LineString","coordinates":[[24.1906109,45.7762675],[24.1905272,45.7762589],[24.1894591,45.7761272],[24.1878524,45.7759214],[24.1873633,45.7758597],[24.1868087,45.7757901]]}},{"type":"Feature","properties":{"osm_id":1251335388,"name":"Strada Iezer","highway":"residential","name_ro":null,"source":"openstreetmap"},"geometry":{"type":"LineString","coordinates":[[24.1743003,45.7866692],[24.1744258,45.7865351]]}},{"type":"Feature","properties":{"osm_id":1264201003,"name":"Strada Spălătoriei","highway":"service","name_ro":null,"source":"openstreetmap"},"geometry":{"type":"LineString","coordinates":[[24.1494894,45.8080967],[24.1492481,45.8077726]]}},{"type":"Feature","properties":{"osm_id":1270391518,"name":"Strada Mircea Eliade","highway":"residential","name_ro":null,"source":"openstreetmap"},"geometry":{"type":"LineString","coordinates":[[24.1866598,45.7752189],[24.1870571,45.7752246],[24.1874823,45.7752488],[24.1879353,45.7752851],[24.1886973,45.7753461],[24.189438,45.7754237],[24.1910979,45.7756324],[24.1911596,45.7756127],[24.1911972,45.7755875],[24.1912173,45.7755061],[24.1917725,45.7755182],[24.1918556,45.7754949],[24.1919039,45.7754574],[24.191912,45.7754172]]}},{"type":"Feature","properties":{"osm_id":1279010817,"name":"Strada Cisnădioara","highway":"residential","name_ro":null,"source":"openstreetmap"},"geometry":{"type":"LineString","coordinates":[[24.1266801,45.7767519],[24.1266422,45.7769172]]}},{"type":"Feature","properties":{"osm_id":1279096711,"name":"Strada Grigore Ionescu","highway":"secondary","name_ro":null,"source":"openstreetmap"},"geometry":{"type":"LineString","coordinates":[[24.1450329,45.7611311],[24.1450628,45.7614554]]}},{"type":"Feature","properties":{"osm_id":1279096712,"name":"Strada Grigore Ionescu","highway":"secondary","name_ro":null,"source":"openstreetmap"},"geometry":{"type":"LineString","coordinates":[[24.1449586,45.760454],[24.145023,45.7610405]]}},{"type":"Feature","properties":{"osm_id":1282129710,"name":"Strada Căprioarelor","highway":"residential","name_ro":null,"source":"openstreetmap"},"geometry":{"type":"LineString","coordinates":[[24.1539506,45.812458],[24.1526753,45.8130598]]}},{"type":"Feature","properties":{"osm_id":1282183504,"name":"Strada Aleea Postăvarilor","highway":"living_street","name_ro":null,"source":"openstreetmap"},"geometry":{"type":"LineString","coordinates":[[24.1507736,45.8054023],[24.1505244,45.8053065],[24.1504936,45.8052932],[24.1504723,45.8052784],[24.150458,45.8052544],[24.1504557,45.8052337],[24.1504604,45.8052131],[24.1504719,45.8051987],[24.1505829,45.8050586],[24.1506324,45.8049964]]}},{"type":"Feature","properties":{"osm_id":1282825231,"name":"Strada Râului","highway":"primary","name_ro":null,"source":"openstreetmap"},"geometry":{"type":"LineString","coordinates":[[24.1506324,45.8049964],[24.1503398,45.8049165],[24.1498456,45.8047829],[24.1495794,45.8047184],[24.1494011,45.8046567]]}},{"type":"Feature","properties":{"osm_id":1283272801,"name":"Șoseaua Sibiului","highway":"primary","name_ro":null,"source":"openstreetmap"},"geometry":{"type":"LineString","coordinates":[[24.1705852,45.7787591],[24.1704955,45.7788581]]}},{"type":"Feature","properties":{"osm_id":1283272802,"name":"Șoseaua Sibiului","highway":"primary","name_ro":null,"source":"openstreetmap"},"geometry":{"type":"LineString","coordinates":[[24.1709162,45.7783967],[24.1708405,45.7784807],[24.170723,45.7786071],[24.1705852,45.7787591]]}},{"type":"Feature","properties":{"osm_id":1283276792,"name":"Piața Unirii","highway":"tertiary","name_ro":null,"source":"openstreetmap"},"geometry":{"type":"LineString","coordinates":[[24.1480308,45.7917308],[24.1484388,45.7921221]]}},{"type":"Feature","properties":{"osm_id":1283276793,"name":"Bulevardul General Vasile Milea","highway":"primary","name_ro":null,"source":"openstreetmap"},"geometry":{"type":"LineString","coordinates":[[24.1522477,45.7884924],[24.1519346,45.7885998]]}},{"type":"Feature","properties":{"osm_id":1283281144,"name":"Calea Șurii Mari","highway":"primary","name_ro":null,"source":"openstreetmap"},"geometry":{"type":"LineString","coordinates":[[24.1490507,45.8147211],[24.1490726,45.814572],[24.1490998,45.81447],[24.1491635,45.8142542]]}},{"type":"Feature","properties":{"osm_id":1283281145,"name":"Calea Șurii Mari","highway":"primary","name_ro":null,"source":"openstreetmap"},"geometry":{"type":"LineString","coordinates":[[24.1490442,45.8147512],[24.1490507,45.8147211]]}},{"type":"Feature","properties":{"osm_id":1283281148,"name":"Strada Lungă","highway":"primary","name_ro":null,"source":"openstreetmap"},"geometry":{"type":"LineString","coordinates":[[24.1465195,45.8087298],[24.1463856,45.8085134]]}},{"type":"Feature","properties":{"osm_id":1283281149,"name":"Strada Lungă","highway":"primary","name_ro":null,"source":"openstreetmap"},"geometry":{"type":"LineString","coordinates":[[24.1427522,45.8002414],[24.1428116,45.8003254],[24.1430555,45.8006583]]}},{"type":"Feature","properties":{"osm_id":1283283335,"name":"Calea Șurii Mari","highway":"primary","name_ro":null,"source":"openstreetmap"},"geometry":{"type":"LineString","coordinates":[[24.1494759,45.813099],[24.1494652,45.8130459]]}},{"type":"Feature","properties":{"osm_id":1283283336,"name":"Strada Mărului","highway":"residential","name_ro":null,"source":"openstreetmap"},"geometry":{"type":"LineString","coordinates":[[24.1491911,45.8130867],[24.1493724,45.8130937]]}},{"type":"Feature","properties":{"osm_id":1283283337,"name":"Calea Șurii Mari","highway":"primary","name_ro":null,"source":"openstreetmap"},"geometry":{"type":"LineString","coordinates":[[24.149303,45.8160839],[24.1491052,45.8155569],[24.1490858,45.8154873],[24.1490704,45.8154214]]}},{"type":"Feature","properties":{"osm_id":1283364108,"name":"Strada Lungă","highway":"primary","name_ro":null,"source":"openstreetmap"},"geometry":{"type":"LineString","coordinates":[[24.1471485,45.8095427],[24.1471425,45.8095784],[24.1471407,45.8096138],[24.1471417,45.8096697]]}},{"type":"Feature","properties":{"osm_id":1283364109,"name":"Strada Rusciorului","highway":"primary","name_ro":null,"source":"openstreetmap"},"geometry":{"type":"LineString","coordinates":[[24.1479423,45.8091701],[24.1486773,45.8089538],[24.1488508,45.8089382]]}},{"type":"Feature","properties":{"osm_id":1283364110,"name":"Strada Rusciorului","highway":"primary","name_ro":null,"source":"openstreetmap"},"geometry":{"type":"LineString","coordinates":[[24.1488508,45.8089382],[24.1487148,45.8090163]]}},{"type":"Feature","properties":{"osm_id":1283840734,"name":"Strada Rusciorului","highway":"residential","name_ro":null,"source":"openstreetmap"},"geometry":{"type":"LineString","coordinates":[[24.1447714,45.8104462],[24.1447024,45.8103102],[24.1447096,45.8103038],[24.1452509,45.8101559],[24.1453931,45.8101164],[24.1456715,45.810039]]}},{"type":"Feature","properties":{"osm_id":1283840736,"name":"Strada Rusciorului","highway":"residential","name_ro":null,"source":"openstreetmap"},"geometry":{"type":"LineString","coordinates":[[24.1455708,45.8104059],[24.1453931,45.8101164]]}},{"type":"Feature","properties":{"osm_id":1284173644,"name":"Strada Ana Ipătescu","highway":"residential","name_ro":null,"source":"openstreetmap"},"geometry":{"type":"LineString","coordinates":[[24.1705062,45.8053385],[24.1706173,45.8053375],[24.1714162,45.8053443],[24.1715485,45.8053376],[24.1716365,45.8053241]]}},{"type":"Feature","properties":{"osm_id":1284471288,"name":"Aleea Petuniei","highway":"service","name_ro":null,"source":"openstreetmap"},"geometry":{"type":"LineString","coordinates":[[24.1485277,45.8085315],[24.1484469,45.808385]]}},{"type":"Feature","properties":{"osm_id":1284471289,"name":"Aleea Petuniei","highway":"service","name_ro":null,"source":"openstreetmap"},"geometry":{"type":"LineString","coordinates":[[24.1485942,45.8083371],[24.1486576,45.8084486],[24.1486598,45.8084604]]}},{"type":"Feature","properties":{"osm_id":1284471290,"name":"Aleea Petuniei","highway":"service","name_ro":null,"source":"openstreetmap"},"geometry":{"type":"LineString","coordinates":[[24.1483871,45.8085758],[24.148301,45.8084317]]}},{"type":"Feature","properties":{"osm_id":1285256537,"name":"Strada Urlea","highway":"residential","name_ro":null,"source":"openstreetmap"},"geometry":{"type":"LineString","coordinates":[[24.1672533,45.7923507],[24.1673171,45.792306],[24.1682145,45.7916992],[24.1683211,45.7916149]]}},{"type":"Feature","properties":{"osm_id":1287319479,"name":"Strada Câmpului","highway":"residential","name_ro":null,"source":"openstreetmap"},"geometry":{"type":"LineString","coordinates":[[24.1843685,45.7679022],[24.1844266,45.7678742],[24.1844567,45.7678654],[24.184497,45.7678681],[24.1852038,45.7680471]]}},{"type":"Feature","properties":{"osm_id":1288044351,"name":"Strada Corneliu Babă","highway":"residential","name_ro":null,"source":"openstreetmap"},"geometry":{"type":"LineString","coordinates":[[24.1832605,45.7735119],[24.1831848,45.7730842],[24.1830771,45.7725599],[24.1830622,45.7725042],[24.1830249,45.77243]]}},{"type":"Feature","properties":{"osm_id":1288305915,"name":"Aleea Ion Rațiu","highway":"residential","name_ro":null,"source":"openstreetmap"},"geometry":{"type":"LineString","coordinates":[[24.1778308,45.7783392],[24.1778569,45.7783019],[24.1782932,45.7782426],[24.1783448,45.778219],[24.1783594,45.778198],[24.1780099,45.7776414]]}},{"type":"Feature","properties":{"osm_id":1288313363,"name":"Strada Nichifor Crainic","highway":"residential","name_ro":null,"source":"openstreetmap"},"geometry":{"type":"LineString","coordinates":[[24.1756469,45.7794674],[24.1756599,45.7794912],[24.1756799,45.7795138],[24.1763594,45.7797745],[24.1774274,45.7801928]]}},{"type":"Feature","properties":{"osm_id":1289916031,"name":"Strada Faianței","highway":"residential","name_ro":null,"source":"openstreetmap"},"geometry":{"type":"LineString","coordinates":[[24.1398418,45.8119457],[24.1399347,45.8118676],[24.140299,45.8115613],[24.1410219,45.8109499]]}},{"type":"Feature","properties":{"osm_id":1290387921,"name":"Strada Gării","highway":"residential","name_ro":null,"source":"openstreetmap"},"geometry":{"type":"LineString","coordinates":[[24.1600349,45.8019269],[24.1600432,45.8019647],[24.1601093,45.8021248],[24.1601414,45.8021903]]}},{"type":"Feature","properties":{"osm_id":1290602376,"name":"Strada Frezorilor","highway":"residential","name_ro":null,"source":"openstreetmap"},"geometry":{"type":"LineString","coordinates":[[24.1828336,45.8012877],[24.1824424,45.8014775],[24.1822278,45.8016121],[24.1820213,45.8017533],[24.1818523,45.8018178],[24.1817174,45.8018234]]}},{"type":"Feature","properties":{"osm_id":1290602377,"name":"Strada Ecaterina Varga","highway":"residential","name_ro":null,"source":"openstreetmap"},"geometry":{"type":"LineString","coordinates":[[24.1810132,45.8007942],[24.1805762,45.7998318]]}},{"type":"Feature","properties":{"osm_id":1292560729,"name":"Strada Grigore Ionescu","highway":"secondary","name_ro":null,"source":"openstreetmap"},"geometry":{"type":"LineString","coordinates":[[24.143775,45.7505932],[24.1437439,45.750566],[24.1437258,45.7505335],[24.1437225,45.7504987]]}},{"type":"Feature","properties":{"osm_id":1292560730,"name":"Strada Grigore Ionescu","highway":"secondary","name_ro":null,"source":"openstreetmap"},"geometry":{"type":"LineString","coordinates":[[24.1439735,45.7506071],[24.1439391,45.7506182]]}},{"type":"Feature","properties":{"osm_id":1292560731,"name":"Strada Grigore Ionescu","highway":"secondary","name_ro":null,"source":"openstreetmap"},"geometry":{"type":"LineString","coordinates":[[24.1439391,45.7506182],[24.143902,45.7506235],[24.1438641,45.7506228]]}},{"type":"Feature","properties":{"osm_id":1292560732,"name":"Strada Grigore Ionescu","highway":"secondary","name_ro":null,"source":"openstreetmap"},"geometry":{"type":"LineString","coordinates":[[24.1437225,45.7504987],[24.1437342,45.7504648],[24.1437598,45.7504349],[24.1438017,45.7504097]]}},{"type":"Feature","properties":{"osm_id":1292560733,"name":"Strada Grigore Ionescu","highway":"secondary","name_ro":null,"source":"openstreetmap"},"geometry":{"type":"LineString","coordinates":[[24.1438017,45.7504097],[24.1438532,45.7503955],[24.1439085,45.7503939]]}},{"type":"Feature","properties":{"osm_id":1292560734,"name":"Strada Grigore Ionescu","highway":"secondary","name_ro":null,"source":"openstreetmap"},"geometry":{"type":"LineString","coordinates":[[24.1440505,45.7504886],[24.1440524,45.7505179],[24.1440437,45.7505465]]}},{"type":"Feature","properties":{"osm_id":1292560765,"name":"Strada Eroilor","highway":"residential","name_ro":null,"source":"openstreetmap"},"geometry":{"type":"LineString","coordinates":[[24.14302,45.7610036],[24.1430961,45.7613137],[24.1431269,45.7614379],[24.1431588,45.7615639],[24.1431828,45.7616743],[24.1432128,45.7618107],[24.1432458,45.7620265],[24.143289,45.7622493],[24.1433232,45.7623143],[24.1433809,45.7623667]]}},{"type":"Feature","properties":{"osm_id":1292560766,"name":"Strada Veteranilor","highway":"residential","name_ro":null,"source":"openstreetmap"},"geometry":{"type":"LineString","coordinates":[[24.1439267,45.7609413],[24.144242,45.7623626]]}},{"type":"Feature","properties":{"osm_id":1292560773,"name":"Calea Dumbrăvii","highway":"secondary","name_ro":null,"source":"openstreetmap"},"geometry":{"type":"LineString","coordinates":[[24.1384672,45.7708508],[24.1390114,45.7713854],[24.139654,45.7719967]]}},{"type":"Feature","properties":{"osm_id":1292560774,"name":"Calea Dumbrăvii - Cimitir","highway":"secondary","name_ro":null,"source":"openstreetmap"},"geometry":{"type":"LineString","coordinates":[[24.1381054,45.7703313],[24.1381463,45.7703446],[24.1381817,45.770364],[24.1382099,45.7703885]]}},{"type":"Feature","properties":{"osm_id":1292560775,"name":"Aleea Principală","highway":"service","name_ro":null,"source":"openstreetmap"},"geometry":{"type":"LineString","coordinates":[[24.1381276,45.7701404],[24.1381419,45.770038],[24.1383545,45.7686768],[24.1384196,45.7682231],[24.1384942,45.7678279],[24.1385577,45.7674857],[24.1386171,45.7671412],[24.1386717,45.7668246],[24.1386792,45.766781],[24.1387243,45.7665193],[24.1387788,45.7662032],[24.1391372,45.7640563],[24.1391486,45.7639833],[24.1392029,45.7636348],[24.1392208,45.7635387],[24.1393778,45.7627936]]}},{"type":"Feature","properties":{"osm_id":1292560776,"name":"Calea Dumbrăvii - Cimitir","highway":"secondary","name_ro":null,"source":"openstreetmap"},"geometry":{"type":"LineString","coordinates":[[24.1378466,45.7704607],[24.1378512,45.770432],[24.1378643,45.7704046],[24.1378853,45.7703798]]}},{"type":"Feature","properties":{"osm_id":1292560777,"name":"Strada Panait Cerna","highway":"residential","name_ro":null,"source":"openstreetmap"},"geometry":{"type":"LineString","coordinates":[[24.1377732,45.7705559],[24.1377002,45.770556]]}},{"type":"Feature","properties":{"osm_id":1292560778,"name":"Calea Dumbrăvii - Cimitir","highway":"secondary","name_ro":null,"source":"openstreetmap"},"geometry":{"type":"LineString","coordinates":[[24.1380227,45.7705981],[24.1379823,45.7705921],[24.1379452,45.7705811],[24.1379161,45.7705678],[24.1378965,45.7705566]]}},{"type":"Feature","properties":{"osm_id":1292560779,"name":"Calea Dumbrăvii - Cimitir","highway":"secondary","name_ro":null,"source":"openstreetmap"},"geometry":{"type":"LineString","coordinates":[[24.1378965,45.7705566],[24.1378784,45.7705388],[24.1378632,45.7705169],[24.1378506,45.7704894],[24.1378466,45.7704607]]}},{"type":"Feature","properties":{"osm_id":1292560780,"name":"Strada Panait Cerna","highway":"residential","name_ro":null,"source":"openstreetmap"},"geometry":{"type":"LineString","coordinates":[[24.1376619,45.7705752],[24.1377002,45.770556]]}},{"type":"Feature","properties":{"osm_id":1293344274,"name":"Strada Liviu Ciulei","highway":"service","name_ro":null,"source":"openstreetmap"},"geometry":{"type":"LineString","coordinates":[[24.1472722,45.7698677],[24.1474745,45.769934],[24.1477092,45.7700082],[24.1481531,45.7701486],[24.1485394,45.7702708],[24.1490045,45.7704179],[24.1490425,45.770504]]}},{"type":"Feature","properties":{"osm_id":1293344276,"name":"Strada Mircea Alifanti","highway":"residential","name_ro":null,"source":"openstreetmap"},"geometry":{"type":"LineString","coordinates":[[24.1470341,45.7683671],[24.1470422,45.7683082],[24.147022,45.7682773],[24.1469707,45.7682585],[24.1467718,45.7682209]]}},{"type":"Feature","properties":{"osm_id":1293344277,"name":"Strada Virgil Ioan Ispas","highway":"residential","name_ro":null,"source":"openstreetmap"},"geometry":{"type":"LineString","coordinates":[[24.1468577,45.7677432],[24.1476912,45.767888],[24.1484783,45.7680232],[24.1495732,45.7682304],[24.1504994,45.7684014]]}},{"type":"Feature","properties":{"osm_id":1293344278,"name":"Strada Octav Doicescu","highway":"residential","name_ro":null,"source":"openstreetmap"},"geometry":{"type":"LineString","coordinates":[[24.1452981,45.7604503],[24.1451712,45.7604241]]}},{"type":"Feature","properties":{"osm_id":1294913791,"name":"Calea Dumbrăvii","highway":"secondary","name_ro":null,"source":"openstreetmap"},"geometry":{"type":"LineString","coordinates":[[24.1238094,45.7593256],[24.1245134,45.7595706]]}},{"type":"Feature","properties":{"osm_id":1294913794,"name":"Intrarea Siretului","highway":"residential","name_ro":null,"source":"openstreetmap"},"geometry":{"type":"LineString","coordinates":[[24.1409986,45.7717508],[24.1409711,45.7717078],[24.1408408,45.7715136],[24.1407085,45.7713149],[24.1405318,45.7710495]]}},{"type":"Feature","properties":{"osm_id":1295151010,"name":"Strada Ascanio Damian","highway":"residential","name_ro":null,"source":"openstreetmap"},"geometry":{"type":"LineString","coordinates":[[24.1466679,45.7677297],[24.1464731,45.7670797]]}},{"type":"Feature","properties":{"osm_id":1296424908,"name":"Strada Eschile","highway":"residential","name_ro":null,"source":"openstreetmap"},"geometry":{"type":"LineString","coordinates":[[24.1445379,45.8112677],[24.1445276,45.8112443],[24.1445172,45.8112209],[24.1443633,45.8107705],[24.1441951,45.8102732],[24.1441768,45.810227],[24.1441586,45.8101723],[24.1439288,45.8094805]]}},{"type":"Feature","properties":{"osm_id":1296706781,"name":"Strada Câmpului","highway":"tertiary","name_ro":null,"source":"openstreetmap"},"geometry":{"type":"LineString","coordinates":[[24.1352126,45.8066735],[24.1348108,45.8070576]]}},{"type":"Feature","properties":{"osm_id":1296718852,"name":"Strada Abatorului","highway":"unclassified","name_ro":null,"source":"openstreetmap"},"geometry":{"type":"LineString","coordinates":[[24.1568999,45.8023375],[24.1568402,45.802429],[24.1567827,45.8024961]]}},{"type":"Feature","properties":{"osm_id":1296949681,"name":"Strada Traian Demetrescu","highway":"residential","name_ro":null,"source":"openstreetmap"},"geometry":{"type":"LineString","coordinates":[[24.1314063,45.8029996],[24.1316558,45.8034965],[24.1318464,45.8038665],[24.132021,45.8042018],[24.1322105,45.8045805],[24.1323759,45.8048916],[24.1324139,45.8049511]]}},{"type":"Feature","properties":{"osm_id":1296949682,"name":"Calea Șurii Mici","highway":"residential","name_ro":null,"source":"openstreetmap"},"geometry":{"type":"LineString","coordinates":[[24.1324836,45.8024508],[24.132426,45.802361]]}},{"type":"Feature","properties":{"osm_id":1297146492,"name":"Strada Presaca","highway":"residential","name_ro":null,"source":"openstreetmap"},"geometry":{"type":"LineString","coordinates":[[24.1254009,45.7762191],[24.1253411,45.7762135],[24.1247003,45.7759448]]}},{"type":"Feature","properties":{"osm_id":1297176827,"name":"Strada General Gheorghe Mărdărescu","highway":"residential","name_ro":null,"source":"openstreetmap"},"geometry":{"type":"LineString","coordinates":[[24.1406655,45.8186815],[24.1408013,45.8184983],[24.1410545,45.8181563],[24.1415506,45.817532]]}},{"type":"Feature","properties":{"osm_id":1297176828,"name":"Strada General Gheorghe Mărdărescu","highway":"residential","name_ro":null,"source":"openstreetmap"},"geometry":{"type":"LineString","coordinates":[[24.1406655,45.8186815],[24.1404967,45.8186133],[24.1400191,45.8184244],[24.1397309,45.8183052],[24.1396298,45.8182556],[24.1395575,45.8182068],[24.1394852,45.81813],[24.1393692,45.8179667]]}},{"type":"Feature","properties":{"osm_id":1297292964,"name":"Strada Iazului","highway":"service","name_ro":null,"source":"openstreetmap"},"geometry":{"type":"LineString","coordinates":[[24.1269899,45.765421],[24.1270655,45.7654005],[24.127209,45.7656474],[24.1273106,45.7658383]]}},{"type":"Feature","properties":{"osm_id":1297338775,"name":"Fundătura Brazilor","highway":"residential","name_ro":null,"source":"openstreetmap"},"geometry":{"type":"LineString","coordinates":[[24.1269351,45.7738295],[24.1280373,45.7732855]]}},{"type":"Feature","properties":{"osm_id":1297654745,"name":"Strada Zăvoi","highway":"residential","name_ro":null,"source":"openstreetmap"},"geometry":{"type":"LineString","coordinates":[[24.105574,45.7740104],[24.1055587,45.7741752]]}},{"type":"Feature","properties":{"osm_id":1297654746,"name":"Strada Zăvoi","highway":"residential","name_ro":null,"source":"openstreetmap"},"geometry":{"type":"LineString","coordinates":[[24.1053634,45.7739261],[24.1053779,45.7738947],[24.1054075,45.7738688],[24.1054485,45.773852],[24.1054953,45.7738464],[24.105542,45.7738528],[24.1055823,45.7738704],[24.105611,45.7738968],[24.1056242,45.7739285],[24.1056213,45.7739594],[24.1056039,45.7739877],[24.105574,45.7740104],[24.105535,45.7740249],[24.1054913,45.7740295],[24.1054481,45.7740239],[24.1054469,45.7740234],[24.10541,45.7740086],[24.1053813,45.7739854],[24.1053652,45.7739569],[24.1053634,45.7739261]]}},{"type":"Feature","properties":{"osm_id":1298820171,"name":"Șoseaua Alba Iulia","highway":"primary","name_ro":null,"source":"openstreetmap"},"geometry":{"type":"LineString","coordinates":[[24.1293256,45.793179],[24.129538,45.7932152]]}},{"type":"Feature","properties":{"osm_id":1298820172,"name":"Șoseaua Alba Iulia","highway":"primary","name_ro":null,"source":"openstreetmap"},"geometry":{"type":"LineString","coordinates":[[24.1279571,45.7930445],[24.1280958,45.7930329],[24.1282302,45.7930279],[24.1283841,45.7930292],[24.1285146,45.793035],[24.1286179,45.7930466]]}},{"type":"Feature","properties":{"osm_id":1298871468,"name":"Șoseaua Alba Iulia","highway":"primary","name_ro":null,"source":"openstreetmap"},"geometry":{"type":"LineString","coordinates":[[24.1409135,45.7927608],[24.1412163,45.7929234]]}},{"type":"Feature","properties":{"osm_id":1298871469,"name":"Strada Poet Vasile Cârlova","highway":"tertiary","name_ro":null,"source":"openstreetmap"},"geometry":{"type":"LineString","coordinates":[[24.1382657,45.7912189],[24.1377751,45.7911489]]}},{"type":"Feature","properties":{"osm_id":1298871470,"name":"Strada Poet Vasile Cârlova","highway":"tertiary","name_ro":null,"source":"openstreetmap"},"geometry":{"type":"LineString","coordinates":[[24.1377751,45.7911489],[24.1379723,45.7911357],[24.1381164,45.7911187],[24.1382236,45.791101]]}},{"type":"Feature","properties":{"osm_id":1298871471,"name":"Strada Tudor Arghezi","highway":"secondary","name_ro":null,"source":"openstreetmap"},"geometry":{"type":"LineString","coordinates":[[24.1388094,45.791372],[24.1384555,45.7912721],[24.1383559,45.7912463]]}},{"type":"Feature","properties":{"osm_id":1298871472,"name":"Strada Tudor Arghezi","highway":"secondary","name_ro":null,"source":"openstreetmap"},"geometry":{"type":"LineString","coordinates":[[24.1385253,45.7911367],[24.1385665,45.7912073],[24.1386073,45.7912488],[24.1386525,45.7912805],[24.1387104,45.7913163],[24.1388094,45.791372]]}},{"type":"Feature","properties":{"osm_id":1298871473,"name":"Strada Transilvaniei","highway":"secondary","name_ro":null,"source":"openstreetmap"},"geometry":{"type":"LineString","coordinates":[[24.1387278,45.7908427],[24.1386509,45.7909273],[24.1386165,45.7909639],[24.1385693,45.7910133],[24.1385475,45.7910485],[24.1385318,45.7910739],[24.1385169,45.791103]]}},{"type":"Feature","properties":{"osm_id":1298871474,"name":"Strada Transilvaniei","highway":"secondary","name_ro":null,"source":"openstreetmap"},"geometry":{"type":"LineString","coordinates":[[24.1383657,45.7910298],[24.1387278,45.7908427]]}},{"type":"Feature","properties":{"osm_id":1299071845,"name":"Aleea Seviș","highway":"residential","name_ro":null,"source":"openstreetmap"},"geometry":{"type":"LineString","coordinates":[[24.153546,45.7742696],[24.1533806,45.7742142],[24.1533163,45.774202],[24.153259,45.7741966],[24.152554,45.7741631],[24.1525177,45.7741483],[24.1524951,45.7741271],[24.1524075,45.7739771],[24.15238,45.7739549],[24.1523525,45.7739408],[24.1523067,45.7739237]]}},{"type":"Feature","properties":{"osm_id":1299071846,"name":"Aleea Seviș","highway":"residential","name_ro":null,"source":"openstreetmap"},"geometry":{"type":"LineString","coordinates":[[24.1523067,45.7739237],[24.152242,45.7739091],[24.1522165,45.7739058],[24.1521635,45.7739025],[24.1519681,45.7738962],[24.1515923,45.7738818],[24.1515454,45.7738893]]}},{"type":"Feature","properties":{"osm_id":1299346119,"name":"Strada Onisifor Ghibu","highway":"residential","name_ro":null,"source":"openstreetmap"},"geometry":{"type":"LineString","coordinates":[[24.1401201,45.7930164],[24.1403913,45.7929275]]}},{"type":"Feature","properties":{"osm_id":1299694846,"name":"Strada Ulmului","highway":"residential","name_ro":null,"source":"openstreetmap"},"geometry":{"type":"LineString","coordinates":[[24.1384855,45.8153995],[24.1383555,45.8152227],[24.1378579,45.8145463],[24.1375101,45.8141072]]}},{"type":"Feature","properties":{"osm_id":1299769539,"name":"Strada Șerpuită","highway":"residential","name_ro":null,"source":"openstreetmap"},"geometry":{"type":"LineString","coordinates":[[24.1630294,45.8002661],[24.1641089,45.8006796],[24.1642329,45.8007155],[24.1643779,45.8007484],[24.1645495,45.8007749],[24.1647092,45.8007918],[24.1648903,45.800802],[24.1650714,45.8007949],[24.1652801,45.8007692],[24.1654013,45.8007416],[24.1655302,45.800696],[24.1656291,45.8006481],[24.165745,45.8005735],[24.166084,45.8003344],[24.1662447,45.8002128],[24.1663008,45.8001675]]}},{"type":"Feature","properties":{"osm_id":1300154901,"name":"Piața Albert Huet","highway":"service","name_ro":null,"source":"openstreetmap"},"geometry":{"type":"LineString","coordinates":[[24.1503146,45.7972265],[24.1502064,45.7971132],[24.1500981,45.797]]}},{"type":"Feature","properties":{"osm_id":1300154902,"name":"Piața Albert Huet","highway":"service","name_ro":null,"source":"openstreetmap"},"geometry":{"type":"LineString","coordinates":[[24.1503491,45.7972597],[24.1503146,45.7972265],[24.1502466,45.79728]]}},{"type":"Feature","properties":{"osm_id":1300154903,"name":"Piața Albert Huet","highway":"service","name_ro":null,"source":"openstreetmap"},"geometry":{"type":"LineString","coordinates":[[24.1502466,45.79728],[24.1506254,45.7977246],[24.1506398,45.7977581],[24.1506438,45.797794],[24.1506295,45.7978324],[24.1505933,45.7978758],[24.1505406,45.7979265],[24.1503122,45.7980858]]}},{"type":"Feature","properties":{"osm_id":1300154904,"name":"Piața Albert Huet","highway":"service","name_ro":null,"source":"openstreetmap"},"geometry":{"type":"LineString","coordinates":[[24.1503122,45.7980858],[24.150423,45.7981124],[24.1504716,45.798124]]}},{"type":"Feature","properties":{"osm_id":1300667113,"name":"Strada Atena","highway":"residential","name_ro":null,"source":"openstreetmap"},"geometry":{"type":"LineString","coordinates":[[24.1263779,45.8158052],[24.1249439,45.8163357],[24.1241433,45.8168319]]}},{"type":"Feature","properties":{"osm_id":1300752596,"name":"Strada Reconstrucției","highway":"secondary","name_ro":null,"source":"openstreetmap"},"geometry":{"type":"LineString","coordinates":[[24.1387395,45.7999168],[24.1381478,45.7996794]]}},{"type":"Feature","properties":{"osm_id":1300752597,"name":"Strada Reconstrucției","highway":"secondary","name_ro":null,"source":"openstreetmap"},"geometry":{"type":"LineString","coordinates":[[24.1397798,45.8001502],[24.1396333,45.8001275],[24.1395336,45.8001114],[24.1393608,45.8000799],[24.1391556,45.8000338],[24.1389665,45.7999856],[24.138791,45.7999345],[24.1387395,45.7999168]]}},{"type":"Feature","properties":{"osm_id":1300833878,"name":"Calea Turnișorului","highway":"service","name_ro":null,"source":"openstreetmap"},"geometry":{"type":"LineString","coordinates":[[24.1323371,45.7993243],[24.132608,45.7995583],[24.1326056,45.7995837],[24.1325774,45.7996081],[24.1324715,45.7996631],[24.1318356,45.7999933]]}},{"type":"Feature","properties":{"osm_id":1301913262,"name":"Strada Speranței","highway":"residential","name_ro":null,"source":"openstreetmap"},"geometry":{"type":"LineString","coordinates":[[24.139368,45.8079147],[24.1393993,45.8078894],[24.1394382,45.807858],[24.1399075,45.807478],[24.1399443,45.8074481],[24.1399812,45.8074183]]}},{"type":"Feature","properties":{"osm_id":1301913263,"name":"Strada Păltiniș","highway":"residential","name_ro":null,"source":"openstreetmap"},"geometry":{"type":"LineString","coordinates":[[24.1368618,45.8076279],[24.1376428,45.806988],[24.1377094,45.8069335]]}},{"type":"Feature","properties":{"osm_id":1301914596,"name":"Strada Varului","highway":"residential","name_ro":null,"source":"openstreetmap"},"geometry":{"type":"LineString","coordinates":[[24.1287664,45.8053873],[24.1288732,45.8053427],[24.1289626,45.805308],[24.1294228,45.8051707],[24.1304607,45.8048734]]}},{"type":"Feature","properties":{"osm_id":1302280695,"name":"Strada Metalurgiștilor","highway":"residential","name_ro":null,"source":"openstreetmap"},"geometry":{"type":"LineString","coordinates":[[24.1379592,45.7969565],[24.1379935,45.7968775],[24.1380098,45.796844],[24.1380302,45.7968281],[24.1380518,45.7968197],[24.1380834,45.7968199],[24.1386722,45.7969373],[24.1387135,45.7969546],[24.138737,45.7969794],[24.1387449,45.7970061],[24.1387416,45.7970416]]}},{"type":"Feature","properties":{"osm_id":1302280696,"name":"Strada Metalurgiștilor","highway":"residential","name_ro":null,"source":"openstreetmap"},"geometry":{"type":"LineString","coordinates":[[24.1387416,45.7970416],[24.1387249,45.7970766],[24.1387019,45.7971077],[24.1386686,45.7971242],[24.1386368,45.7971309],[24.1385897,45.7971302],[24.1379591,45.7970028],[24.1379592,45.7969565]]}},{"type":"Feature","properties":{"osm_id":1303414909,"name":"Strada Triajului","highway":"residential","name_ro":null,"source":"openstreetmap"},"geometry":{"type":"LineString","coordinates":[[24.1876346,45.7792635],[24.1876644,45.7794043],[24.187658,45.7794457],[24.187634,45.7794866],[24.1875897,45.7795273],[24.1872243,45.7798118],[24.1871327,45.7798879],[24.1865932,45.7803578],[24.1857273,45.7811038]]}},{"type":"Feature","properties":{"osm_id":1303921922,"name":"Strada Eschile","highway":"residential","name_ro":null,"source":"openstreetmap"},"geometry":{"type":"LineString","coordinates":[[24.1430116,45.8082674],[24.1426985,45.8079013],[24.1426726,45.8078689],[24.1426303,45.8078161]]}},{"type":"Feature","properties":{"osm_id":1305315014,"name":"Aleea Infanteristilor","highway":"residential","name_ro":null,"source":"openstreetmap"},"geometry":{"type":"LineString","coordinates":[[24.1569218,45.7794992],[24.1566609,45.7793592]]}},{"type":"Feature","properties":{"osm_id":1307922201,"name":"Strada Pădurea Dumbrava","highway":"service","name_ro":null,"source":"openstreetmap"},"geometry":{"type":"LineString","coordinates":[[24.1164657,45.7550809],[24.1162272,45.7547427]]}},{"type":"Feature","properties":{"osm_id":1311197926,"name":"Strada Gheorghe Țițeica","highway":"residential","name_ro":null,"source":"openstreetmap"},"geometry":{"type":"LineString","coordinates":[[24.1672533,45.7923507],[24.1666532,45.7919524],[24.1666124,45.7919265],[24.1664321,45.791804],[24.1663933,45.7917633],[24.1663664,45.791718]]}},{"type":"Feature","properties":{"osm_id":1321865805,"name":"Strada Islazului","highway":"residential","name_ro":null,"source":"openstreetmap"},"geometry":{"type":"LineString","coordinates":[[24.127171,45.7764084],[24.1270759,45.776542],[24.127051,45.7765624],[24.1269451,45.7766548],[24.1268626,45.7767234],[24.1266801,45.7767519]]}},{"type":"Feature","properties":{"osm_id":1321869886,"name":"Strada Bârsei","highway":"residential","name_ro":null,"source":"openstreetmap"},"geometry":{"type":"LineString","coordinates":[[24.1333697,45.7838091],[24.1335247,45.7838693]]}},{"type":"Feature","properties":{"osm_id":1325570684,"name":"Strada Frasinului","highway":"residential","name_ro":null,"source":"openstreetmap"},"geometry":{"type":"LineString","coordinates":[[24.173763,45.8140375],[24.1740798,45.8139264],[24.1748011,45.813681],[24.1752533,45.8135219],[24.1753108,45.8135015],[24.1753399,45.8134828]]}},{"type":"Feature","properties":{"osm_id":1329052826,"name":"Strada Zadei","highway":"service","name_ro":null,"source":"openstreetmap"},"geometry":{"type":"LineString","coordinates":[[24.1822734,45.8165514],[24.1824136,45.8165991],[24.182596,45.8166379],[24.1826442,45.8166502],[24.1826999,45.8166645],[24.1828374,45.81668],[24.1829212,45.8166744],[24.1829909,45.8166603]]}},{"type":"Feature","properties":{"osm_id":1329213165,"name":"Strada Ogorului","highway":"service","name_ro":null,"source":"openstreetmap"},"geometry":{"type":"LineString","coordinates":[[24.1176084,45.7960918],[24.1164252,45.7962004]]}},{"type":"Feature","properties":{"osm_id":1329213166,"name":"Strada Ogorului","highway":"service","name_ro":null,"source":"openstreetmap"},"geometry":{"type":"LineString","coordinates":[[24.1189546,45.7965286],[24.1176084,45.7960918]]}},{"type":"Feature","properties":{"osm_id":1329213168,"name":"Strada Măslinului","highway":"residential","name_ro":null,"source":"openstreetmap"},"geometry":{"type":"LineString","coordinates":[[24.1209672,45.7975852],[24.1212426,45.7976793]]}},{"type":"Feature","properties":{"osm_id":1329926492,"name":"Piața Tălmaciu","highway":"residential","name_ro":null,"source":"openstreetmap"},"geometry":{"type":"LineString","coordinates":[[24.1310636,45.7757436],[24.1309967,45.7757762],[24.130958,45.7757951],[24.1309219,45.7758127],[24.1309082,45.7758194],[24.1299525,45.7762855]]}},{"type":"Feature","properties":{"osm_id":1329929257,"name":"Strada Cisnădioara","highway":"residential","name_ro":null,"source":"openstreetmap"},"geometry":{"type":"LineString","coordinates":[[24.1279682,45.7756913],[24.127621,45.775689]]}},{"type":"Feature","properties":{"osm_id":1336304077,"name":"Strada Oncești","highway":"residential","name_ro":null,"source":"openstreetmap"},"geometry":{"type":"LineString","coordinates":[[24.168221,45.7820728],[24.1683051,45.7818142],[24.1683097,45.7817999],[24.1683169,45.7817779]]}},{"type":"Feature","properties":{"osm_id":1336304079,"name":"Strada Steflești","highway":"residential","name_ro":null,"source":"openstreetmap"},"geometry":{"type":"LineString","coordinates":[[24.1751663,45.7849396],[24.1750932,45.7849578],[24.1750489,45.7849742],[24.1750006,45.7850102],[24.1748013,45.7851871],[24.1741129,45.7848134],[24.1735407,45.7845135]]}},{"type":"Feature","properties":{"osm_id":1338947718,"name":"Strada Semaforului","highway":"primary","name_ro":null,"source":"openstreetmap"},"geometry":{"type":"LineString","coordinates":[[24.1719281,45.7846934],[24.1726541,45.7850799],[24.1732196,45.7853813],[24.1733897,45.7854719],[24.1736649,45.7856182]]}},{"type":"Feature","properties":{"osm_id":1338947721,"name":"Strada Semaforului","highway":"primary","name_ro":null,"source":"openstreetmap"},"geometry":{"type":"LineString","coordinates":[[24.1736649,45.7856182],[24.1742849,45.7859477],[24.1744168,45.7860189],[24.1746214,45.7861381],[24.1746645,45.7861584]]}},{"type":"Feature","properties":{"osm_id":1341597713,"name":"Aleea Haiducului","highway":"residential","name_ro":null,"source":"openstreetmap"},"geometry":{"type":"LineString","coordinates":[[24.1566014,45.7816185],[24.1563411,45.7818532]]}},{"type":"Feature","properties":{"osm_id":1341597714,"name":"Aleea Haiducului","highway":"residential","name_ro":null,"source":"openstreetmap"},"geometry":{"type":"LineString","coordinates":[[24.1562388,45.7831753],[24.1563853,45.7832573],[24.1564772,45.7833119]]}},{"type":"Feature","properties":{"osm_id":1341605785,"name":"Strada Gutuilor","highway":"residential","name_ro":null,"source":"openstreetmap"},"geometry":{"type":"LineString","coordinates":[[24.1475665,45.8136135],[24.1479769,45.812936]]}},{"type":"Feature","properties":{"osm_id":1343601827,"name":"Strada Transilvaniei","highway":"secondary","name_ro":null,"source":"openstreetmap"},"geometry":{"type":"LineString","coordinates":[[24.1402634,45.7900185],[24.140314,45.7899861],[24.1403676,45.7899431],[24.1404245,45.7898913],[24.1404713,45.7898406],[24.1405439,45.7897553]]}},{"type":"Feature","properties":{"osm_id":1383923212,"name":"Strada Luceafǎrului","highway":"residential","name_ro":null,"source":"openstreetmap"},"geometry":{"type":"LineString","coordinates":[[24.192075,45.7736123],[24.1920804,45.7735909],[24.1924524,45.7720769]]}},{"type":"Feature","properties":{"osm_id":1390130973,"name":"Strada Valea Aurie","highway":"residential","name_ro":null,"source":"openstreetmap"},"geometry":{"type":"LineString","coordinates":[[24.130411,45.7663998],[24.1303243,45.7664249],[24.1302749,45.7664426],[24.1301744,45.7664845],[24.1300591,45.7665378],[24.1294163,45.7668488],[24.1293506,45.7668748],[24.1292901,45.7668928],[24.1292297,45.7669059]]}},{"type":"Feature","properties":{"osm_id":1390130974,"name":"Strada Valea Aurie","highway":"residential","name_ro":null,"source":"openstreetmap"},"geometry":{"type":"LineString","coordinates":[[24.1292297,45.7669059],[24.1291775,45.766912],[24.1291174,45.7669147],[24.1290563,45.7669093],[24.128995,45.7668987],[24.1289322,45.7668793],[24.1288325,45.7668482],[24.1287627,45.7668317],[24.1286701,45.7668183],[24.1286151,45.7668149],[24.1285459,45.7668151],[24.1284606,45.7668103],[24.1283579,45.7667936],[24.1282866,45.766776],[24.1281972,45.7667567],[24.1281163,45.7667484],[24.1280104,45.7667541],[24.1279168,45.7667713],[24.1278196,45.7667964]]}},{"type":"Feature","properties":{"osm_id":1390130986,"name":"Strada Ludoș","highway":"tertiary","name_ro":null,"source":"openstreetmap"},"geometry":{"type":"LineString","coordinates":[[24.1317072,45.766119],[24.1315457,45.7666779]]}},{"type":"Feature","properties":{"osm_id":1410828766,"name":"Strada 1 Decembrie","highway":"residential","name_ro":null,"source":"openstreetmap"},"geometry":{"type":"LineString","coordinates":[[24.204252,45.7632626],[24.2042327,45.7633598],[24.2041822,45.7634657],[24.2041227,45.7635338],[24.2040079,45.7635976],[24.2037144,45.7637233],[24.2033969,45.7638628],[24.2033095,45.7639077],[24.203215,45.7639518],[24.2031198,45.7640064],[24.202967,45.7641159],[24.2026649,45.7643178],[24.2026118,45.7643638]]}},{"type":"Feature","properties":{"osm_id":1411954895,"name":"Strada Crinilor","highway":"residential","name_ro":null,"source":"openstreetmap"},"geometry":{"type":"LineString","coordinates":[[24.1648361,45.8059708],[24.1660482,45.8050118]]}},{"type":"Feature","properties":{"osm_id":1413999371,"name":"Strada Ion Creangă","highway":"residential","name_ro":null,"source":"openstreetmap"},"geometry":{"type":"LineString","coordinates":[[24.1733961,45.7913185],[24.173447,45.7913043],[24.1735004,45.7912777],[24.1739346,45.7909308],[24.1746476,45.7903306]]}},{"type":"Feature","properties":{"osm_id":1416392259,"name":"Strada Iancu de Hunedoara","highway":"residential","name_ro":null,"source":"openstreetmap"},"geometry":{"type":"LineString","coordinates":[[24.1160289,45.7869499],[24.1159446,45.7869692],[24.1158488,45.7869805],[24.1157027,45.7869768],[24.1155855,45.7869509],[24.1154293,45.7868995],[24.1151995,45.7868197]]}},{"type":"Feature","properties":{"osm_id":1419282292,"name":"Strada Dorobanților","highway":"residential","name_ro":null,"source":"openstreetmap"},"geometry":{"type":"LineString","coordinates":[[24.1681525,45.7972828],[24.1673966,45.7975414],[24.1670167,45.7976873],[24.1665806,45.7978683],[24.1663223,45.7979844],[24.1659189,45.7981846],[24.1657154,45.7982612],[24.1655522,45.798307],[24.165119,45.7984173],[24.1648793,45.7984747],[24.1647757,45.7985118],[24.1646903,45.7985654],[24.1642597,45.7989027],[24.1641488,45.7989914]]}},{"type":"Feature","properties":{"osm_id":1424937059,"name":"Strada Ludoș","highway":"tertiary","name_ro":null,"source":"openstreetmap"},"geometry":{"type":"LineString","coordinates":[[24.1282972,45.7678164],[24.1283949,45.7678551],[24.128487,45.767897],[24.1287966,45.7680556],[24.1289996,45.7681642],[24.1290744,45.7682004]]}},{"type":"Feature","properties":{"osm_id":1424940203,"name":"Strada Pădurea Dumbrava","highway":"residential","name_ro":null,"source":"openstreetmap"},"geometry":{"type":"LineString","coordinates":[[24.1256151,45.7591924],[24.125603,45.7592127],[24.1255824,45.7592294],[24.1255583,45.7592425],[24.1255321,45.7592507],[24.1254974,45.7592545],[24.1253021,45.7592596],[24.1249935,45.7592636],[24.1249118,45.7592697],[24.1248167,45.7592843],[24.1247428,45.7593026],[24.1245231,45.759377]]}},{"type":"Feature","properties":{"osm_id":1425378515,"name":"Strada Ludoș","highway":"tertiary","name_ro":null,"source":"openstreetmap"},"geometry":{"type":"LineString","coordinates":[[24.1273509,45.7678352],[24.1275346,45.7677947],[24.1276347,45.7677778],[24.127721,45.7677695],[24.1277783,45.7677669],[24.1278634,45.7677663],[24.1279606,45.7677698],[24.1280621,45.7677787],[24.1281515,45.7677896],[24.1282376,45.7678039],[24.1282972,45.7678164]]}},{"type":"Feature","properties":{"osm_id":1425591945,"name":"Strada Avram Iancu","highway":"residential","name_ro":null,"source":"openstreetmap"},"geometry":{"type":"LineString","coordinates":[[24.1549326,45.798335],[24.1550546,45.7983394],[24.1552603,45.7983513],[24.1553821,45.7983639],[24.1554556,45.7983727],[24.1555521,45.7983911]]}},{"type":"Feature","properties":{"osm_id":1425615940,"name":"Strada Pielarilor","highway":"residential","name_ro":null,"source":"openstreetmap"},"geometry":{"type":"LineString","coordinates":[[24.1525757,45.8020716],[24.1526926,45.8021534],[24.1527523,45.8022099],[24.1528068,45.8022835],[24.15283,45.8023287],[24.1528534,45.8023882]]}},{"type":"Feature","properties":{"osm_id":1426160638,"name":"Strada Arieșului","highway":"residential","name_ro":null,"source":"openstreetmap"},"geometry":{"type":"LineString","coordinates":[[24.1450649,45.7732272],[24.1453257,45.7732943],[24.1456547,45.7733861],[24.1457336,45.773411],[24.1460058,45.7734968],[24.1460432,45.7735086],[24.1470637,45.7738304],[24.1470967,45.7738408],[24.1472497,45.7738885],[24.1481716,45.7741729],[24.1482623,45.7741986]]}},{"type":"Feature","properties":{"osm_id":1426161171,"name":"Strada Ștrandului","highway":"tertiary","name_ro":null,"source":"openstreetmap"},"geometry":{"type":"LineString","coordinates":[[24.1366459,45.7888192],[24.1366143,45.7890191]]}},{"type":"Feature","properties":{"osm_id":1426161172,"name":"Strada Ștrandului","highway":"tertiary","name_ro":null,"source":"openstreetmap"},"geometry":{"type":"LineString","coordinates":[[24.1366143,45.7890191],[24.1365978,45.7891101],[24.136533,45.7894397],[24.1365052,45.7895318],[24.1362475,45.7901566],[24.1362231,45.7902231],[24.1360665,45.7905888],[24.1359103,45.7909604],[24.1358654,45.7910673]]}},{"type":"Feature","properties":{"osm_id":1426161173,"name":"Strada Gârlei","highway":"residential","name_ro":null,"source":"openstreetmap"},"geometry":{"type":"LineString","coordinates":[[24.1367851,45.7890322],[24.1366459,45.7888192]]}},{"type":"Feature","properties":{"osm_id":1426907844,"name":"Strada Marius Sturza","highway":"residential","name_ro":null,"source":"openstreetmap"},"geometry":{"type":"LineString","coordinates":[[24.1472639,45.7796412],[24.147204,45.779659],[24.1465789,45.7798707]]}},{"type":"Feature","properties":{"osm_id":1426911170,"name":"Strada Badea Cârțan","highway":"residential","name_ro":null,"source":"openstreetmap"},"geometry":{"type":"LineString","coordinates":[[24.1237658,45.773517],[24.1248081,45.7729982]]}},{"type":"Feature","properties":{"osm_id":1426911171,"name":"Strada Brazilor","highway":"residential","name_ro":null,"source":"openstreetmap"},"geometry":{"type":"LineString","coordinates":[[24.1268327,45.7749655],[24.1260772,45.7742439],[24.1256294,45.7738132]]}},{"type":"Feature","properties":{"osm_id":1426911172,"name":"Strada Brazilor","highway":"residential","name_ro":null,"source":"openstreetmap"},"geometry":{"type":"LineString","coordinates":[[24.1235693,45.7717603],[24.1226932,45.7709175],[24.1226353,45.770862]]}},{"type":"Feature","properties":{"osm_id":1426911173,"name":"Strada Islazului","highway":"residential","name_ro":null,"source":"openstreetmap"},"geometry":{"type":"LineString","coordinates":[[24.1226351,45.7760215],[24.1228612,45.775869],[24.1230961,45.7757053],[24.1231603,45.7755972],[24.1231249,45.775415],[24.1231967,45.7750178]]}},{"type":"Feature","properties":{"osm_id":1426911175,"name":"Strada Prejbei","highway":"residential","name_ro":null,"source":"openstreetmap"},"geometry":{"type":"LineString","coordinates":[[24.1247404,45.7711922],[24.1246683,45.7711207],[24.1237394,45.7701996],[24.1236855,45.7701462]]}},{"type":"Feature","properties":{"osm_id":1427061939,"name":"Strada Avrig","highway":"primary","name_ro":"Strada Avrig","source":"openstreetmap"},"geometry":{"type":"LineString","coordinates":[[24.1380869,45.777984],[24.1383364,45.7779111],[24.1383896,45.7778934]]}},{"type":"Feature","properties":{"osm_id":1427273940,"name":"Calea Poplăcii","highway":"secondary","name_ro":null,"source":"openstreetmap"},"geometry":{"type":"LineString","coordinates":[[24.1274065,45.7720977],[24.1276888,45.7723802],[24.1277377,45.7724293],[24.1277986,45.7724905]]}},{"type":"Feature","properties":{"osm_id":1442785802,"name":"Strada Frezorilor","highway":"residential","name_ro":null,"source":"openstreetmap"},"geometry":{"type":"LineString","coordinates":[[24.1752565,45.8033609],[24.1751768,45.8034014]]}},{"type":"Feature","properties":{"osm_id":1442785803,"name":"Strada Frezorilor","highway":"residential","name_ro":null,"source":"openstreetmap"},"geometry":{"type":"LineString","coordinates":[[24.1751768,45.8034014],[24.1751685,45.8034055],[24.1751386,45.8034211]]}},{"type":"Feature","properties":{"osm_id":1442839376,"name":"Strada Veteranilor","highway":"residential","name_ro":null,"source":"openstreetmap"},"geometry":{"type":"LineString","coordinates":[[24.1436818,45.7609234],[24.1437355,45.7609384],[24.1438501,45.7609248],[24.1438917,45.7609272],[24.1439111,45.760935],[24.1439267,45.7609413]]}},{"type":"Feature","properties":{"osm_id":1443089113,"name":"Centura Sibiului","highway":"motorway","name_ro":null,"source":"openstreetmap"},"geometry":{"type":"LineString","coordinates":[[24.2053641,45.770487],[24.2053298,45.7705908]]}},{"type":"Feature","properties":{"osm_id":1443089114,"name":"Centura Sibiului","highway":"motorway","name_ro":null,"source":"openstreetmap"},"geometry":{"type":"LineString","coordinates":[[24.2053298,45.7705908],[24.2050938,45.771305],[24.2049501,45.7717264],[24.2043009,45.7737315],[24.2026845,45.7785812],[24.201722,45.7815308],[24.2008303,45.7841925],[24.2004488,45.7853686]]}},{"type":"Feature","properties":{"osm_id":1443089115,"name":"Centura Sibiului","highway":"motorway","name_ro":null,"source":"openstreetmap"},"geometry":{"type":"LineString","coordinates":[[24.2052047,45.7705084],[24.20524,45.7704015]]}},{"type":"Feature","properties":{"osm_id":1443089116,"name":"Centura Sibiului","highway":"motorway","name_ro":null,"source":"openstreetmap"},"geometry":{"type":"LineString","coordinates":[[24.2002976,45.7853604],[24.2006775,45.7841819],[24.2015758,45.781509],[24.2025382,45.7785682],[24.2041529,45.7737218],[24.2047981,45.7717234],[24.2049501,45.7712791],[24.2052047,45.7705084]]}},{"type":"Feature","properties":{"osm_id":1443089117,"name":"Centura Sibiului","highway":"motorway","name_ro":null,"source":"openstreetmap"},"geometry":{"type":"LineString","coordinates":[[24.1991827,45.7891284],[24.199147,45.7892292]]}},{"type":"Feature","properties":{"osm_id":1443089118,"name":"Centura Sibiului","highway":"motorway","name_ro":null,"source":"openstreetmap"},"geometry":{"type":"LineString","coordinates":[[24.199147,45.7892292],[24.1990623,45.7894682],[24.1989132,45.7898534],[24.1986886,45.7903796],[24.1983869,45.7910101]]}},{"type":"Feature","properties":{"osm_id":1443089119,"name":"Centura Sibiului","highway":"motorway","name_ro":null,"source":"openstreetmap"},"geometry":{"type":"LineString","coordinates":[[24.199001,45.7892093],[24.1990368,45.7891065]]}},{"type":"Feature","properties":{"osm_id":1443089120,"name":"Centura Sibiului","highway":"motorway","name_ro":null,"source":"openstreetmap"},"geometry":{"type":"LineString","coordinates":[[24.1990368,45.7891065],[24.1991054,45.7889096],[24.1997729,45.7869258],[24.2002976,45.7853604]]}},{"type":"Feature","properties":{"osm_id":1443971188,"name":"Șoseaua Alba Iulia","highway":"primary","name_ro":null,"source":"openstreetmap"},"geometry":{"type":"LineString","coordinates":[[24.1327749,45.7929761],[24.1333914,45.7929343]]}},{"type":"Feature","properties":{"osm_id":1445427086,"name":"Strada Rusciorului","highway":"primary","name_ro":null,"source":"openstreetmap"},"geometry":{"type":"LineString","coordinates":[[24.1471197,45.8093778],[24.1472043,45.8093769],[24.147279,45.8093705],[24.1473321,45.8093587],[24.1474303,45.8093282],[24.1479423,45.8091701]]}},{"type":"Feature","properties":{"osm_id":1446319473,"name":"Strada Cuptorului","highway":"residential","name_ro":null,"source":"openstreetmap"},"geometry":{"type":"LineString","coordinates":[[24.1320153,45.813807],[24.1321379,45.8137616],[24.1337345,45.8131503],[24.1341184,45.8129996],[24.1349348,45.812704]]}},{"type":"Feature","properties":{"osm_id":1447757305,"name":"Strada Doctor Ștefan Stâncă","highway":"residential","name_ro":null,"source":"openstreetmap"},"geometry":{"type":"LineString","coordinates":[[24.1479016,45.7894048],[24.1474075,45.7891017],[24.1473411,45.7890615]]}},{"type":"Feature","properties":{"osm_id":1473744470,"name":"Strada Rusciorului","highway":"residential","name_ro":null,"source":"openstreetmap"},"geometry":{"type":"LineString","coordinates":[[24.1455636,45.8088847],[24.1460396,45.808737]]}},{"type":"Feature","properties":{"osm_id":1474006264,"name":"Aleea Taberei","highway":"residential","name_ro":null,"source":"openstreetmap"},"geometry":{"type":"LineString","coordinates":[[24.156757,45.7772352],[24.156926,45.7770864],[24.1570264,45.7770158]]}},{"type":"Feature","properties":{"osm_id":1486189465,"name":"Strada Ioan Albabei","highway":"residential","name_ro":null,"source":"openstreetmap"},"geometry":{"type":"LineString","coordinates":[[24.1288194,45.7819742],[24.1294932,45.7815011]]}},{"type":"Feature","properties":{"osm_id":1486189467,"name":"Strada Profesor Ioan Moga","highway":"residential","name_ro":null,"source":"openstreetmap"},"geometry":{"type":"LineString","coordinates":[[24.1306614,45.782278],[24.1310404,45.7825514],[24.1315012,45.7828922]]}},{"type":"Feature","properties":{"osm_id":1489414497,"name":"Strada Oltețului","highway":"residential","name_ro":null,"source":"openstreetmap"},"geometry":{"type":"LineString","coordinates":[[24.1744452,45.8112908],[24.1745228,45.8112261]]}},{"type":"Feature","properties":{"osm_id":1489414498,"name":"Strada Oltețului","highway":"residential","name_ro":null,"source":"openstreetmap"},"geometry":{"type":"LineString","coordinates":[[24.1744136,45.8113172],[24.1744452,45.8112908]]}},{"type":"Feature","properties":{"osm_id":1489414501,"name":"Strada Maior Niță Octavian","highway":"residential","name_ro":null,"source":"openstreetmap"},"geometry":{"type":"LineString","coordinates":[[24.1784476,45.8137958],[24.1784377,45.8138083]]}},{"type":"Feature","properties":{"osm_id":1489414502,"name":"Strada Maior Niță Octavian","highway":"residential","name_ro":null,"source":"openstreetmap"},"geometry":{"type":"LineString","coordinates":[[24.1785047,45.8137239],[24.1784476,45.8137958]]}},{"type":"Feature","properties":{"osm_id":1498041064,"name":"Calea Șurii Mari","highway":"primary","name_ro":null,"source":"openstreetmap"},"geometry":{"type":"LineString","coordinates":[[24.1497476,45.8179988],[24.1497588,45.817912],[24.1497692,45.8178294],[24.1497718,45.8177593],[24.1497944,45.8176124]]}},{"type":"Feature","properties":{"osm_id":1498041065,"name":"Calea Șurii Mari","highway":"primary","name_ro":null,"source":"openstreetmap"},"geometry":{"type":"LineString","coordinates":[[24.1497944,45.8176124],[24.1498538,45.8176532],[24.1499116,45.8177214],[24.1499584,45.8178315],[24.149978,45.8179349],[24.1499821,45.81806]]}},{"type":"Feature","properties":{"osm_id":1498041066,"name":"Calea Șurii Mari","highway":"primary","name_ro":null,"source":"openstreetmap"},"geometry":{"type":"LineString","coordinates":[[24.150011,45.81815],[24.1500745,45.8182862],[24.1501044,45.8183415],[24.150134,45.818446],[24.1501244,45.8185681]]}},{"type":"Feature","properties":{"osm_id":1498041067,"name":"Calea Șurii Mari","highway":"primary","name_ro":null,"source":"openstreetmap"},"geometry":{"type":"LineString","coordinates":[[24.1501244,45.8185681],[24.1500138,45.8184728],[24.1499661,45.8184162],[24.149929,45.8183719],[24.1498365,45.8182751]]}},{"type":"Feature","properties":{"osm_id":1499548660,"name":"Strada Suru","highway":"residential","name_ro":null,"source":"openstreetmap"},"geometry":{"type":"LineString","coordinates":[[24.1695876,45.7906258],[24.1695114,45.7896942]]}}]}